video_id,titulo,bloco,menciona_valor,views,topico_bertopic
taCU_pUMFPo,SKINCARE para HOMENS | Dicas de CUIDADOS COM A PELE RÁPIDO e EFICAZ,autocuidado/estetica,False,433748.0,1
tDFgt2ahKdw,6 CUIDADOS PESSOAIS com o ROSTO que todo HOMEM DEVERIA TER | glow up masculino 2026,autocuidado/estetica,False,7687.0,-1
4aLgVCtvglM,Skincare Masculino – Rotina de Cuidados com a Pele para Homens – Dr. Paulo Müller Dermatologista.,autocuidado/estetica,False,27756.0,-1
3Ho4ozkJ7rs,Homens: Como Rejuvenescer e Renovar a Pele Após os 30 Anos | 4 Passos Essenciais,autocuidado/estetica,False,29265.0,-1
seD7Pmxv0X4,DERMATOLOGISTA ENSINA O MELHOR SKIN-CARE | Lutz Podcast,autocuidado/estetica,False,210471.0,1
5bZqG2IBjz4,NÃO COMPRE seus produtos de skincare ANTES de ver esse vídeo,autocuidado/estetica,False,279125.0,1
aTOaaUbpYUg,4 dicas para ter uma PELE mais BONITA sendo HOMEM,autocuidado/estetica,False,172472.0,-1
YPk-BxLptrY,SKINCARE Como Cuidar da PELE MASCULINA: Passo a Passo,autocuidado/estetica,False,59204.0,-1
tKUBz0fUUgk,Testei o ácido raro que remove todos CRAVOS na hora 😵,autocuidado/estetica,False,7785409.0,-1
xPRF7tx8rE4,Creme no rosto não adianta! | Dr Dayan Siebra #cuidadodapele #pele #saude,autocuidado/estetica,False,156551.0,0
q40agCwCsdk,Pele Oleosa: Skincare da Manhã e da Noite (Passo a Passo),autocuidado/estetica,False,40158.0,-1
oX5PcYtf0mI,CUIDADOS PESSOAIS que TODO HOMEM DEVE TER! | SKINCARE PARA HOMENS |,autocuidado/estetica,False,17631.0,1
QNyhLek433A,5 Coisas que todo Homem PRECISA Saber pra ter uma Pele Perfeita,autocuidado/estetica,False,43262.0,1
1FC2tCdBM4w,Rotina Skin Care Masculina 🔥,autocuidado/estetica,False,44773.0,-1
b1LY_NpMa24,Como Ter um Glow Up Masculino em 7 Dias (passo a passo simples),autocuidado/estetica,False,270453.0,1
IR2F-N7heF0,como MONTAR uma ROTINA de SKINCARE MASCULINA | CORTES do MHM,autocuidado/estetica,False,7035.0,-1
4mXKuDCJYcg,SKINCARE MASCULINO: COMO ESFOLIAR O ROSTO #Shorts,autocuidado/estetica,False,95969.0,-1
l6ooFtIvUEA,Skincare barato: 4 produtos para montar sua rotina,autocuidado/estetica,False,502340.0,1
vSyoKFaCYL8,Básico para skincare masculina 😉,autocuidado/estetica,False,207274.0,-1
TnU8Mz9DsGQ,Você Pode Estar Comprando 5 Produtos Quando Só 1 Faz Diferença,autocuidado/estetica,False,29099.0,1
CWfIwbBa9DE,Skincare Masculina de 3 Minutos - Dicas Exclusivas que Você não Conhecia,autocuidado/estetica,False,2384.0,1
vcCQ0A3K4GA,GUIA COMPLETO de SKINCARE para HOMENS | Produtos para skincare masculino,autocuidado/estetica,False,28702.0,1
uacOqjWAq0o,Como Ficar MAIS CHEIROSO gastando POUCO!!! #shorts,autocuidado/estetica,False,1264732.0,-1
sOpWihXQKsc,Você compra o Nivea Men pelo motivo errado,autocuidado/estetica,False,50537.0,0
GvfcSrh11Sk,Top 5 Hidratantes Masculino #niveamen #skincare #skincaremasculino,autocuidado/estetica,True,21024.0,1
cGmxcb94QWc,PELE MASCULINA: 5 coisas que HOMENS NÂO SABEM | GLOW UP MASCULINO,autocuidado/estetica,False,38352.0,-1
en-yPv6BpFY,Produtos pra ACABAR com suas ESPINHAS!!! - ACNE,autocuidado/estetica,False,1340031.0,-1
6wFRfHdeSMo,HOMENS FAZENDO SKINCARE,autocuidado/estetica,False,505030.0,-1
DH8otxXkeho,Segue o Toledox que o Glow Up é garantido ✅ #looksmaxxing #skincare #glowup #autoestima,autocuidado/estetica,False,317979.0,-1
lZEBOBJhx5M,GUIA de SKINCARE para HOMENS #SHORTS,autocuidado/estetica,False,233021.0,1
PhbTOtdPMgA,GLOW UP MASCULINO 2026 | 9 dicas de beleza masculina,autocuidado/estetica,False,61767.0,-1
7ghQgFeai-c,3 PASSOS para TODO HOMEM ter UMA PELE PERFEITA | Faça Isso e Tenha Um Rosto Perfeito,autocuidado/estetica,False,164972.0,1
RIUXE5mqHJY,4 DICAS DE CUIDADOS PARA PELE NEGRA! #SHORTS,autocuidado/estetica,False,47640.0,-1
A4JqygxhHJE,Rotina de skincare masculino - 4 passos simples. #autocuidado #skincare #dailyvlog #rotinadodia,autocuidado/estetica,False,4886.0,1
gEm4mkNLj6o,cuidados com as pele dos homens #skincare,autocuidado/estetica,False,15731.0,1
340mWQmk8xM,Como cuidar da pele do rosto e deixá-lo mais bonito e definido.,autocuidado/estetica,False,10962.0,1
0p3TkVmuH-U,Harmonização Facial masculina,autocuidado/estetica,False,308117.0,-1
W5B5w9l7JcA,NIVEA Q10 ANTISSINAIS EXPERT Creme Preenchedor Facial Rugas e Linhas Novidade de Farmácia Resenha,autocuidado/estetica,False,170526.0,1
yw3wPd5zBRs,Dica de produtinho pra poros dilatados!,autocuidado/estetica,False,1045249.0,-1
UeRMYZWvpZU,5 Benefícios de Passar Gelo No Rosto - Skincare aos 30 #shorts,autocuidado/estetica,False,2615319.0,-1
YnVkEF3VQVc,Minha rotina noturna de cuidados com a pele,autocuidado/estetica,False,779811.0,1
6aon7AMOPyQ,Nivea men - dermatologista explica,autocuidado/estetica,False,149564.0,-1
PgfrjtXAYyo,Neutrogena Hydroboost - Vale a Pena OU Lorota Plena?,autocuidado/estetica,False,121026.0,-1
Z0R57wapAkA,Qual serum da principia é ideal para seu tipo de pele?,autocuidado/estetica,False,286686.0,1
9sxtFPtUtws,Actine para pele oleosa: o detalhe que muita gente esquece,autocuidado/estetica,False,196134.0,1
LzcsEM0bPS8,4 PASSOS PARA UMA PELE PERFEITA | ROSTO MASCULINO #shorts,autocuidado/estetica,False,2222581.0,-1
2XodYZMwJnU,Como fazer skincare para homens. (Rotina simplificada),autocuidado/estetica,False,295186.0,-1
Az9nVSfLH7Q,Gel de limpeza Cerave - dermatologista explica,autocuidado/estetica,False,101368.0,1
kEiCALZSf3c,SUGESTÃO DE ROTINA DE SKINCARE MASCULINO PARA UM ROSTO BONITO,autocuidado/estetica,False,242549.0,-1
X8jVQwP4iY4,Cuidados com o rosto masculino,autocuidado/estetica,False,131899.0,2
mZV2bQ_LCLg,Como cuidar da pele (Rotina de skin care para homens ),autocuidado/estetica,False,2394.0,1
4b--9TLRGZA,TOP 3 Melhores Hidratante Facial Masculino Para Comprar Sem Medo,autocuidado/estetica,True,2980.0,1
Z7HZaY3o9W0,🎧 [ASMR] SKINCARE FACIAL MASCULINO,autocuidado/estetica,False,5822.0,1
DcGBr5syW24,Rotina skincare para espinhas - dermatologista explica,autocuidado/estetica,False,37833.0,1
leJN_NrAJLE,"Rotina de Skincare Eficaz para Adolescentes com Acne, Manchas e Oleosidade | Dra. Greice Moraes",autocuidado/estetica,False,37519.0,1
LHcRC_J3hik,ROTINA COMPLETA para PELE OLEOSA e POROS DILATADOS (com produtos baratinhos!) PRINCIPIA,autocuidado/estetica,False,32709.0,1
T2ebtrB3m6w,Dicas de GLOW UP que vão melhorar sua APARÊNCIA em 80% (em 30 dias),autocuidado/estetica,False,38103.0,1
0MUJc-hIebc,ROTINA DE SKINCARE NOITE,autocuidado/estetica,False,79226.0,0
nuHNPrPL7LI,Como começar a fazer skincare,autocuidado/estetica,False,622742.0,-1
S1bEmw6a_Lw,skincare masculino #skincare #autocuidado #theweeknd,autocuidado/estetica,False,10062.0,1
iTwRtCbrXYw,Como ter um FICAR MAIS BONITO sem GASTAR!!! (GLOW UP) - #shorts,autocuidado/estetica,False,3130694.0,1
mPzvdSLQs48,Venha fazer a sua rotina de skincare com produtos básicos e baratos #skincare #dicasdebeleza,autocuidado/estetica,False,701333.0,1
Ex88VQZjQAM,SABONETE DE ROSTO: Como escolher o SABONETE ideal para o seu TIPO DE PELE?,autocuidado/estetica,False,127897.0,-1
gAE9_rIexyo,Poros dilatados e Skincare,autocuidado/estetica,False,163188.0,0
xKeoDRNhV1Y,Uma rotina de R$100 pode fazer quase tudo. Então o caro melhora o quê?,autocuidado/estetica,True,223399.0,1
W04qR5BfyVM,Os 5 Hidratantes Faciais Masculinos que Eu Uso e Recomendo!,autocuidado/estetica,True,8158.0,1
s_L2rEetU1A,Como acabar com espinhas e cravos - skincare masculino simplificado,autocuidado/estetica,False,1507023.0,-1
ZGkC99kVS-Y,7 Produtos de CUIDADOS PESSOAIS Indispensáveis pro Homem | GLOW UP MASCULINO,autocuidado/estetica,False,278338.0,2
NAsdllNa_m8,Rotina de skincare para todos os tipos de pele com @Principia e super acessível também!Cupom: JARDEL,autocuidado/estetica,False,64509.0,1
z5CHkn2JuK8,SKINCARE MASCULINO SIMPLES E EFICAZ,autocuidado/estetica,False,22.0,1
NdG1T0zHOLc,Produtos essenciais de higiene masculina!,autocuidado/estetica,False,3066305.0,2
N0ekxueU4G0,receita de máscara de arroz clareadora #mascaradearroz #skincare #clareamentodapele,autocuidado/estetica,False,1502416.0,1
nMXIOP1_rgQ,ROTINA de CUIDADOS MASCULINOS para o DIA A DIA | glow up masculino 2024,autocuidado/estetica,False,156752.0,2
r2ezrgbOeZU,Hidratante barato para pele sensível,autocuidado/estetica,False,760654.0,1
U16EDXpjk4w,7 maneiras de ter um GLOW UP em apenas 7 dias,autocuidado/estetica,False,87230.0,1
8P6_bMTPkxA,máscara facial com creme Nívea #dicasdebeleza #cuidadoscomapele #pelesaudavel #skincare #facemask,autocuidado/estetica,False,1824147.0,1
fyfiFhqhA0U,O Erro do Creme Masculino: Por Que Sua Pele Está Ficando Mais Oleosa,autocuidado/estetica,False,18792.0,-1
esj7Kjj3yZo,levanta dai e vai se cuidar #looksmaxxing #glowup #viralvideo #skincare #pele,autocuidado/estetica,False,13403.0,-1
YIa-4Pv5QI4,"Homens, Vocês Cuidam da Pele? Rotina de Skincare Masculino",autocuidado/estetica,False,655.0,1
iGjZyfdRAtA,Filtros Solares para PELE OLEOSA! #skincare #peleoleosa #filtrosolar,autocuidado/estetica,False,27768.0,1
mIeWsHrKBmE,Autocuidado Masculino #MenEssence,autocuidado/estetica,False,22660.0,2
sv9BkbH65UA,Review: Kit Skincare Masculino - Essential Care Fmen,autocuidado/estetica,False,29.0,1
VsjjRzorn58,Olheiras? isso é coisa do passado! #serum #olheiras #skincare #beleza #belezamasculina #ugcbrasil,autocuidado/estetica,False,5520.0,-1
pn-MyWfPrOE,O passo Que Faltava na Sua Rotina de Skincare! 😱😉 Avon Renew Sabonete #rotinaskincare #renewavon,autocuidado/estetica,False,1454.0,-1
2zQeMu956Nk,Skin care masculina,autocuidado/estetica,False,12861.0,-1
ac2qAj4tCUI,Téchne Men's Skincare - Homens que se cuidam são mais atraentes.,autocuidado/estetica,False,4989.0,-1
eYMCX-YPn0I,Como é feita uma limpeza de pele profissional?,autocuidado/estetica,False,1320513.0,1
DH7blnOzQGM,Qual Creme Nivea vale mais a pena? #skincare #niveacreme #nivea,autocuidado/estetica,True,3531.0,-1
XsNcS3EMrJM,Use Esse Creme no Frio #nivea #skincare #cuidadoscomapele,autocuidado/estetica,True,1312.0,-1
eI3SuCOK2Cs,COMO CONSEGUIR PELE DE VIDRO SENDO HOMEM | GLOW UP MASCULINO | DICAS DE BELEZA NATURAL,autocuidado/estetica,False,11539.0,-1
lmcmGxJkYsg,💉 BOTOX MASCULINO O QUE VOCÊ PRECISA SABER! @Drapatriciagallii #skincare #dicas #acne #beleza #pele,autocuidado/estetica,False,60544.0,-1
Qjurot1CMxM,forma correta de lavar o rosto #dicasdebeleza #cuidadoscomapele #pelesaudavel #skincare #lavarorosto,autocuidado/estetica,False,792500.0,-1
Lqpj691uaIc,SKINCARE NOTURNA PARA PÚBLICO MASCULINO!,autocuidado/estetica,False,40.0,-1
vbRLVYPABc0,Como Ter Pele de Vidro sendo um Homem Negro (Gastando Pouco),autocuidado/estetica,False,14778.0,-1
FCNB15R8urE,Cuidados com a PELE MASCULINA | Guia de Skincare para Homens,autocuidado/estetica,False,83545.0,1
2AgkAxNjc-U,SKINCARE MASCULINO,autocuidado/estetica,False,158.0,-1
VUYy3mjGE28,Skincare masculina | Noorskin,autocuidado/estetica,False,87656.0,-1
8-KJ0HH-cy4,como reduzir olheiras #dicasdebeleza #cuidadoscomapele #pelesaudavel #olheiras #skincare,autocuidado/estetica,False,527202.0,-1
QRSPUUH0aqI,OS 3 Melhores Esfoliantes Faciais Que eu Testei e Recomendo,autocuidado/estetica,False,2516.0,1
O4_fdX-6UXQ,TE DEIXANDO MUITO MAIS BONITO EM 30 DIAS! (na prática),autocuidado/estetica,False,106746.0,1
woSLB-HlQSk,4 Passos Simples Para Ter Uma Pele Perfeita ( Skin Care Masculina),autocuidado/estetica,False,45996.0,1
s87fUJsfRt8,KIT ROTINA COMPLETA DE SKINCARE MASCULINO VIRO,autocuidado/estetica,False,146.0,1
8SO8jFYHcUU,Skin Care com apenas 3 produtos 🧖🏻,autocuidado/estetica,False,60869.0,1
w8fiOwZ-WTU,ASMR - Dicas para um SKINCARE MASCULINO,autocuidado/estetica,False,21620.0,-1
A27uWwHOFgk,Beleza da pele negra. Alguns cuidados🚨 #belezapelepreta #cuidadospelenegra #belezanegra,autocuidado/estetica,False,22103.0,-1
ijLWRXYckZo,Como Ser Bonito?,autocuidado/estetica,False,16188096.0,1
ItAbL9m6U_U,Por que os coreanos tem a pele tão boa?? #jngExplica Skin Care! #skincare #kbeauty,autocuidado/estetica,False,1600657.0,1
hRr_pLQ_b5Q,6 Produtos da NIVEA Que Você PRECISA Ter! 🧴#Nivea #Skincare #NiveaMen #Hidratante #protetorsolar,autocuidado/estetica,False,34012.0,1
BB3saMCL2zM,Homens e Skincare: Quebrando Tabus e Desvendando o Mercado!,autocuidado/estetica,False,608.0,2
xC2gkxz6GK0,Evolução 3 meses de minoxidil Kirkland...,autocuidado/estetica,False,6999382.0,1
AY_J8ovWlAQ,Rotina Completa de Skincare para Pele Mista/Oleosa com Tendência a Acne | Produtos PRINCIPIA!!,autocuidado/estetica,False,175620.0,1
cvJWWqR8Dlg,APRENDA A CUIDAR DE SUA PELE | ROTINA SKINCARE COMPLETA | SUGESTÃO SKIN CARE para GAROTOS,autocuidado/estetica,False,85087.0,1
p35Mac5cReI,VOCÊ SABE QUAL É O SEU TIPO DE PELE? #modamasculina #skincare,autocuidado/estetica,False,8103.0,1
jK9SmKhA2dc,Como ter uma Pele Bonita e Saudável (Skincare Masculino),autocuidado/estetica,False,3006.0,-1
4tv2iC6y_Gw,A evolução do skincare na vida do homem😂🤣 #humor #namorada #skincare,autocuidado/estetica,False,3542.0,-1
abLs6FNyVwQ,Skincare Masculino: como ter uma prática de cuidados com a pele?,autocuidado/estetica,False,16.0,-1
jgSY1tMUw34,O melhor produto para reduzir as rugas do rosto #shorts #skincare #beleza #rugas #retinol,autocuidado/estetica,False,8728.0,1
LxcHnt6C70k,Pseudofoliculite como tratar #skincare #skintips #sunbbeauty #foliculite #pseudofoliculite #skin,autocuidado/estetica,False,10311.0,1
NzZ6uhFDZSE,Gel de Limpeza GL-01 da Principia,autocuidado/estetica,False,54401.0,1
ePmwrWyvRVk,"Dermato, domine o SkinCare masculino",autocuidado/estetica,False,32.0,-1
kAxvXu92k4g,Rosto quadrado com exercícios #mewing #skincare,autocuidado/estetica,False,1209875.0,-1
eWlCqXhnjnw,skincare masculino. #short #selfcare #skincare,autocuidado/estetica,False,11677.0,1
HE9-hFej4dg,Produtos Básicos de Skincare Que Todo Homem Deveria Usar em 2025,autocuidado/estetica,False,262.0,1
YVX3zjkzg2Y,Skincare coreano: o que vale e o que não vale o hype,autocuidado/estetica,False,42270.0,-1
WjEGwNzhVEg,PROTETOR SOLAR PRINCIPIA Resenha Rápida #niacinamida #skincare #protetorsolar,autocuidado/estetica,False,67745.0,-1
D5h9tG1vvnk,Desafie o tempo: O truque dos homens que parecem nunca envelhecer. #skincaremasculino #skincare,autocuidado/estetica,False,671.0,-1
JYCAljmg9pI,Resenha rápido de todos os seruns da principia #principia,autocuidado/estetica,False,362060.0,-1
2sbg8_dOjeU,"Se Eu Tivesse Que Começar do ZERO, Faria Isso!",autocuidado/estetica,False,411342.0,1
X7cCyrO9Ldc,Como fazer uma limpeza de pele masculino #barber #barbearia,autocuidado/estetica,False,73423.0,1
rBJd8DbN5Z4,Cuidados básicos que todo homem deve ter! 🔥,autocuidado/estetica,False,493819.0,2
IxpewWjgcSQ,COMO USAR POMADA EM PÓ! #SHORTS,autocuidado/estetica,False,94554.0,2
SJCbfgsQLYQ,"SKINCARE EM HOMENS (CUIDADO MASCULINO, BELEZA MASCULINA, SKINCARE EM HOMENS)",autocuidado/estetica,False,36.0,-1
brC2NRsVJgc,glow up masculino: do perfume ao shape ✨ (manual 2025),autocuidado/estetica,False,134566.0,-1
ODgLoOkjMko,ROTINA DE SKINCARE - SKINCARE PARA HOMENS,autocuidado/estetica,False,240945.0,1
bdGMWbXrT74,Skincare Masculino Funciona? Testamos o Kit Cuida da ManClub,autocuidado/estetica,False,1652.0,-1
DrpQtNsDfvU,Dicas que não podem ficar em segredo 🤫✨ #autocuidado #skincare #cuidadocomcabelo #beleza,autocuidado/estetica,False,1951281.0,2
XRLpFDwDbA4,Skincare de pobre pra vocês #skincare #fyp #foryou #pele,autocuidado/estetica,False,36082.0,1
e4y4P7jTOgE,SKINCARE DE MANHA,autocuidado/estetica,False,8915.0,0
STEWKIOf0nc,CREME DEPILATÓRIO VEET OS PELOS 😱,autocuidado/estetica,False,341578.0,0
reNSQZJRZBI,A Revolução do Skincare Masculino: Produtos e Dicas,autocuidado/estetica,False,468.0,-1
B7-A5RprLS0,Como ter um glowup Masculino #glowup #skincare #desenvolvimentopessoal #beleza #redpill,autocuidado/estetica,False,1587.0,-1
eQXUUej8ATA,LANÇAMENTO - SKINCARE MASCULINO: ATOMY HOMME SABONETE FACIAL MULTI-AÇÃO,autocuidado/estetica,False,3031.0,-1
SxPwXDXSiEY,Rotina de skincare masculina noturna 🤩,autocuidado/estetica,False,17926.0,-1
7l1Z00AEQLI,Se você tem cicatriz de acne #cuidadoscomapele #pelesaudavel #dicasdebeleza #acne #skincare,autocuidado/estetica,False,211474.0,1
eGcSP9IXIaY,Como CONSERTAR A PELE em 4 DIAS - Skin care masculina🔥,autocuidado/estetica,False,16303.0,-1
Bzqdkt3TNv4,SABONETES FACIAIS PARA CADA TIPO DE PELE,autocuidado/estetica,False,358411.0,-1
vrQ-jK_dkrA,Rotina skincare para homens #pele #pelesaudavel #skincare #skincareroutine #pelelinda,autocuidado/estetica,False,96968.0,1
E9T_Thpjbf8,Rotina Avançada de Skincare Masculino,autocuidado/estetica,False,213.0,-1
wt8CNCVYdgw,Skincare masculino em 4 passos com @riquefernandess,autocuidado/estetica,False,77.0,-1
QoQSVx3FLi4,SKINCARE MASCULINA,autocuidado/estetica,False,140.0,-1
nmZo04KBGtQ,Sérum Revitalizante e Sabonete Facial Téchne Men's Skincare. #skincaremasculino #skincareroutine,autocuidado/estetica,False,3739.0,-1
Trd2L2pWc7c,Produtos para pele Oleosa,autocuidado/estetica,False,345750.0,1
qag11sO5xdA,Mais 3 dicas de #skincare! #shorts,autocuidado/estetica,False,2414.0,2
bZZv_RNo0nY,Hidratação pra pele masculina! 👨 🧼. #skincare #hidratação #limpeza #pele #foryou #shorts,autocuidado/estetica,False,596.0,-1
pNfvbqHCmEw,Rotina de skincare masculino #principia #skincare #modamasculina #blogueirinho,autocuidado/estetica,False,1090.0,-1
Tn8PrEDBcrM,Dicas de Skincare Masculino,autocuidado/estetica,False,141.0,1
kntEf_FGD4g,Rotina de Skincare Masculina,autocuidado/estetica,False,17073.0,-1
LGl-3GoSA1M,Rotina anti-acne Principia,autocuidado/estetica,False,15345768.0,1
5Qn-v6xb6Lo,Ordem certa dos produtos skincare.#skincare #cuidadoscomapele#beleza #pele,autocuidado/estetica,False,355301.0,1
gHH-Bljx3KQ,A melhor rotina de skincare para pele oleosa custo benefício somente com Principia.,autocuidado/estetica,False,57170.0,1
RsGjhyWGbiI,A melhor Rotina de Skincare Masculina.,autocuidado/estetica,False,10047.0,-1
NJIhVj1x-k4,DESCUBRA quais são os PRINCIPAIS PRODUTOS para o SKINCARE,autocuidado/estetica,False,123762.0,1
51MExBHCSP0,SKINCARE PARA PELE COM ROSÁCEA | ROTINA DE CUIDADOS para pele SENSÍVEL E ROSÁCEA,autocuidado/estetica,False,102739.0,-1
1chqi-nkUuw,Rosto com PELE SECA aprenda o que fazer! | Dicas de skincare,autocuidado/estetica,False,54789.0,0
im5G2E9TaIU,Rotina skincare matinal - dermatologista explica,autocuidado/estetica,False,52147.0,1
qezZ5fuY3gM,Melasma: por que usar dois protetores solares?,autocuidado/estetica,False,342682.0,-1
OGDJ-2fyNcE,SKINCARE para PELE MISTA I Dicas para uma pele mais bonita,autocuidado/estetica,False,59089.0,1
C_Nh03AZmxE,Ordem correta de skin care noturno,autocuidado/estetica,False,217996.0,1
aAFReXo3aQY,PELE OLEOSA SKINCARE: 5 Passos para CONTROLAR BRILHO DA PELE e a OLEOSIDADE do rosto,autocuidado/estetica,False,253668.0,1
aQcUQX1g9_k,TENTANDO TER A PELE PERFEITA SÓ COM SKIN CARE - SEMANA 2,autocuidado/estetica,False,7655986.0,1
LR-prFwPEZk,Como usar o Retinal da Creamy Skincare na sua rotina de skincare.,autocuidado/estetica,False,47312.0,-1
xCV164nRN84,"Como usar Acido Azelaico? Reduz acne, manchas na pele e rosácea! #azelaico",autocuidado/estetica,False,379438.0,1
IbaoVk_9mqw,Um guia para o Skin Care masculino - Como acabar com as espinhas do rosto,autocuidado/estetica,False,51414.0,-1
X-2kZVRTfXQ,Como fazer skincare em casa (for: @sarinha382 ),autocuidado/estetica,False,1020605.0,-1
WmlIp-Tgx3k,Dicas inéditas para sua rotina noturna #skincare,autocuidado/estetica,False,19599.0,-1
CF3ArOaqFRg,Máscaras se skincare Caseira para fazer em casa #naoflopa,autocuidado/estetica,False,699596.0,1
gXLjzEk6NFk,Skincare masculino: rotina prática e eficaz com apenas 3 produtos,autocuidado/estetica,False,1355.0,1
IgrDEG7M-1s,Rotina de skincare noturno com @PrincipiaSkincare 🖤🤍✨ #shorts #skincareroutine,autocuidado/estetica,False,80582.0,1
GXu9I4smq-U,Skincare para rosacea - dermatologista explica,autocuidado/estetica,False,56501.0,1
26KX7KdoQuE,3 coisas que não podem faltar no SKINCARE PARA UMA PELE MAIS BONITA | #shorts,autocuidado/estetica,False,245665.0,1
sF8pDsGOaMk,Rotina Skincare Diurna para Peles Maduras | Produtos PRINCIPIA!!,autocuidado/estetica,False,91136.0,-1
cyQQwrUxsRk,Skincare masculina com Time Wise Mary Kay,autocuidado/estetica,False,1604.0,-1
PlAwXWs12D8,Melhores produtos para controlar a OLEOSIDADE DA PELE DO ROSTO,autocuidado/estetica,False,81720.0,1
YZ3eWk5tSek,Vamos cuidar da pele comigo? #skincare #beleza #cuidadoscomapele #cuidados #rotina,autocuidado/estetica,False,1340.0,1
kTeS47_NSq0,dermatologista simplifica rotina de pele noturna. #skincaremasculina #cuidadoscomapele #tretinoina,autocuidado/estetica,False,4093.0,1
6dS4bPM0W4g,Rotina noturna de skincare: quanto tempo leva? #skincare #rotinadecuidadoscomapele #beleza,autocuidado/estetica,False,184070.0,1
JLQD2-YchQY,Skincare masculina sem frescura | criando uma rotina de Autocuidado,autocuidado/estetica,False,3149.0,1
0uHmxK4nMWQ,COMO TER a PELE PERFEITA | ROSTO BONITO! #shorts,autocuidado/estetica,False,697219.0,-1
zwsbVvKVgrw,"Maquiagem masculina, você usaria? 🤔",autocuidado/estetica,False,190588.0,-1
XFAifDISLS8,Confira Dicas De Skincare E Cuidados Com A Pele Masculina,autocuidado/estetica,False,1022.0,-1
hUlalbDNkuc,PELE NEGRA | Quais TRATAMENTOS DEVEM SER EVITADOS,autocuidado/estetica,False,52091.0,-1
6o_Eukm7CLU,"Skincare fácil, simples e que funciona",autocuidado/estetica,False,501419.0,0
Rb6_mzaPn4I,O que fazer na adolescência para ter uma PELE BONITA QUANDO ADULTA,autocuidado/estetica,False,24939.0,1
BrSOIjRpzak,ESFOLIANTE FACIAL | Como e quando utilizar no SKIN CARE,autocuidado/estetica,False,90834.0,1
n5kBPT1rG6g,Como utilizar o retinol da @Principia#principiaskincare #principia #skincare #skinarmy #retinol,autocuidado/estetica,False,198629.0,-1
zoHn0Escu98,ROTINA ESSENCIAL DE SKINCARE PÓS-BARBA #shorts,autocuidado/estetica,False,357053.0,1
dvDdSDXiJpc,Forma correta de aplicar o Esfoliante ✨ #esfoliante #dicasdebeleza #autocuidado #dicas,autocuidado/estetica,False,457851.0,-1
HTDgGyo3ujg,"Limpeza de Pele Masculina, Higiene do ROSTO, Skin Care Homens",autocuidado/estetica,True,16022.0,1
EUZ2osNZoLo,Fiz uma LIMPEZA DE PELE PROFISSIONAL!!! #shorts,autocuidado/estetica,False,224696.0,-1
0_WzItnp5Po,Skin care sem gastar 1 real 🤫 #looksmaxxing #glowup #skincare,autocuidado/estetica,False,93965.0,-1
dMrA53y9ObI,ROTINA skin Care adolescente ✨.#skincare #adolescentes #pele #autocuidado #shorts,autocuidado/estetica,False,4287.0,1
raZSJuZ-h3g,Ordem da rotina de skincare noturna com @Principia CUPOM: JARDEL,autocuidado/estetica,False,27788.0,1
rXsPWtcEGnE,Dermaplaning 😱#medicina #medico #enfermagem #dermatologia #estetica Limpeza de Pele em Casa,autocuidado/estetica,False,2986224.0,1
PiJYKL1Godc,Nivea da latinha azul: é melhor usar à noite?,autocuidado/estetica,False,1044417.0,-1
fh0Vey6YqjM,Melhor hidratante facial para peles oleosas,autocuidado/estetica,False,237688.0,1
iuHTCycrd6k,Penteado e Skincare masculina com Major 🔥,autocuidado/estetica,False,45092.0,-1
fXvrjKw-GyI,SKINCARE ROTINA COMPLETA | PASSO a PASSO para MENINOS | BELEZA MASCULINA | GLOW UP,autocuidado/estetica,False,4591.0,-1
vosU45ZPRIY,Chendy for Men - Rotina de skincare para homens,autocuidado/estetica,False,203.0,-1
c1WUNAoR7fE,Como ter a pele perfeita! #peleperfeita #pele #pelelinda #skincare #fyp #espinha #acne #pelebonita,autocuidado/estetica,False,259204.0,1
O6W6CMYrRWw,Dicas e produtos de Skincare para peles negras,autocuidado/estetica,False,14333.0,-1
kF7g3EKbvkQ,Como fazer skincare BÁSICA em uma pele masculina,autocuidado/estetica,False,16326.0,1
EVS2iCo1rHQ,Você tem melasma?,autocuidado/estetica,False,958779.0,-1
ddQRQGTqmpc,rotina de cuidados da manhã￼ #cabelocacheado #autocuidado #skincare #spaday #banhopremium #cacheada,autocuidado/estetica,False,2521210.0,1
Pouasiva814,Hidratante para rosácea - dermatologista explica,autocuidado/estetica,False,137561.0,1
j4jrPoaxw1I,6 PASSOS para MELHORAR a sua PELE em 7 DIAS,autocuidado/estetica,False,346109.0,1
_ObWy51ejmo,Como Cuidar da Pele em Casa: Rotina de Skincare - Dicas de Glow Up,autocuidado/estetica,False,3525.0,1
1mHH5oK9HIo,MELHOR ROTINA DE CUIDADO COM A PELE MASCULINA | SKINCARE PARA HOMENS | BELEZA MASCULINA GLOWUP,autocuidado/estetica,False,20301.0,1
i09F2pCU2_8,Massagem Facial. Funciona Muitoo #skincare #shorts,autocuidado/estetica,False,570549.0,-1
KnBBkQ76U0o,Evolução no skincare masculino: Os produtos que estão transformando homens por todo Brasil.,autocuidado/estetica,False,2334.0,-1
LvhCnE6kuT4,Dicas Para Pele Oleosa #peleoleosa #skincare #shots,autocuidado/estetica,True,287002.0,1
STYxlPnMMa8,5 Cremes Baratos Olheiras,autocuidado/estetica,False,456335.0,1
qSc_XWYmSwY,Descomplicando a rotina skincare masculina! #skincare #skincaremasculino #bebelle,autocuidado/estetica,False,131.0,-1
IqqxN1Yoes0,"O ácido salicílico é seu novo melhor amigo para tratar pele oleosa, poros, filamentos sebáceos",autocuidado/estetica,False,562749.0,-1
2LQh2JBRfsc,3 dicas para ROSÁCEA,autocuidado/estetica,False,235639.0,-1
eE9HEpyMe8Y,Depoimento Alessandro: Skincare Masculino com Lilioz Cosméticos,autocuidado/estetica,False,103.0,-1
LDgD5pcWM2o,CUIDADOS COM A PELE MASCULINA PRODUTOS E ROTINA NOTURNA | SKINCARE | ALEX CURSINO,autocuidado/estetica,False,21720.0,-1
ifgB2r-zs2g,"DICAS PARA GLOW UP MASCULINO | BELEZA MASCULINA | *skincare, glow up facial, exercícios",autocuidado/estetica,False,21161.0,-1
tyg3oriROeY,Erros de skincare que vc NÃO pode cometer,autocuidado/estetica,False,9621.0,0
-Skvq98YBBc,Rotina de Skincare para Pele Oleosa e com Acne: Passo a Passo e Produtos Recomendados!,autocuidado/estetica,False,22585.0,1
uAQ-ad8AXog,Poros dilatados? Use isso! #produtosdebeleza #produtosdepele #porosdilatados,autocuidado/estetica,False,580960.0,13
ys-PUtuUnsc,Rotina de SkinCare com a linha #phytoderm beaute #skincare #rotinaskincare,autocuidado/estetica,False,1723.0,1
IME5e1yjwNE,"Como ter a pele perfeita usando café, açúcar, e água!!",autocuidado/estetica,False,777685.0,1
o8Gh1nUcXuQ,como fazer✨ skincare ✨ com produtos caseiros #beautyland #glowup #shorts,autocuidado/estetica,False,1354441.0,1
v1_ErD3J0bg,ARRUME-SE COMIGO Roupas Skincare e Maquiagem Masculina,autocuidado/estetica,False,9888.0,-1
HAgKLxbDHcI,Quando aplicar o sérum na skincare? #serum,autocuidado/estetica,False,195016.0,1
x_0k7yxGz_E,ROTINA DE CUIDADOS COM A PELE: MANHÃ E NOITE #cuidadoscomapele #skincare #dicasdebeleza,autocuidado/estetica,False,70964.0,0
7HVVIgbCae4,Rotina capilar cabelo cacheado masculino #beatrizmaria,autocuidado/estetica,False,8036795.0,1
aSK8VCL9NtU,Esse Sérum de niacinamida da Principia ajuda de verdade a minimizar manchas e espinhas na pele 😍,autocuidado/estetica,False,359529.0,-1
rTYmD2HtWSU,COMO ME LIVREI DAS ESPINHAS! #autocuidado #skincare #shorts,autocuidado/estetica,False,1296434.0,-1
joNm4FHbl5I,"Skincare Masculino em 4 Passos - Rápido, Simples e Eficaz @viroformen",autocuidado/estetica,False,521.0,-1
2xbXn3sRCo4,Como utilizar e quais os benefícios da vitamina C na rotina skincare!! #skincare #vitaminac,autocuidado/estetica,False,74207.0,1
Msy4sgkaiSg,Rotina com Creamy Skincare! Por Roberta Moussa,autocuidado/estetica,False,95026.0,1
3pGAxrHTadg,Vitamina C: o que é e por que usar na pele #vitaminac #antioxidante #cuidadoscomapele,autocuidado/estetica,False,28164.0,-1
pJwU8sKTCbg,produtos de skincare baratos melhor que os caros #dicasdebeleza #cuidadoscomapele #pelesaudavel,autocuidado/estetica,False,1370154.0,-1
WZ4oaLUBgDk,#beleza #cuidadosdiario #dicasincriveis #habitos #motivação #motivation #glowup #skincare,autocuidado/estetica,False,1988.0,-1
SYvbWtmeWhE,Rotina de skin care da manhã ❤,autocuidado/estetica,False,866898.0,1
C3t27nFJ4V8,VEJA como CONTROLAR a OLEOSIDADE da pele,autocuidado/estetica,False,16479.0,0
zWqZ_YkwzPo,Gelo no rosto funciona?#pele #pelesaudavel #skincare #skincareroutine #pelelinda,autocuidado/estetica,False,810389.0,1
7TTmc6MNXdU,massagem facial pra melhorar o inchaço e definição facial #shorts #short #Ladysan_F,autocuidado/estetica,False,137002.0,-1
-aigQAJ9qu4,Sérum antioxidante para área dos olhos - skincare masculina,autocuidado/estetica,False,269.0,-1
nisR0rX8DT4,CUIDADOS COM A PELE NEGRA MASCULINA | Só Dicas de Beleza,autocuidado/estetica,False,17806.0,-1
yp1a4vWovq0,3 produtos incríveis para dizer adeus às olheiras! 🌟 #olheiras #skincare #clarear #peledeporcelana,autocuidado/estetica,False,250934.0,1
oY-nKGa5mVc,Parte 4- Dicas de Glow Up para Homens em 2023 | BELEZA MASCULINA,autocuidado/estetica,False,493175.0,-1
eHpPc2V0N8E,Dicas Práticas para Cuidar da Pele do Corpo em Casa,autocuidado/estetica,False,125064.0,-1
s2GmGgdcgCo,❤️😍#rotina #foryou #fy #short #shorts #shortsvideo #shortvideo #skincare #dicas #produtos #beleza,autocuidado/estetica,False,1401.0,0
W3_6a0T-WyU,Tutorial glow up masculino - parte 3/3,autocuidado/estetica,False,104999.0,1
pYrZ3JC_5gw,7 CUIDADOS PESSOAIS que você DEVERIA TER (mas não tem) | GLOW UP MASCULINO,autocuidado/estetica,False,46317.0,2
L2BKzKTrUjs,Rotina de cuidados masculinos 👊,autocuidado/estetica,False,19887.0,2
e6J0FtGQqis,8 CUIDADOS PESSOAIS MASCULINOS que TODO HOMEM deveria ter | glow up masculino,autocuidado/estetica,False,29610.0,2
nMtHQMO6_QM,A ROTINA ESSENCIAL de CUIDADOS MASCULINOS (Você NÃO PODE deixar de Fazer) | Glow Up Masculino,autocuidado/estetica,False,24268.0,2
GPFm2IY-9Fc,"42 DICAS DE GLOW UP que todo homem PRECISA fazer (sim, literalmente 42)",autocuidado/estetica,False,168183.0,1
DjPg7H7RKUI,"Os 4 HÁBITOS de CUIDADOS PESSOAIS que EU NÃO CONHECIA, mas NÃO VIVO MAIS SEM",autocuidado/estetica,False,20954.0,-1
LLv1yshIAO8,DICAS DE COMO SEMPRE SER UM HOMEM CHEIROSO | GLOW UP MASCULINO 2026,autocuidado/estetica,False,78205.0,-1
QpHVgOrXtNg,Como Cuidar do Cabelo: Cronograma Capilar Masculino .,autocuidado/estetica,False,3195.0,1
nX6_N2e0ZpI,10 hábitos que separam homens fortes de homens fracos,autocuidado/estetica,False,311092.0,-1
xEuaR9VXpPI,COMO TER uma ROTINA CAPILAR (Que Funciona),autocuidado/estetica,False,135093.0,1
9vRvDNi8fKs,Rotina de cuidados masculinos 🔥,autocuidado/estetica,False,20023.0,2
6Q-ndFc02vg,Autocuidados masculinos: 7 hábitos que todo homem deveria ter!,autocuidado/estetica,False,23654.0,2
Bjzr74-pQ-4,CUIDADOS QUE TODO HOMEM DEVE TER,autocuidado/estetica,False,79500.0,1
feqelkcRoiU,Rotina de cuidados masculinos 🔥,autocuidado/estetica,False,59164.0,2
7wlyIQ5IiaQ,Rotina de cuidados masculinos! 🔥👊,autocuidado/estetica,False,36026.0,2
0vMwe4PK5TI,VLOG COMPRINHAS DE AUTOCUIDADO MASCULINO - Ele foi comigo e olha no que deu!😲 #Comprinhas 🛍️🛒🩵,autocuidado/estetica,False,1720.0,-1
L2hSri_JMGI,HÁBITOS QUE TE TORNAM MAIS HOMEM E VOCÊ NÃO SABIA,autocuidado/estetica,False,1377824.0,-1
QgdXklvZiTQ,⚜️ A elegância começa pelos cuidados pessoais #shorts #modamasculina #cuidadosmasculinos,autocuidado/estetica,False,14898.0,2
eVdoychZ458,Como ser um HOMEM CHEIROSO (elas amam isso),autocuidado/estetica,False,382724.0,-1
Xk8dkpGBvyo,9 CUIDADOS PESSOAIS que TODO HOMEM deveria ter DEPOIS dos 20,autocuidado/estetica,False,135781.0,-1
b2LI45CH1iE,8 itens de CUIDADOS PESSOAIS que TODO HOMEM deveria Ter,autocuidado/estetica,False,75289.0,2
iJ3mfatEw6E,Cuidados básicos que todo homem deveria ter ⚠️,autocuidado/estetica,False,70559.0,2
xN2Rhawz7Ws,9 CUIDADOS MASCULINOS com O CORPO que TODO HOMEM deveria TER,autocuidado/estetica,True,183183.0,2
9oC2gWS527s,8 CUIDADOS PESSOAIS para virar um HOMEM MAIS BONITO | GLOW UP MASCULINO,autocuidado/estetica,False,36381.0,2
t-5G2UQ9jSo,HÁBITOS QUE TE DEIXAM FEIO E VOCÊ NÃO PERCEBE #beleza #desenvolvimentopessoal,autocuidado/estetica,False,750243.0,1
2gAwif6SJLk,30 DIAS PRA VIRAR OUTRO HOMEM (Projeto Clean),autocuidado/estetica,False,35500.0,1
mWPq44PHDHk,CUIDADOS COM A SAUDE QUE VOCE DEVERIA TER #autocuidado #saude #dicas,autocuidado/estetica,False,39977.0,-1
fi7oryDsYhM,COMO FICAR MAIS CHEIROSO (em 12 dicas),autocuidado/estetica,False,149799.0,-1
fKh4Yg3QfKY,Como ter um CABELO PERFEITO para o resto da sua vida (sem muito esforço),autocuidado/estetica,False,307926.0,1
gxGgDnpeUtk,CABELO MASCULINO: 7 CUIDADOS essenciais,autocuidado/estetica,False,56061.0,-1
dHrFWQZL29U,Rotina de cuidados masculinos 😎,autocuidado/estetica,False,16626.0,2
KBnPozJ0p04,15 dicas que deixam qualquer homem 10x MAIS ATRAENTE (comprovado),autocuidado/estetica,False,2405.0,1
P2vaP0CG_QQ,ROTINA COMPLETA DE CUIDADOS COM O CABELO CAHEADO APENAS COM SKALA BABOSA,autocuidado/estetica,False,818113.0,1
2guRI_3brNU,Qual É a Rotina Ideal para a Pele Masculina?,autocuidado/estetica,False,365.0,-1
ozfcjGs9d98,Saúde do Homem: cuidados e exames que não podem faltar na rotina,autocuidado/estetica,False,24815.0,2
Bp_UDsErqPg,4 produtos que todo homem deve ter ✅,autocuidado/estetica,False,14774.0,2
-SVQU7mmCM4,Cabelo ressecado? Se liga nas dicas pra recuperar! 🔥,autocuidado/estetica,False,1184132.0,0
WvUU7jEM39M,CUIDADOS MASCULINOS #cabeloscrespos #cabelo,autocuidado/estetica,False,66056.0,1
-JRa5u51m60,Produtos de CUIDADOS MASCULINOS,autocuidado/estetica,False,13244.0,-1
Y86TeJWlqbU,"COMO CUIDAR DA PELE DO ROSTO MASCULINO ""TUDO INCLUSO""",autocuidado/estetica,True,84721.0,0
ZC8SwSAu5Vg,ROTINA DE CUIDADOS NO MEU CABELO CACHEADO MASCULINO!!,autocuidado/estetica,False,3800.0,1
Y1NHBvPmWlI,ROTINA DE CUIDADOS COM O CABELO,autocuidado/estetica,False,10065590.0,1
HIYEutNWHj4,Rotina completa de cuidados com o cabelo cacheado masculino!,autocuidado/estetica,False,303334.0,1
id6k7s0ihtE,Shampoo Johnsons: R$12 E HUMILHA Os Caros (INCRÍVEL),autocuidado/estetica,True,1662474.0,1
Dd3gPchmxmM,Como é a rotina de um homem de alto valor?,autocuidado/estetica,False,7906.0,-1
KEObbEYuBrw,MINHA ROTINA DA MANHÃ!,autocuidado/estetica,False,5166258.0,-1
FKia2r2BI64,3 Hábitos masculinos que destroem o cabelo,autocuidado/estetica,False,194185.0,0
6SJC_B1DU7U,Hábitos ADOTADOS pela MANHÃ que vão TE DEIXAR MAIS BONITO | Glow UP Masculino | Bonito pela manhã,autocuidado/estetica,False,335293.0,1
LW7rwGVsp5E,Minha ROTINA de CUIDADOS com o CABELO durante UMA SEMANA 📆 CABELO CACHEADO MASCULINO,autocuidado/estetica,False,289136.0,-1
K5YM-7ukMeE,CUIDADOS QUE TODO HOMEM DEVE TER,autocuidado/estetica,False,4431.0,0
Ia3I-ZRIAWQ,Como cuidar da PELE MASCULINA (Minha rotina e dicas do que usar),autocuidado/estetica,False,19039.0,2
7o4o7RMe8go,Quanto tempo para se recuperar de uma cirurgia de túnel do carpo?,autocuidado/estetica,False,769849.0,-1
fyVKm20OEqg,TUTORIAL DE PENTEADO MASCULINO: CABELO COMPRIDO #shorts | MEN'S MARKET,autocuidado/estetica,False,525792.0,1
b8sIzGPk74Y,Cuidados Masculinos,autocuidado/estetica,False,57.0,2
8mTyXaNuwfI,Rotina da Manhã,autocuidado/estetica,False,2281.0,0
9AVUgcykKdg,CUIDA DA TUA BARBA COM OS MELHORES PRODUTOS! 🧔⚡️,autocuidado/estetica,False,134335.0,1
NibDVZ-zJjo,4 Coisas que todo homem deve ter para se cuidar melhor,autocuidado/estetica,False,11221.0,0
wL5QpaUKfhw,Minha rotina de skincare,autocuidado/estetica,False,28233.0,1
Bne2GRqm15g,O Dia-a-Dia de um Cacheado Masculino #cabelomasculino #rotina #cachos,autocuidado/estetica,False,8410.0,1
rtFegtmfqOI,"MANCHETE, PASSE, DEFESA #voleibol #volleyball #volei #treino #shorts",autocuidado/estetica,False,382402.0,-1
9oj-A9iTv6U,365 dias/ 12 meses/ 1 ano de crescimento capilar do cabelo cacheado,autocuidado/estetica,False,15224293.0,1
RaLoR6Ji_rE,ROTINA DE SOBRANCELHA MASCULINA #glowup #bonito #sobrancelhas #fyp,autocuidado/estetica,False,60838.0,-1
e0YvrLyByYQ,CUIDADOS COM PELE MASCULINA (Rosto e Corpo) - Rotina essencial por Juan Alves,autocuidado/estetica,False,3079.0,2
D3nNsCGGTxI,CARECA: ROTINA COMPLETA DE CUIDADOS! #shorts,autocuidado/estetica,False,38814.0,2
aDYA8xkefio,Hahaha como sair do crespo e ir aos cachos ?? Tem no canal passo a passo,autocuidado/estetica,False,715069.0,0
94kNR_NJhWs,5 Dicas Natura para cuidados Masculinos,autocuidado/estetica,False,81.0,2
EtPjZowNrAs,FAÇA ISSO PARA TER LÁBIOS ATRAENTES!,autocuidado/estetica,False,837366.0,1
4xI7O2xJoQE,MIL E UMA UTILIDADES DO SABONETE GRANADO,autocuidado/estetica,False,734825.0,13
-qqUEssEKkE,LAVAR O CABELO TODO DIA FAZ MAL?,autocuidado/estetica,False,249142.0,1
lxGRsFm3NRg,Cresceu só de tamanho porque continua um nenezão 🥰| #shorts | #gatos,autocuidado/estetica,False,1619212.0,-1
coo1BUuja2k,Primeira sessão a laser #depilacao #pelo #depilaciónláser #care,autocuidado/estetica,False,1534221.0,-1
5R8VdIu5tYA,ROTINA DE BANHO BARATINHA PARA FICAR CHEIROSA O DIA TODO #autocuidado #amorpropio #produtosbaratos,autocuidado/estetica,False,235371.0,13
niqkOYeVdx4,Parte 10 - Dicas de Glow Up para Homens em 2023 | BELEZA MASCULINA,autocuidado/estetica,False,153207.0,1
Sv-dfGNAFIg,A rotina de um coelho 🐇 🤣,autocuidado/estetica,False,548322.0,-1
iZHfIxyJBJs,#shorts SEU FILHOTE ANTES X HOJE - NHOQUE,autocuidado/estetica,False,6095548.0,-1
lxDweEiy4u8,Incrível como este peixe protege seus filhotes 😃,autocuidado/estetica,False,482160.0,6
FfYLJWk2mSQ,rotina da manhã da minha bebê reborn,autocuidado/estetica,False,1138617.0,8
OmmwdLImUec,Dei banho de ofurô para acalmar a Beatriz (bebê de silicone realista)#siliconebaby #bebereborn,autocuidado/estetica,False,986051.0,8
D84ZvD1BgAc,Rotina ✨perfeita para escola de manhã✨ #beautyland #glowup #beleza #shorts,autocuidado/estetica,False,533998.0,1
8ePqiEL0qhU,Rotina de cuidados feminino #aumentaaautoestima #autoestima #autocuidado,autocuidado/estetica,False,12633.0,-1
OudjtLUqzE4,Barbearia Profissional transformando a Rotina de Cuidados Masculinos - Spadone o Engenheiro da barba,autocuidado/estetica,False,3839.0,1
MsDg0cLA1TU,Rotina Rápida pra Cuidar da Barba em Casa,autocuidado/estetica,False,47336.0,1
4tTSYfybO1s,Rotina capilar 🚿🫧 ordem dos produtos 🧖‍♀️ #hair #cabelocacheado #rotinacapilar #haircare,autocuidado/estetica,False,901870.0,1
vYYZ2IZz8iA,OS MELHORES Produtos para cuidados Masculinos que você PRECISA TER | Rapidinha de Segunda,autocuidado/estetica,False,31996.0,2
08Jt7bWtSE8,Rotina de cuidado com a pele masculina | Skincare para homem #shorts,autocuidado/estetica,False,2336.0,-1
aiPs1KzXms0,Rotina matinal em 5 passos✅,autocuidado/estetica,False,190867.0,-1
oc8Z42iHy0o,Melhor posição para Parto Normal | Instituto Villamil #partonormal,autocuidado/estetica,False,2046376.0,8
VzB3TAevt1w,OS SINAIS de uma PÉSSIMA SAÚDE MENTAL!,autocuidado/estetica,False,668193.0,0
GfYbDikGtYI,Como finalizar cabelo cacheado . #cabelocacheado #visagismo #autocuidadomasculino,autocuidado/estetica,False,143835.0,1
YV5Fpm89fxo,Rotina da manhã bebê reborn #bebereborn #beberebornbrasil #viral #beberebornrealista #rebornbaby,autocuidado/estetica,False,1223573.0,8
dBAZDTrM6fA,prof. de canto explica esse VOZ ABSURDA (leia COMENTÁRIO FIXADO),autocuidado/estetica,False,12078705.0,0
-s0IrsOolQI,SEGUI a rotina de PELE MASCULINA de um MODELO! (Reagindo),autocuidado/estetica,False,22428.0,-1
YQ1spNwK0fY,"A bebê reborn Clara, está desfraldando, por enquanto, sem sucesso😥 #bebereborn #rebornbaby #dolls",autocuidado/estetica,False,100633014.0,8
3shweyFQA6c,Como acabar com a foliculite #cuidadoscomapele #pele #foliculite #barba,autocuidado/estetica,False,319070.0,1
INetmRGcdWY,ROTINA DA MINHA BONECA #shorts,autocuidado/estetica,False,1435161.0,-1
d-1QpJalXyc,É assim que toma creatina.,autocuidado/estetica,True,2367106.0,-1
L2UeM75SxyQ,❌️ NÃO LAVE SEU CABELO ASSIM! Como lavar o cabelo corretamente #shorts #dicasdecabelo,autocuidado/estetica,False,1940174.0,1
MPNoWMCARqA,Você sabe como dar volume no cabelo crespo? Meu cabelo é tipo 4b/4c e te ensino o processo! 🤎,autocuidado/estetica,False,937567.0,1
EH95NJUXSsk,🔹✨ DESCUBRA A ROTINA DE CUIDADOS COM A PELE MASCULINA! @diegoglow#skincare #dicas #acne #pele,autocuidado/estetica,False,13401.0,1
-n7VAOW7HbA,Dicas pra melhorar o seu relacionamento,autocuidado/estetica,False,362243.0,-1
iEsYe1YKRtY,8 PRODUTOS PARA BARBA que vocë tem que conhecer | GLOW UP MASCULINO 2026,autocuidado/estetica,False,18768.0,1
pk2c9GQY4zQ,Cuidados pós Progressiva,autocuidado/estetica,False,340709.0,2
n1fjQlFZw0M,Passo a passo de uma manutenção ortodôntica. #shorts,autocuidado/estetica,False,1906767.0,-1
v8bcK_ncHxY,HOMEM DE BARBA REALMENTE FICA MAIS ATRAENTE #SHORTS,autocuidado/estetica,False,674714.0,1
WO-p59330_c,CABELO POROSO? Vem aprender essa Rotina Anti Porosidade poderosa! #acidificação #porosidadecapilar,autocuidado/estetica,False,145385.0,1
HROtsYd_qQs,A Rotina de Cuidados de 5 Minutos Que Todo Homem Sem Barba Acima dos 45 Deveria Ter,autocuidado/estetica,False,77.0,1
fpMxJjiEIaE,O que Ninguém Te Conta sobre os 3 Primeiros dias de Aparelho Ortodôntico !! #shorts,autocuidado/estetica,False,4317112.0,0
hGc8yUXoEQk,coelhinha dando a luz aos bebês #shorts #coelho #animais,autocuidado/estetica,False,2817832.0,-1
e69-5BrOodQ,DICAS DE GLOW UP #02,autocuidado/estetica,False,217724.0,-1
tChdWcr3SOc,Rotina de cuidados com a pele em 1 minuto,autocuidado/estetica,False,2233.0,0
lCTr0DMhJ8o,O que é CASPA?,autocuidado/estetica,False,862847.0,-1
VFf9LhDmCUk,✨🧔🏻CRESCENDO A BARBA EM 18 SEMANAS 🤩,autocuidado/estetica,False,170295.0,1
zLszoZoPTT8,Rotina da manhã da bebê reborn #shorts #bebereborn #rotinadamanha #babygirl,autocuidado/estetica,False,1674754.0,8
hHxgJSyw3dI,CABELO CRESPO CACHEIA? 🤔 Veja com seus próprios olhos #shorts,autocuidado/estetica,False,5257883.0,1
kuLmFleenx0,ROTINA DE GLOW UP MASCULINO 🤌 #shorts #grow #growup #up #hair #cuidados #cuidado #style #autocuidado,autocuidado/estetica,False,6554.0,-1
p2aBbKDY6oU,COMO HIGIENIZAR OS DENTES COM APARELHO,autocuidado/estetica,False,481133.0,-1
9-QpNoAsXaU,Dói pra colocar aparelho?😰 #aparelhoortodôntico #dravanessagualda #aparelho #dentista #brasil,autocuidado/estetica,False,2926918.0,-1
yD6Rsujv0ek,Rotina da Noite 🌙⭐️ com novo Kit Timewise 🩷,autocuidado/estetica,False,73297.0,-1
BJ6FK3L_Fw8,Atividade física depois dos 60 anos,autocuidado/estetica,False,1103283.0,0
MLKrS23jjxA,COMO TER um GLOW UP MASCULINO | DICAS PARA SE BONITO! #shorts,autocuidado/estetica,False,295062.0,-1
Qy8ntgl7cKg,"Hidratação caseira com babosa, para cabelo ressecados!! #hidratação #babosanocabelo #hair #cabelo",autocuidado/estetica,False,2741502.0,1
uGZnMwUEgfw,Esse cara é tipo eu. #barba #barbeiro #barbudo,autocuidado/estetica,False,2961039.0,1
PP2NC7Wx-JY,rotina noturna saudável #desenvolvimentopessoal #hábitos #produtividade,autocuidado/estetica,False,27492.0,4
1NLKauQHo0Y,Como é minha ROTINA DE CUIDADOS PESSOAIS pela manhã? Quais Produtos eu uso?,autocuidado/estetica,False,70951.0,2
azU-8wzZHFk,50 Hábitos SIMPLES Que Vão Te Deixar MUITO Mais Bonito,autocuidado/estetica,False,39532.0,1
wqO791TYye8,hábitos de autocuidado e glow up que mudaram minha vida,autocuidado/estetica,False,2628.0,1
AVXEZP0umgI,Porque Você DEVE Priorizar o Seu Autocuidado,autocuidado/estetica,False,52917.0,0
dCwOLOwmtkE,OS 4 PILARES DO AUTOCUIDADO,autocuidado/estetica,False,45305.0,2
TztlQYr9_Ww,Como melhorar sua APARÊNCIA em 24h 🔥 Glow UP masculino 🔥,autocuidado/estetica,False,19451.0,-1
Oq-I2ziHZmY,Autocuidado masculino. #autocuidado #barba #barbudo,autocuidado/estetica,False,32060.0,1
JwHhilGp9NY,DICAS RÁPIDAS DE AUTO CUIDADO MASCULINO 🤯🚀 #desenvolvimentopessoal #dicas #autocuidado #glowup,autocuidado/estetica,False,2293.0,2
XpUTJWce79A,Rotina de Autocuidado Masculino: Como Se Cuidar Todos os Dias e Melhorar Sua Aparência!,autocuidado/estetica,False,1286.0,-1
5-9CW53r-Dk,SEJA A SUA MAIOR PRIORIDADE E TENHA AUTOCUIDADO | AMOR PRÓPRIO MASCULINO,autocuidado/estetica,False,9135.0,-1
2qElZG2D3ig,Ninguém vai fazer por você | Autocuidado masculino e autoestima,autocuidado/estetica,False,200.0,-1
Edg5c5USZVo,Dicas de GlowUp Masculino #shorts,autocuidado/estetica,False,4399.0,-1
RtY8Rd_g2Hc,Minha Rotina de Autocuidado Minimalista,autocuidado/estetica,False,101518.0,0
f9ISoCSBy58,Homens tem que se CUIDAR,autocuidado/estetica,False,4283.0,-1
bbJMK2fJQ9c,SE VC USA ISSO PARE AGORA | GLOWUP MASCULINO |,autocuidado/estetica,False,9485.0,-1
PqHRyGuXNG4,O autocuidado masculino é essencial 🧖🏾,autocuidado/estetica,False,155192.0,-1
6EHwc6FY0rg,Rotina de autocuidado masculino SEXTA-FEIRA #sextafeirachegou #autocuidado #barba #autocuidados,autocuidado/estetica,False,137.0,1
BHxrSN8ereA,A verdadeira maquiagem masculina #shorts #autocuidado,autocuidado/estetica,False,14313.0,-1
nSpKhvp4u0Y,DICAS DE GLOW-UP MASCULINO : IB - garoto aesthetic ! #autocuidado #autoconhecimento #youtubeshorts,autocuidado/estetica,False,23232.0,-1
P9eyhU6tOow,O Autocuidado Masculino,autocuidado/estetica,False,2969.0,-1
zATzWtiYx1U,Comprinhas de Autocuidado masculino 🛍️ 🥰🩵,autocuidado/estetica,False,2528.0,2
bI4_8oJSbO4,AUTOCUIDADO | COMO CUIDAR DE SI DE VERDADE [mais autoestima e autoconfiança],autocuidado/estetica,False,71783.0,-1
Iwpb6VZ3pkw,Autocuidado Masculino: Dicas Simples que Todo Homem Precisa Saber,autocuidado/estetica,False,3948.0,-1
XwpmIe7okCU,"Homens, priorizem o autocuidado 🧖🏾#shorts #autocuidado",autocuidado/estetica,False,17909.0,-1
pHN0pcx70XQ,Hidratantes corporais baratinhos e muito cheirosos 🧴🤌🏽✨ #hidratantes #selfcare #autocuidado,autocuidado/estetica,False,227064.0,-1
esEx79fkxt8,Auto cuidado versão masculino #lojadecosmeticos #itensdeautocuidado #produtosprahomem #versaomen,autocuidado/estetica,False,3404.0,-1
0vZVkrJY6yg,"Por que o autocuidado masculino ainda é visto como ""frescura""?",autocuidado/estetica,False,144.0,-1
PX4ApWnbBIc,"Comprinhas de autocuidado | produtos de farmácia, cabelo, self care 🛍️✨ #autocuidado #selfcare",autocuidado/estetica,False,217645.0,-1
lS6gxDFdIjA,💙🧢💙O autocuidado Masculino também é muito importante💙🧢💙 #autocuidado #autoconhecimento,autocuidado/estetica,False,1030.0,2
8VomJdIfK58,Como Ter Pele de VIDRO Sendo Negro (Guia Completo),autocuidado/estetica,False,2723.0,-1
Q_LqhABsozs,Hábitos para cuidar da saúde mental 🙏,autocuidado/estetica,False,305642.0,-1
0Wq4PbzrPcc,A Importância do Autocuidado Masculino na Prevenção de Problemas de Saúde,autocuidado/estetica,False,802.0,-1
Z-KS9BC_K1w,OS CABELOS MAIS LINDOS VERSAO CACHEADO! #vogue #aesthetic #boy #autocuidado #cacheado *(masculino)*,autocuidado/estetica,False,4065.0,1
gJ6Er0FEAyw,Autocuidado masculina vai muito além do físico,autocuidado/estetica,False,56.0,-1
UYxeY5tGiz4,🧔💧 Autocuidado é coisa de homem também!,autocuidado/estetica,False,261.0,1
nGot5CM9hNs,#autocuidado #cuidadoscomapele #beauty #skincare #beleza #dicasdebeleza #dicas #shorts,autocuidado/estetica,False,3231291.0,-1
2f1DWeHlBV8,#autocuidado #autocuidadomasculino #achadosmasculinos #skincareroutine,autocuidado/estetica,False,23.0,1
Tav5eA6ytR4,comprinhas de autocuidado 🛍️💋💗🍉 #comprinhas #autocuidado #compras #beleza #produtos,autocuidado/estetica,False,103109.0,2
FqpDisd-QhU,Spa day com meu namorado 🚿🫧#spaday #rotinacapilar #banhopremium #cachos #vlog #unhas #autocuidado,autocuidado/estetica,False,12639043.0,13
XHwUtMNloPI,transforme sua aparência em 2026 | dicas para glow up,autocuidado/estetica,False,39400.0,-1
AXAzilzrUV8,Homens de 50. #homens #50anos #estilomasculino #autocuidado,autocuidado/estetica,False,331.0,-1
f-yysS39D9E,"Rotina intensa de autocuidado masculino, o que está acontecendo???",autocuidado/estetica,False,331.0,2
kHAqlwxob20,"GlowUP: 3 Dicas de BELEZA MASCULINA DIFERENTES, Autocuidado e Estilo Masculino",autocuidado/estetica,False,9922.0,-1
sGY_RP8IVFw,5 produtos que todo homem precisa ter #CuidadosMasculinos #EstiloMasculino #AutoCuidado,autocuidado/estetica,False,1905.0,2
_2RRrmXR8Kc,depilação na cabeça #dicas #autocuidado #homens,autocuidado/estetica,False,4856.0,-1
u_yoX3tONHs,Autocuidado masculino.,autocuidado/estetica,False,1638.0,2
XGrJ9tUF4oQ,compras de autocuidado e beleza do mês🧖‍♀️💅🏼#cacheadas #autocuidado #haircare #produtos #beauty,autocuidado/estetica,False,323173.0,-1
VJDE6ojBlmI,Exercícios para definir a mandíbula #looksmaxxing #mewing #autocuidado,autocuidado/estetica,False,187505.0,10
H35k2LY1_sE,Tratamentos Barba Negra #cabelo #barbanegra #beleza #autocuidadomasculino #cabelos,autocuidado/estetica,False,166.0,1
icxpiPGXaEM,#HomemPreto #PretoSofisticado #EstiloComPropósito #AutocuidadoMasculino #BlackExcellence,autocuidado/estetica,False,1344.0,2
H8ZS0bGSL0M,3 itens essenciais para a higiene masculina #autocuidado #cuidadoscomapele,autocuidado/estetica,False,2625.0,2
HwZuAuJE7G0,Autocuidado Masculino [02/11/2024],autocuidado/estetica,False,21.0,-1
GjMhoxH_hF4,O QUE VOCÊ QUER SER QUANDO CRESCER? #autocuidadomasculino #produtividade #podcastbrasil,autocuidado/estetica,False,3793.0,3
ZhE2EUYnnMA,#aesthetic #boy #autocuidado #pinterest #fyp #youtubeshorts #shorts,autocuidado/estetica,False,4986.0,0
Gzlrms_lakE,Autocuidado começa no aparar ✅,autocuidado/estetica,False,792.0,2
9VQAr9wzrco,A importância do autocuidado masculino,autocuidado/estetica,False,755.0,2
JCLUwaHRG8Y,Conheça nossa nova linha masculina Mr. Sailor! #perfumandovidas #marinho #autocuidadomasculino,autocuidado/estetica,False,5.0,-1
iebrU-QbxHY,Educação em Saúde: autocuidado masculino,autocuidado/estetica,False,51.0,-1
XF0xbUyaKkc,ERROS COM HIGIENE #autocuidado #modamasculina,autocuidado/estetica,False,4342.0,2
hiIy6g68gaY,Autocuidado Masculino,autocuidado/estetica,False,61.0,2
YtQKjU5M_es,Esse é o BÁSICO do autocuidado para homens,autocuidado/estetica,False,30414.0,2
DUUdvrY6uXI,AUTOCUIDADO MASCULINO #autocuidado #selfcare,autocuidado/estetica,False,1666.0,2
UsPp1mBRcBs,Tem dias que é assim mesmo 🧠🫀🦅 #shot #fitnessmotivation #autocuidado #motivation,autocuidado/estetica,False,1393.0,0
uQrYKaMCOHM,"Homens que se amam, cuidam da pele diariamente! Skin care, autocuidado e maior autoestima! Useharo",autocuidado/estetica,False,137.0,-1
CGXjXFdwvdU,Skincare para homens #skincare #autocuidado #masculinidade,autocuidado/estetica,False,1015.0,2
B_G6gLkOjLk,Homem Bom #reflexão #masculinidade #relacionamento #autocuidado #amorproprio #youtube #shorts,autocuidado/estetica,False,6863.0,-1
6a6ughLEIuA,LIBERE o peso da vida AGORA. FAÇA ISSO! #maternidadereal #autocuidado #feminino,autocuidado/estetica,False,1759.0,-1
oVW2NVrpJEo,minha massagem facial #daily #vlog #massagem #autocuidado #massagetherapy,autocuidado/estetica,False,2115.0,-1
-KO3Nwr2nu8,Autocuidado 😍 Pezinhos masculino #eunápolis #cabeloseunhas #peseunapolis #hair,autocuidado/estetica,False,325.0,1
CgFho4lh_YY,"""Confiança não tem gênero. 💄🖤 #AutocuidadoMasculino #MagnetismoEscarlate""",autocuidado/estetica,False,421.0,2
YaKY2Xctoh0,Lucas é a prova de que autocuidado não tem gênero. 🤍 Ele percebeu cedo que seus olhos estavam cada,autocuidado/estetica,False,1720.0,-1
Kfrxknf8I4Y,Rotina de autocuidado não precisa ser complicada 💪 | MEN'S MARKET,autocuidado/estetica,False,536.0,2
b8z6AIkYkiU,PRODUTOS DE CABELO BARATINHOS QUE EU QUERO DISTÂNCIA 😭 #dicasdecabelo #autocuidado,autocuidado/estetica,False,308671.0,1
Y8BXut-Vndk,Autocuidado MASCULINO é essencial,autocuidado/estetica,False,21956.0,-1
rDKlQJzo42o,Técnicas de corte de cabelo masculino. #cortedecabelomasculino #autocuidado #taperfade #fade,autocuidado/estetica,False,113.0,1
feKBImAVmg4,COACH REVELA A IMPORTANCIA DO AUTOCUIDADO MASCULINO!#masculino #shortsvirais #autocuidado #podcast,autocuidado/estetica,False,950.0,0
yIhR55SAxaQ,Autocuidado Masculino,autocuidado/estetica,False,95.0,2
VJkAN49MbQk,Como se Cuidar Sem Parecer Fresco: A Verdade Sobre Autocuidado Masculino,autocuidado/estetica,False,18223.0,-1
OLvsWq21AEE,COMO A MENTA EXAUSTA SE MANIFESTA? #saúdemental #autocuidadomasculino,autocuidado/estetica,False,1988.0,2
KJd9kJZ_8Kk,Cuidar das Joias Não É Frescura. É Autocuidado Masculino!,autocuidado/estetica,False,43397.0,-1
t5jgAX_WABE,exercícios mandíbula nariz olho hunter eyes #autocuidado #mandibula #mewing #mogger,autocuidado/estetica,False,31709.0,-1
D4LIdyUKF-Y,Todo homem deveria usar isso 🧖🏾⛓️‍💥 #shein #autocuidado,autocuidado/estetica,False,1165.0,-1
IJTZF8NGm0E,Cuidem-se meus manos! #autocuidado #skincare #autocuidadomasculino #homensnegros,autocuidado/estetica,False,1368.0,2
PMdF6xgm-YE,"Homens, aprendam a se cuidar 🧼 #shorts #autocuidado",autocuidado/estetica,False,3710.0,-1
_DCTwrhE_8o,"Beleza também é sobre estilo, autocuidado e confiança",autocuidado/estetica,False,55.0,2
_A6KaBgESe0,Saúde do homem - Culturas e conflitos do autocuidado masculino | MUNDO UFG,autocuidado/estetica,False,127.0,-1
AjjMiVg_ImA,"TUDO QUE EU COMPREI DE AUTOCUIDADO COM APENAS R$100,00 #autocuidado#comprinhas#spaday#beleza",autocuidado/estetica,True,145338.0,2
JkI08DyCozQ,Autocuidado Masculino,autocuidado/estetica,False,8.0,2
L8vffQpApn4,COMO CHAMAR ATENÇÃO POR ONDE PASSAR😱 autoestima e autocuidado masculino #shorts,autocuidado/estetica,False,34933.0,-1
vQ5pEkmqJ34,Glow-up para os homens 01/15 | #glowup #beleza #evolução #autocuidado #looksmaxxing #mandibula #fyp,autocuidado/estetica,False,35976.0,-1
Bqf79u1Sp78,COMPLEXO DE X MEN #saudemental #reflexão #mudança #autocuidado #tempodecrescer,autocuidado/estetica,False,4544.0,-1
lTcDZeYeMc8,🎁 Kit H-MEN Dia dos Pais – Praticidade e Autocuidado Masculino! 💙,autocuidado/estetica,False,415.0,2
Qq64ADdlt7Y,Novembro Azul e o autocuidado masculino.,autocuidado/estetica,False,27.0,2
DHVVcOAayMI,"Homens, também se cuidem! 🙏🏾❤️ #autocuidado #masculinidade #autoestima",autocuidado/estetica,False,653.0,2
1GQbm4XQhjg,Cuidado masculino também é autocuidado! 💪,autocuidado/estetica,False,52.0,-1
5e7Pc6vAg1g,A importância do autocuidado masculino,autocuidado/estetica,False,51.0,2
BJzsVe0sFkM,Os Melhores Cortes De Cabelo Masculino Para 2023 #glowup #dicas #autocuidado,autocuidado/estetica,False,379.0,1
J873IMBFJN0,ASMR - Dicas Autocuidado Masculino com Natura Homem #dicas,autocuidado/estetica,False,11371.0,-1
p3oPBL_e_LY,Ensine seu filho a se cuidar O autocuidado masculino pode evitar doenças e salvar vidas,autocuidado/estetica,False,37.0,-1
kZndLeskqcI,Autocuidado masculino - Novembro Azul [Psicologia],autocuidado/estetica,False,25.0,2
skDes-jxe4I,Cuidado masculino também é autocuidado! 💪,autocuidado/estetica,False,34.0,2
w-SIjdAPxZM,Tem uma coisa que precisa ser dita: autocuidado também é masculino!,autocuidado/estetica,False,21.0,2
9sZ8G0d7b70,Não da pra ser fedido né #trans #autocuidado #masculino,autocuidado/estetica,False,1059.0,2
g8O4wIMylo0,SKIN CARE MASCULINO #autocuidado #skincareroutine,autocuidado/estetica,False,936.0,1
FsrYmKsUSg8,#HomemPreto #AutocuidadoMasculino #ForçaEHumanidade #ReflexãoDiária #ConsciênciaNegra,autocuidado/estetica,False,224.0,2
3YiY5j4CGcs,Glow Up Homens 18 -1000 #skincare #autocuidado #autoestima,autocuidado/estetica,False,511.0,1
WzwgucV0qIA,Doses de Autocuidado #Ep06 - Novembro Azul | Autocuidado masculino,autocuidado/estetica,False,30.0,2
5PnM01_TjwY,PODCAST - AUTOCUIDADO MASCULINO,autocuidado/estetica,False,9.0,0
X-a9wBFqx14,Autocuidado masculino: missão impossível?,autocuidado/estetica,False,7.0,2
EM4tUFykMUo,Autocuidado Masculino com Marcos Piangers - Papai é Pop,autocuidado/estetica,False,3132.0,2
EFqnotKgRBo,exercícios para definir nariz #looksmaxxing #jawline #mewing #autocuidado,autocuidado/estetica,False,62778.0,10
fWpsVB2jHNo,Autocuidado masculino,autocuidado/estetica,False,137.0,1
CJOoKdmfQaQ,Autocuidado masculino,autocuidado/estetica,False,856.0,2
nUHMhKk43jc,Rotina Diária para um Glow Up Rápido #glowup #treino #skincare #autocuidado #glowupmasculino,autocuidado/estetica,False,1155.0,-1
oac_i3b6n4A,Novembro Azul e o autocuidado masculino!,autocuidado/estetica,False,10.0,0
_jIJGpo9ugw,Entenda a importância do autocuidado masculino para a saúde!,autocuidado/estetica,False,599.0,2
klUl7gEijAg,AUTOCUIDADO PARA O SEU CABELO #autocuidado #cabelo #homemmoderno,autocuidado/estetica,False,2379.0,1
lJrCB2xjPtc,Novembro Azul e o autocuidado masculino!,autocuidado/estetica,False,4.0,0
knL5J8lIEDA,A marca que está mudando o autocuidado masculino!,autocuidado/estetica,False,14909.0,-1
6y4sSQ8Zifo,A importância do autocuidado masculino!!!,autocuidado/estetica,False,13.0,2
_fLvovuangI,Dica de como ser mais feminina #bemestarfeminino #autocuidado #cuidadofeminino #cuidadosdamulher,autocuidado/estetica,False,368919.0,0
BBBClyLwbng,Autocuidado masculino com praticidade e resultado #MrThomasMenCare #BelezaMasculina #RotinaMasculina,autocuidado/estetica,False,811.0,2
TwvjeARy6hI,Autocuidado Masculino: Da Barba ao Treino – Minha Rotina Comp,autocuidado/estetica,False,269.0,1
EeOLK9DNoy4,5 DICAS PARA CABELO CRESPO MASCULINO | GLOWUP | #short #shorts,autocuidado/estetica,False,3284.0,-1
ke0epT6ma04,O cabelo masculino também precisa de seus cuidados! #autocuidado #glowup #looksmaxxing,autocuidado/estetica,False,570.0,1
JsGJ55GF4J8,#ToqueQueCura #AutocuidadoMasculino #AfetoÉNecessário #NuruMassage #HistóriasReais #EspaçoDeCura,autocuidado/estetica,False,331.0,2
jyrNzT5gqZg,AUTOCUIDADO MASCULINO - HOMEM SLEEPWEAR,autocuidado/estetica,False,305.0,-1
N-RtqnXDbog,Autocuidado Masculino - Dr. Flávio Rezende fala com o Cantor Tico Santa Cruz sobre o assunto.,autocuidado/estetica,False,291.0,-1
Z8-cKw7N9yo,Design masculino #designdesobrancelha #sobrancelhas #homens #autocuidado,autocuidado/estetica,False,285.0,-1
oYvubNxb9xk,Rotina Mais Importante Todo Homem Ignora (Autocuidado Masculino) Vlog,autocuidado/estetica,False,154.0,-1
vqQ44gIf1Gc,Tratamento para Calvície #barbanegra #cabelo #cuidadocomcabelo #autocuidadomasculino #beleza,autocuidado/estetica,False,281.0,1
qjsdEma1cLQ,Autocuidado Masculino?,autocuidado/estetica,False,43.0,2
ubAQfJQKF9s,Dia a Dia | Saúde e Bem-Estar - Autocuidado masculino tem crescimento em Manaus | 23/01/24,autocuidado/estetica,False,4.0,2
VDqsX7QG55Q,"Autocuidado não é luxo, é poder",autocuidado/estetica,False,352.0,4
ttQZnihekj8,CUIDADOS MASCULINOS BASICOS | COMO SE CUIDAR MAIS | GLOW UP MASCULINO | ITENS E PRODUTOS | HOMEM,autocuidado/estetica,False,422.0,2
2Z-0VO6awE4,AUTOCUIDADO É PODER! 3 PASSOS PARA COMEÇAR AGORA!,autocuidado/estetica,False,5.0,-1
hSGo3VqWYtA,Dicas de autocuidado masculino. #higieneintima #autocuidado,autocuidado/estetica,False,128.0,2
WczU9m18ncU,O mundo corporativo exige que você tenha boa aparência #autocuidadomasculino #podcast,autocuidado/estetica,False,327.0,0
f7qhZxHdLjY,Minox Barba Negra - Crescimento de Barba e Cabelo #autocuidadomasculino #barbanegra #dicasdebarba,autocuidado/estetica,False,143.0,1
EuYqA5qqLdo,Brasil registra crescimento no autocuidado masculino - TH+ Negócios - 18 07 26,autocuidado/estetica,False,20.0,2
BsjU8wbwF8Y,Autocuidado masculino com o kit For Men | Ustē Cosméticos,autocuidado/estetica,False,12.0,-1
aipcXzoEHTM,Eu tive um GLOW UP insano em 60 DIAS e vou te ensinar como...,autocuidado/estetica,False,48781.0,1
OZgE2qacR-Q,"Me SIGA se quiser ter seu GLOW-UP, eu te ensino🙏🏻#looksmaxxing #mewing #glowup #modamasculina #fy",autocuidado/estetica,False,165850.0,1
1rAgWJbWoEo,Cara FEIO teve GLOW UP e virou MODELO da CALVIN KLEIN em 5 PASSOS (Guia Completo Explicado),autocuidado/estetica,False,167303.0,-1
ULgVs2WPu9I,o maior glow up da historia #glowup #edit #editing #paulinhooloko #paulinhoolko,autocuidado/estetica,False,181428.0,1
-2tpYvr6mXo,7 DICAS de COMO SE AMAR MAIS | GLOW UP MASCULINO,autocuidado/estetica,False,35296.0,-1
_CkLXQFpwjI,Tutorial glow up masculino para iniciantes - parte 1/3,autocuidado/estetica,False,863719.0,1
CJ7I4SUN7I8,3 Dicas ''ilegais'' pra deixar seu Rosto Mais Bonito em 7 Dias,autocuidado/estetica,False,185731.0,-1
34KRZ1QWPbE,Como MELHORAR sua APARÊNCIA em 4 dicas simples | glow up masculino 2024,autocuidado/estetica,False,130176.0,-1
aat_arJrIUY,25 hacks de glow up: transforme CORPO e ROSTO em 30 dias (sem dinheiro),autocuidado/estetica,False,18140.0,1
S8mwEQsRBcA,Pare de fazer isso URGENTE ❌ #looksmaxxing #glowup #skincare #viralvideo #belezamasculina,autocuidado/estetica,False,410567.0,-1
SdTYUzU84Lc,Como ter o seu Glow Up de forma rápida (Faça isso por uma semana),autocuidado/estetica,False,192144.0,1
YiX42nBMMck,Dicas Glow Up 18/100 #glowup #autoestima #dicas #atraente #aesthetic #estilo,autocuidado/estetica,False,9877.0,-1
3XfWGaoVhDE,Você Não Precisa Ser Bonito. Precisa Ter ISSO.,autocuidado/estetica,False,38569.0,1
BtS_fBBz_3Q,Dicas Rápidas de Glow Up que Realmente Funcionam,autocuidado/estetica,False,69631.0,1
Q4kjFlNMdqc,Dicas para ter seu Glow up (masculino) fique irreconhecível em 2023 01/100,autocuidado/estetica,False,12151.0,1
Dmx24HScd4g,DICAS DE GLOW UP #01,autocuidado/estetica,False,39927.0,1
QTMd56-ikOk,Como Melhorar Sua Aparência em 30 Dias (edição 2026),autocuidado/estetica,False,53221.0,1
pTTmVppsQQs,Como ter um Glow Up sem Gastar Nada (sendo um Homem Negro),autocuidado/estetica,False,4983.0,-1
KqUCLnBHJSA,Como melhorar sua APARÊNCIA em 30 DIAS 🔥 Glow UP masculino,autocuidado/estetica,False,84615.0,-1
Lg-eaOnI_G4,De cara NORMAL para MODELO: Técnicas essenciais de GLOWUP Masculino - EP.08 🔥 @joaoluzxz,autocuidado/estetica,False,64569.0,-1
eWoYRUpFd50,Como Ter um GlowUp Em Poucos Minutos #glowup #autoestima #aesthetic #atraente #dicas,autocuidado/estetica,False,31708.0,-1
Eag2g89Wqao,10 DETALHES DE BELEZA MASCULINA QUE QUASE NINGUÉM TE CONTA,autocuidado/estetica,False,14457.0,1
gJmmdY6nBcU,Dicas de Glow Up | Dicas de beleza masculina #looksmaxxing #viralvideo #glowuptransformations,autocuidado/estetica,False,27616.0,1
X_VKPs3ce2M,Glow up masculino,autocuidado/estetica,False,29075.0,0
Oemoq0c1uoY,Dica para ter seu ~Glow up~ | masculino 04/100,autocuidado/estetica,False,6950.0,1
3p1IHRSmqBI,Glow up em 15 DIAS | Dicas #looksmaxxing,autocuidado/estetica,False,131915.0,1
3HxvVhbmf84,Como melhorar sua APARÊNCIA em 2025 🔥 Glow UP masculino,autocuidado/estetica,False,29766.0,-1
cV3gpP_K0SU,OLHA O TANTO DE LÍQUIDO! #looksmaxxing #glowup #cabelo #guashamassage #viralvideo,autocuidado/estetica,False,631354.0,-1
5Tc8XlAc3ks,Dicas De Glow Up masculino #1,autocuidado/estetica,False,4151.0,1
i9bK5kyxDvY,"Ficar BONITO é bem fácil, na real.",autocuidado/estetica,False,251646.0,1
OYYs5bW2YQ0,Cortes de Cabelo em alta 2023 (Versão Crespo) #glowup #fotos,autocuidado/estetica,False,23864.0,1
Tv0UP8jfXMY,GLOW UP MASCULINO EM 30 DIAS - Cuide das suas unhas!,autocuidado/estetica,False,2266.0,1
DI5JSpFs1_o,✨ Tipos de glow up masculino #glowup #looksmaxing #crescimento #aparência #rostolindo,autocuidado/estetica,False,172177.0,-1
1vhSFB0sUzM,Me agradece depois #looksmaxxing #glowup #sobrancelhas #cabelo,autocuidado/estetica,False,102479.0,1
H0XA5Z5rnIo,passos para ter seu ~glow up~ (masculino) 02/100,autocuidado/estetica,False,114167.0,1
gJfMWttIfug,dicas para ter um Glow up #girls #aesthetic #glowup #dicas 18:55,autocuidado/estetica,False,92850.0,1
g-MoR879kjk,Como MELHORAR o ASPECTO do seu rosto e deixa-lo mais ATRAENTE (não é difícil),autocuidado/estetica,False,148746.0,1
Qr1VFEKn64o,"Verdadeiro ""Glow UP"" 🤫🧏🏻‍♂️ #shorts #football #capcut #molequecraque #explore #shortvideo",autocuidado/estetica,False,1947282.0,-1
YOyjU7AEeDA,4 DICAS PARA TER UM GLOW UP NAS FÉRIAS,autocuidado/estetica,False,11943.0,1
RgcJ4DeJInA,Dicas de glow up masculino,autocuidado/estetica,False,28683.0,-1
lStvoXwA91M,Dicas de Glow Up para Homens #shorts,autocuidado/estetica,False,846.0,-1
WXIDbgY6GdA,Produtos essências para seu glow up,autocuidado/estetica,False,5800.0,-1
5PaFYr6ehC4,Como Melhorar Sua Atratividade Facial (Glow Up Masculino),autocuidado/estetica,False,30037.0,-1
3Ar3AfvXvYE,O LEGADO DO BLACK #black #shorts #tiktok #shortvideo #glowup,autocuidado/estetica,False,7061.0,-1
QLIVE1CDo3E,Como Ter o Glow Up Mais IMPRESSIONANTE de 2025 (mesmo sendo feio),autocuidado/estetica,False,121670.0,1
1dMq09xgv6E,transforme sua aparência em 2025 | dicas para seu glow up,autocuidado/estetica,False,75498.0,1
iHGngjsQl6c,VIRE UM AURA! GLOW UP MASCULINO (01/30),autocuidado/estetica,False,4609.0,-1
p784zMYtGn0,Cortes de Cabelo para Rosto Oval 2023 #cabelo #rosto #shorts #short #glowup #autoestima #dicas,autocuidado/estetica,False,1683911.0,-1
O_EDYi7RxuA,Como ser um homem mais atraente - GLOW UP MASCULINO 12/60,autocuidado/estetica,False,49263.0,0
9hM9Lqo-azM,7 COISAS que REALMENTE MELHORAM sua APARÊNCIA (Dicas Que Realmente Funcionam),autocuidado/estetica,False,20118.0,1
Lf3gj1hQn6g,Como Parecer um MODELO Mesmo Sendo um Cara COMUM,autocuidado/estetica,False,43329.0,1
PA_koY7fPLQ,Como ter o maxilar definido #shorts,autocuidado/estetica,False,271828.0,0
uLpxWAKiWHw,Corte social masculino prático: visual moderno e fácil de manter #glowup #modamasculina #shorts,autocuidado/estetica,False,122945.0,-1
cRZCeb_8WyY,3 Segredos que deixam o seu ROSTO MAIS BONITO (segundo pesquisadores) - GLOW UP,autocuidado/estetica,False,558181.0,-1
XvWCfYzc1lw,Transforme a sua aparência sem gastar 1 REAL | Dicas de Glow Up,autocuidado/estetica,False,114477.0,1
w2z-YEMg91c,Tutorial glow up masculino para iniciantes - parte 2/3,autocuidado/estetica,False,71860.0,1
cNmsR2OjNFk,Exercícios Para fazer Deitada!✨ #aquelagarota #glowup #exercícios,autocuidado/estetica,False,407144.0,1
pyg-Jbl6bPg,"COMO forçar um GLOW UP EXTREMO nas férias.Beleza, cuidados,truques de beleza.",autocuidado/estetica,False,53676.0,-1
zjhz2RAKC84,Parte 8- Dicas de Glow Up para Homens em 2023 | BELEZA MASCULINA,autocuidado/estetica,False,15717.0,1
HSZDaIcvJHQ,Como perder gordura - Como emagrecer - GLOW UP MASCULINO 07/60,autocuidado/estetica,False,3502.0,0
3Xz9eu2XCcU,Cara FEIO virou MODELO e ensinou como ter GLOW UP rápido (Guia Completo),autocuidado/estetica,False,16655.0,-1
oQuJ-Ekce4w,Deixe um 🍷 pela experiência!#segredos #glowup #masculino #viralshort,autocuidado/estetica,False,644.0,0
ZHmBXV7--uk,VOCÊ É ASSIMÉTRICO?,autocuidado/estetica,False,1070710.0,1
YRn8u0cYNbY,COMO FICAR MAIS BONITO ESSE ANO | GLOW UP MASCULINO | ROSTO PERFEITO,autocuidado/estetica,False,210075.0,-1
-2i_VWGedh8,Glow up de 140 dias. #shorts #fyp,autocuidado/estetica,False,19298.0,0
UZFCg0NpZUc,TODO HOMEM TEM QUE SABER DISSO | GLOW UP Masculino | HÁBITOS que todo HOMEM DEVE TER,autocuidado/estetica,False,23417.0,-1
wsonVzeVSik,DICAS para ficar 80% MAIS ATRAENTE em 24 HORAS (é agora ou nunca),autocuidado/estetica,False,72773.0,1
pipL-M8d3-Q,Glow Up - Como ter caracóis │Beleza Masculina,autocuidado/estetica,False,8112.0,-1
2-gA-zTFbl0,Dicas de Glow up para voltas aulas (masculino) 02/100 2023 👑🔱,autocuidado/estetica,False,1269.0,1
NWhL5koe6UI,Não faça isso com o seu cabelo ❌ #looksmaxxing #cabelo #glowup #viralvideo,autocuidado/estetica,False,1693857.0,-1
k9FZzwFs_CA,o GLOW UP MASCULINO INSTANTÂNEO (mas que ninguém fala sobre),autocuidado/estetica,False,37701.0,-1
4Jiq7x5ujLA,10 Dicas para Ser Mais Masculino | Glow Up,autocuidado/estetica,False,87816.0,1
0x-ryUQyOC0,Como ter cabelos saudáveis e brilhoso #autoestima #masculino #glowup #cabelo #atraente,autocuidado/estetica,False,2677.0,1
eySpKJBPPWU,Parte 3- Dicas de Glow Up para rapazes em 2023 | BELEZA MASCULINA,autocuidado/estetica,False,8169.0,1
uVeO8HUY3Q4,Como Ficar Bonito Mesmo Sendo Pobre (Glow Up),autocuidado/estetica,False,33202.0,-1
pc3wZNiO-G8,O melhor áudio de beleza que você já escutou! | GLOW UP | Alcance a sua versão desejada | sub,autocuidado/estetica,False,154609.0,1
qL_srxzk1HY,Glow Up Da Tropa Do Taspio PT.2,autocuidado/estetica,False,1932469.0,1
usDlw7PJA40,Glow-up para os homens 2/15 #mewing #glowup #beleza #dicasdebeleza #mandibula #maxilla #motivação,autocuidado/estetica,False,40683.0,1
Gt77zELK0B0,Como ter o seu GLOW UP nessas férias (volte lindo),autocuidado/estetica,False,40458.0,1
gQ9lPDXhJy8,Glow UP masculino ☠️ #capcut #glowup #edit #editcapcut #capcutedit #glowuptips,autocuidado/estetica,False,35492.0,1
aR8Mv4P4azo,COMO TER SEU GLOW UP NAS FÉRIAS | 30 DIAS PARA VOCÊ MUDAR,autocuidado/estetica,False,10720.0,-1
-7JA70418gk,O cavanhaque voltou com outra leitura #glowup #shorts #modamasculina,autocuidado/estetica,False,989936.0,-1
uGPCr6HuLBM,Dicas de Glow Up para os Homens | BELEZA MASCULINA,autocuidado/estetica,False,24557.0,-1
vGv_v1Ct-uk,DICAS PARA TER AQUELE GLOW UP #glowup #beleza #cuidados #glowingskin #pele,autocuidado/estetica,False,209437.0,-1
wyPhlsaCXV4,COMO FICAR MAIS BONITO EM 30 SEGUNDOS!!! - Dicas de Glow up para Homens (05/50)#glowup #shorts,autocuidado/estetica,False,164538.0,-1
w2Ai8Z3IS7o,"GLOW UP MASCULINO : embelezamento facial/corporal, energia masculina e +| subliminal |",autocuidado/estetica,False,17424.0,-1
AkFTkR-W52o,Parte 13- Dicas de Glow Up para Homens em 2023 | BELEZA MASCULINA,autocuidado/estetica,False,15541.0,-1
fpVDqa_3hCU,COMO TER a MANDÍBULA DEFINIDA | BELEZA MASCULINA! #shorts,autocuidado/estetica,False,513044.0,-1
MsKGYCT_RiY,Como Ter um Glow Up RÁPIDO em 15 Dias Sendo um Homem Negro,autocuidado/estetica,False,1093.0,-1
W88ibNWuDZA,Como TER GLOW UP e dar RESET em 2026,autocuidado/estetica,False,2205.0,-1
w-63HMV-HVM,GLOW UP MASCULINO EM 30 DIAS - Sobrancelha | #glowup #sobrancelhas #barbie,autocuidado/estetica,False,9293.0,-1
C-8KRCouv_I,GLOW UP DO JAZZGHOST 🥶 #jazzghost #glowup #sigma #edit #edits #editar #shorts,autocuidado/estetica,False,1955356.0,1
fYhix5NfJbk,Como ser mais atraente - GLOW UP MASCULINO 01/60,autocuidado/estetica,False,9953.0,0
HNyy-38_SUA,De cara NORMAL para MODELO: Técnicas essenciais de GLOWUP Masculino 🔥,autocuidado/estetica,False,657052.0,-1
66em3q8EqE8,Dicas rápidas para sobrancelhas masculinas impecáveis #glowup #shorts,autocuidado/estetica,False,1353155.0,-1
rSehuTQJuck,Quem Teve o Melhor Glow Up Da Família Arqueira??,autocuidado/estetica,False,2533360.0,1
dL5yI8RcWBE,Esse cara está a 4 ANOS tentando FICAR BONITO,autocuidado/estetica,False,508094.0,1
lT1Cdp92y2w,"MALE GLOW UP, ritual ABSOLUTO de AUMENTO de BELEZA MASCULINO | seja o Homem de beleza SURREAL. 🧬🏹🐆",autocuidado/estetica,False,59669.0,1
7p1h2v6kf-4,Como ter Olhos de Caçador Naturalmente I Glow Up,autocuidado/estetica,False,172383.0,-1
bO3U6y27yJU,Dicas de glow up masculino,autocuidado/estetica,False,104785.0,-1
qtjbIGUVDDI,Dicas pra Glow up masculino 2/100 #glowup #men #fashionstyle,autocuidado/estetica,False,4982.0,1
VhvVVQF-a7g,Mewing tutorial #model #looksmaxxing #supermodel #mewing #glowup,autocuidado/estetica,False,159606.0,-1
zRTftZRNRlo,JAMAIS SE ORGULHE POR NASCER BONITO! #beleza #desenvolvimentopessoal #glowup,autocuidado/estetica,False,48019.0,1
Op3_TWJuFPw,Como ter seu Glow Up e ficar BONITO o mais RÁPIDO possível - (Guia Completo sem Enrolação),autocuidado/estetica,False,58950.0,1
BgJeCpWaetc,Volte IRRECONHECÍVEL 🔥 #looksmaxxing #cabeloslindo #skincare #ferias #glowup #bonito,autocuidado/estetica,False,47265.0,-1
XSjtzxCX7y0,GLOWUP EM 2 MESES 🏆 #shape #glowup,autocuidado/estetica,False,415807.0,-1
aU2WpNKuP74,O MELHOR GLOW UP 🔥,autocuidado/estetica,False,2137157.0,-1
n7iYAP4mQbo,Guia glow Up nas férias 1/?,autocuidado/estetica,False,46974.0,1
9VoXgKarV0g,7 Coisas Que Te Deixam MAIS ATRAENTE Rápido,autocuidado/estetica,False,59293.0,1
MFJtzmLPuq8,Corte De Cabelo Que Deves Experimentar! | Glow Up para rapazes 2023,autocuidado/estetica,False,336175.0,1
VPky5hgSmzM,Cara FEIO teve GLOW UP e virou MODELO em 5 PASSOS (Guia Completo),autocuidado/estetica,False,19521.0,-1
DAMxKuu1mOc,De Rosto COMUM a Rosto de MODELO | Como ter GLOW UP em 30 Dias (Sem clickbait),autocuidado/estetica,False,5969.0,-1
E9hM3yhDGXg,Como Criar Uma Rotina do Verdadeiro Looksmaxxing,autocuidado/estetica,False,87927.0,1
1YAzutVbm8I,Selagem no cabelo masculino: alisar é errado? #glowup #modamasculina #shorts,autocuidado/estetica,False,257489.0,1
lPBuQ7zHq0c,De cara NORMAL para MODELO: Técnicas essenciais de GLOWUP Masculino 🔥 EP.04 @taeveniti,autocuidado/estetica,False,53563.0,-1
ayeVzc4qvBY,Como Forçar Seu Corpo e Rosto a Ficarem Mais Bonitos em 7 Dias 💀,autocuidado/estetica,False,60505.0,1
hyTh9CFHLz4,DEFINA SEU ROSTO #bonito #guashamassage #glowup,autocuidado/estetica,False,80840.0,-1
N7uKX7aYSGk,O Guia Sem Enrolação para Ficar Mais Bonito em 2026 (Rápido),autocuidado/estetica,False,31661.0,1
TQil3q71e4Q,DICAS DE GLOW UP! 💪,autocuidado/estetica,False,20194.0,1
4AEeM9fK_HA,COMO TER um ROSTO MAIS ATRAENTE: 7 DETALHES que MUDAM tudo,autocuidado/estetica,False,977.0,1
I8uooCrq1Xs,Cris Lima - Rapariga Eu Sou,autocuidado/estetica,False,1215852.0,0
ILKPXCP_os0,Homem que se cuida é… #short #dicas #glowup,autocuidado/estetica,False,8040.0,1
CQqzEov3qU8,QUAL ATITUDE DOS HOMENS AS MULHERES ADMIRAM? | Mari Vabo,autocuidado/estetica,False,245574.0,-1
hKxciDEhQYc,3 MUDANÇAS SIMPLES que DEIXAM Qualquer HOMEM MAIS BONITO (Funciona Mesmo!),autocuidado/estetica,False,122218.0,1
5xqQqFNAVFw,7 CUIDADOS que TODO HOMEM deveria TER,autocuidado/estetica,False,22533.0,2
Sy-5jgLoeR4,Um homem sozinho tem que saber se cuidar!,autocuidado/estetica,False,614.0,2
7jMTRZ4aiFk,7 ATITUDES que te TRANSFORMAM em um HOMEM DE VALOR,autocuidado/estetica,False,147610.0,-1
uJYd0Gh6PUw,Um Homem Sozinho tem que Saber se Cuidar,autocuidado/estetica,False,43129.0,-1
yU6qi7-souU,Homem que é HOMEM sabe SE CUIDAR 👊,autocuidado/estetica,False,6568.0,1
8LdLrgzzfRc,"APRENDA A CUIDAR MAIS DE VOCÊ | Marcos Lacerda, psicólogo",autocuidado/estetica,False,1103103.0,-1
gyWY641FcNM,5 Passos para Ficar Mais BONITO (mudanças rápidas que funcionam),autocuidado/estetica,False,559125.0,1
RHm62rlXlbU,Homem que não se cuida já desistiu de si mesmo.,autocuidado/estetica,False,97.0,-1
o_S3IpeU9fc,Não fique obcecado com sua APARÊNCIA!,autocuidado/estetica,False,1056778.0,-1
h-IhIhmN58k,5 Coisas que TODO HOMEM DEVE TER para se cuidar melhor,autocuidado/estetica,False,3498.0,0
KPNa4AmHDWE,Zé Neto e Cristiano - Se Cuida (DVD Ao vivo em São José do Rio Preto),autocuidado/estetica,False,83652527.0,0
6JsGYdgN7-A,[1] Homens têm que se cuidar!!,autocuidado/estetica,False,68824.0,-1
w9nsTVjln3U,"Homens, aprendam a se cuidar 🧖🏾 #shorts",autocuidado/estetica,False,13764.0,-1
2Q6eFRuYa2w,Henrique e Juliano - Cuida Bem Dela (DVD Ao vivo em Brasília) [Vídeo Oficial],autocuidado/estetica,False,580467372.0,0
_RoVYwl1mz4,Homem de verdade não se cuida?,autocuidado/estetica,False,1147.0,2
Wp0Q3Z3LVXY,Eu Adotei um Pet Alienígena (meio que),autocuidado/estetica,False,2948162.0,-1
PTcE4AbQ7_g,Quem disse que homem não se cuida? - Clínica Beleza,autocuidado/estetica,False,1485.0,-1
V-wlA7WotoU,o homem tem que se cuidar . #podcast #curiosidade #viral #noticias,autocuidado/estetica,False,1664.0,0
QMYjX0yH6Ho,um homem sozinho tem que saber se cuidar,autocuidado/estetica,False,2319.0,2
KSQAO5fNSQA,Quais Os Cuidados Necessários Para Ter Um Porquinho-da-índia,autocuidado/estetica,False,698332.0,2
dSqoTHeTTn8,Homem não deve se cuidar? Quem disse?,autocuidado/estetica,False,608.0,2
p_oBfKoFau4,Homem também se cuida! #shorts #barba #barbudo #maquiagemmasculina #maquiagem,autocuidado/estetica,False,66604.0,-1
RV5TcwJsejY,3HÁBITOS DE HIGIENE que TODO homem deve ter,autocuidado/estetica,False,43532.0,0
5ZDcqYwDeHg,CUIDADOS PÓS CIRURGIA *Emilly Vick,autocuidado/estetica,False,63105812.0,-1
mfLI3Ngdj0U,Primeira troca de curativo 🤕 #curativos #posoperatorio #cirurgiageral,autocuidado/estetica,False,243252.0,-1
r876F76eAeU,A mulher vê o quanto o homem se cuida,autocuidado/estetica,False,1830.0,-1
QdWlnYi5dY4,"Homem casado, cuidado esse café… sua mulher pode querer deixar os ingredientes separados pra você. 😂",autocuidado/estetica,False,851.0,-1
PdPk65FJ9Ik,bora se cuidar galera #homem #short #casal #casamento,autocuidado/estetica,False,2586.0,-1
X-qSoBlzaNk,Beleza masculina . Homem se cuida também . #cabelomasculino #cabeleireiro #shorts #hairstyle,autocuidado/estetica,False,168.0,1
qUbVBB1lhFs,Homem que se cuida mete respeito (e o Desmatador tá aí pra isso),autocuidado/estetica,False,616.0,2
cdaCNkh3P38,5 SEGREDOS PARA TER O CABELÃO 😱 #dicasdecabelo #cabelo,autocuidado/estetica,False,2514135.0,1
Uvkdd0jNgyw,Coisas de bebê- Parte 2. #educaçãoinfantil #brinquedos #bebês #paracrianças,autocuidado/estetica,False,25728815.0,8
CVX3a0yeVYs,Seja homem pra Ousar se cuidar em todos os níveis. #portugal #aveiro #homem #valor,autocuidado/estetica,False,98.0,2
sIF0a0URA3w,Cheiro de Homem que se cuida!,autocuidado/estetica,False,508.0,-1
JpPW5hFKWGA,16 CUIDADOS PESSOAIS que QUE TODO HOMEM deveria TER,autocuidado/estetica,False,306824.0,2
4DhIK1qA9tA,Multi Men: vitalidade e energia para o homem que se cuida todos os dias,autocuidado/estetica,False,766.0,-1
e5LWkG0baw4,A força do homem tá na coragem de se cuidar.,autocuidado/estetica,False,586.0,-1
LdDaG0iZJJw,"HOMEM MOLE, MULHER DURA #relacionamento #casamento #homens #mulheres",autocuidado/estetica,False,2479252.0,0
DrmhCB1fe-k,Se cuidar também é coisa de homem! #homem #cuidadopersonal #cheiroso #lindo #arrumesecomigo #moda,autocuidado/estetica,False,54.0,2
aqlz04Vw_Yw,Homem também se cuida!,autocuidado/estetica,False,21.0,2
FNNcqI58zXw,O homem não respeita a mulher que não se cuida,autocuidado/estetica,False,4096.0,-1
3a0UGeEh4Ac,Homem tem que se cuidar sim 🥰,autocuidado/estetica,False,13734.0,-1
Ybsx7PmVPCc,Higiene Íntima Masculina: Cuidados que o Homem precisa ter,autocuidado/estetica,False,4530.0,2
473s5qU4ohY,HIDRATAÇÃO É COISA DE HOMEM? | Cuidados Pessoais Masculinos #SHORTS,autocuidado/estetica,False,25868.0,2
aNm1LAaL64w,HOMEM TAMBÉM SE CUIDA!!!,autocuidado/estetica,False,29.0,2
ga2qcVIowYo,Homem Também Se Cuida (Reflita Comigo),autocuidado/estetica,False,28.0,-1
Kexc7xZYCXk,😍Homem que se cuida é outro nível. Não é mesmo?#youtubeshorts #shortvideo #subscribe #shorts #short,autocuidado/estetica,False,458.0,0
XnTMNMFizZU,A MULHER E O CUIDAR | ANAHY D'AMICO,autocuidado/estetica,False,133940.0,-1
ArTTO7oDsvE,Homem também MERECE se cuidar!,autocuidado/estetica,False,240.0,2
W8bWV3m9I3I,Homem também se Cuida Thiago Reis #shorts #viral #thiagoreis,autocuidado/estetica,False,15358.0,0
wrQ0VEXpaLA,✨ a culpa não são dos produtos infantis e sim dos cuidados básicos ✨ leia a descrição,autocuidado/estetica,False,503921.0,-1
sJFrH4ROkOg,Por que homem tem dificuldade de cuidar da saúde?,autocuidado/estetica,False,1348.0,2
u5CLuimzAIY,Homem também se cuida! #shortvideo #beleza #antesedepois,autocuidado/estetica,False,936.0,2
W8wxtiBvoVA,Tem gente que acha que homem se cuida com qualquer coisa…,autocuidado/estetica,False,16.0,2
ZXkKrYqJFWQ,O HOMEM DEVE CUIDAR DA MULHER! #sarahsheeva #cortes #homem #mulher #shortvideo #shorts #jesus #Deus,autocuidado/estetica,False,7767.0,-1
nuXMBtpEIec,"“Homem que se cuida é raro. Mas é forte.”Cuidar da saúde não te faz fraco.Te faz inteligente, presen",autocuidado/estetica,False,74.0,2
_vZp3SGIrZE,QUANDO O PAI FICA CUIDANDO DOS FILHOS,autocuidado/estetica,False,18477986.0,0
YWXJcAYTD2w,FILIPE COSTA - HOMEM TAMBÉM SE CUIDA (Studio João Franco),autocuidado/estetica,False,202.0,0
HP7tLTD4hRs,Já foi atendido pelo filho? @marcotuliodavi #shorts,autocuidado/estetica,False,30273484.0,-1
piAbRnzQtEo,Se não fossem nossos filhos já teria perdido minha esposa 😂 #bebereborn #reborn #comedia #baby,autocuidado/estetica,False,2553642.0,8
qyP31uQ5VUo,um homem sozinho sabe se cuidar,autocuidado/estetica,False,1628.0,2
DXVJwwlG_MU,UM HOMEM SOZINHO TEM QUE SABER SE CUIDAR 🤠,autocuidado/estetica,False,845.0,2
MgziMchB9Lg,Homem também se Cuida linha Hair masculina Ozonteck ozônio cuidando do seu cabelo,autocuidado/estetica,False,12.0,1
tW0ltqH1HTM,😍Homem que se cuida é outro nível. Não é mesmo? #youtubeshorts #shortvideo #shorts #short,autocuidado/estetica,False,54.0,0
2CzoZPr8L-c,Cuidar da Saúde é Coisa de Homem - Dr. Ricardo Rocha,autocuidado/estetica,False,533.0,2
omzySQicCYU,Quem se ama se cuida! Saúde do homem,autocuidado/estetica,False,40.0,-1
95D8KABPfzk,Me diz onde está escrito que homem não pode se cuidar?? #estetica #saúde #harmonizacao #massage,autocuidado/estetica,False,32.0,2
GbsR1raI-Vw,Um homem sozinho precisa se cuidar.,autocuidado/estetica,False,1413.0,2
DbDMDFU42Bo,O HOMEM ENVELHECE MELHOR ( PARTE 1 ) #shorts #homem #viral #envelhecerbem #cuidados #saude #amor,autocuidado/estetica,False,2172.0,0
oomQ99A7VUM,Novembro é o mês de mostrar que homem também se cuida.,autocuidado/estetica,False,28.0,2
pj9ANCZNF1E,Quando o homem cuida da mulher e esquece de se cuidar #comedia #humor #viral #fy #shorts,autocuidado/estetica,False,72183.0,0
RuAcMplRWQc,"Seja homem para se cuidar, sentir e ser você por inteiro com Natura Homem",autocuidado/estetica,False,4837860.0,-1
hflrxkB1XvY,um homem sozinho tem que sabe se cuidar,autocuidado/estetica,False,18027.0,2
PYZTpyK2dLs,Como as pessoas reagem quando um homem preto se cuida?,autocuidado/estetica,False,165.0,-1
hgQD8pF1mv8,Processo de crescimento da minha unha | #shorts #youtubeshorts #aninha #viral #unhas,autocuidado/estetica,False,2321307.0,-1
mnmtXbb5Ghs,HOMEM TAMBÉM SE CUIDA! VOCÊ TEM SE CUIDADO? Comente aqui,autocuidado/estetica,False,258.0,2
7bXDCHNii44,"Limpeza de pele profunda, homem também se cuida! Agende sua limpeza de pele. @estetica.luciabritto",autocuidado/estetica,False,36.0,-1
EiqtBi1rzos,Homem também se Cuida: linha de cuidados diários para homens da Natura Homem - Gabi Melo Consultoria,autocuidado/estetica,False,74.0,2
XIo9fnn3sso,Cuidado - Nattan (DVD AO VIVO),autocuidado/estetica,False,18583194.0,-1
ej-31RcAxcM,SE CUIDA HOMEM! Aqui estamos lhe esperando pra melhorar sua Saúde! #fisioterapia #Macapá,autocuidado/estetica,False,638.0,2
GAR8SC1zmdY,coisas que todo homem que se cuida faz mas não conta #autocuidado #belezamasculina,autocuidado/estetica,False,11966.0,2
a9IpmPC8a4g,Homem tem ciúmes da mulher que se cuida,autocuidado/estetica,False,101297.0,-1
8lDfVQlUaIE,3 regras para superar o fim de um relacionamento,autocuidado/estetica,False,297808.0,0
CBNxrXK1SxE,CUIDADOS BÁSICOS QUE DEIXAM QUALQUER HOMEM MAIS BONITO,autocuidado/estetica,False,147051.0,2
t5T50LHuvkY,ESTÉTICA MASCULINA! QUEM DISSE QUE HOMEM NÃO SE CUIDA?,autocuidado/estetica,False,251.0,-1
FFdQk7AnM0g,Homem tem ciúmes da mulher que se cuida,autocuidado/estetica,False,2891.0,-1
tnVVDdqLeIE,HOMEM tem que se cuidar!,autocuidado/estetica,False,3403.0,-1
T01vw_tavx0,Dicas de beleza que toda garota deve saber💗💅🏻# higiene #autocuidado #produtosdebeleza #cleangirl,autocuidado/estetica,False,925250.0,2
xfk_8VdqpMk,Quem falou que homem não se cuida?,autocuidado/estetica,False,1400.0,2
irVj-MKep7w,Grooming | Quanto um homem deve se cuidar?,autocuidado/estetica,False,2853.0,-1
tl09dvbIktg,Homem que se cuida tem outra postura.,autocuidado/estetica,False,1869.0,-1
0m1xFv6liuE,DE TUDO UM POUCO - Homem que é homem se cuida 3/3,autocuidado/estetica,False,107.0,2
qXq4nLM5OLs,dicas para meninas de 9/14 anos,autocuidado/estetica,False,594720.0,0
zC8AV0dJo7E,ISSO É MALDADE? Veja o que fizeram com o filhotinho! 😢🐶”@CountryPuppyDog #shorts,autocuidado/estetica,False,8225193.0,-1
H_jVUC7nUtA,HOMEM TAMBÉM SE CUIDA!,autocuidado/estetica,False,37.0,2
17vMOvEjSQQ,A cultura do homem não se cuidar | Diogo Wink,autocuidado/estetica,False,2086.0,1
moH1pAMmZj8,O HOMEM QUE SE CUIDA Tem Seu VALOR #motivacao #vencer #fitness #bodybuilding #motivacional #viral,autocuidado/estetica,False,89.0,0
fsJ12AABEqc,Homem Também se Cuida,autocuidado/estetica,False,142.0,2
65zIkiN4x_E,T02. EP05 - Novembro Azul - Homem também se cuida,autocuidado/estetica,False,65.0,2
suk1PT2PrfE,Energia feminina ♥️ #energiafeminina #feminilidade,autocuidado/estetica,False,603210.0,0
V15hhOm8PzY,CUIDADOS com a UNHA do HOMEM,autocuidado/estetica,False,613.0,-1
2YqqWEvaRjg,Israel Novaes - Cuidando De Longe ft. Jefferson Moraes,autocuidado/estetica,False,13341014.0,9
tXhLJuniXXw,ERROS que te impede de ter cabelos longos e saudáveis! #shorts #cabelos #dica #beleza #cabelo,autocuidado/estetica,False,1594387.0,1
D9636qHfFQY,Se cuidar não é coisa de homem! Será?,autocuidado/estetica,False,745.0,0
lwTkVR5L08Y,Descubra como cuidar da sua boneca bebê reborn 😍 #bebereborn #reborn #boneca #brincardeboneca,autocuidado/estetica,False,3727103.0,8
L_l9stFwl_s,O HOMEM ESTÁ SE CUIDANDO MAIS #empreendedorismo #cuidados,autocuidado/estetica,False,70.0,2
8erwybuIE-c,DE TUDO UM POUCO - Homem que é homem se cuida 2/3,autocuidado/estetica,False,95.0,2
YhLWRGZKr9w,Se não tá cuidando nem de tu como é que vai cuidar bem de mim?🤣 #seresta #brega #arrocha,autocuidado/estetica,False,59989.0,-1
sDsfDr7xVQs,É bonito é o homem se cuidar || cardoso #shorts #cardoso #home #lindos,autocuidado/estetica,False,658.0,-1
yQo5fPlHWIY,Novembro Azul 2019 - Coisa de Homem é se cuidar!,autocuidado/estetica,False,13.0,2
pOIskudK4hw,Rotina com a bebe reborn - @familiapontesoficial,autocuidado/estetica,False,14317868.0,8
I-4fndYPgUk,Barbeaia Kaminski - Homem que é homem se cuida #movember,autocuidado/estetica,False,29.0,2
H5RM5z-ALAI,Vamos combinar? Essa história de que homem não precisa se cuidar não existe.,autocuidado/estetica,False,546.0,-1
4ogwh73V918,Dia do Homem - Por que os homens têm dificuldade em cuidar da própria saúde?,autocuidado/estetica,False,358.0,2
1JxttuVVa0k,Ela ENSINOU como cuidar do bebê! #curiosidades,autocuidado/estetica,False,11682436.0,8
o3W6d5sGYu4,Linha completa do #Boníssimo de #avatim para o cuidado do #homem que ama se cuidar. #homemmoderno,autocuidado/estetica,False,459.0,2
DGfYt4qoWBg,Men Spa BH - O Espaço para o homem que se cuida,autocuidado/estetica,False,40.0,2
3ngPMOUmSPs,um homem sozinho tem que saber se cuidar,autocuidado/estetica,False,18514.0,2
FCegnf1epTo,🎶 O PODER DA MÚSICA RELAXANTE NA SUA ROTINA DE SKINCARE! @darceyangel #skincare #dicas #acne #pele,autocuidado/estetica,False,699367.0,-1
MA9RW4wH7Gs,Nenhuma mulher quer um homem que não se cuida - Cortes,autocuidado/estetica,False,256.0,0
ApbvfxWzjhk,Homem também precisa se cuidar! Dr. Igor Debroi fala sobre saúde masculina,autocuidado/estetica,False,19.0,2
n88LsVsdbsU,Novembro Azul: cuidar da saúde também é coisa de homem,autocuidado/estetica,False,34.0,2
NivzJs1GJRQ,Homem também pode se cuidar.,autocuidado/estetica,False,792.0,2
UxB-zF4wGUU,Henrique & Juliano - Cuida Bem Dela (Live in Brasília) [Official Video],autocuidado/estetica,False,9785705.0,0
7zCFHDIIET8,tipos de cabelo crespo:,autocuidado/estetica,False,323722.0,1
XOiH3ZeHeoI,Novembro Azul: Homem de atitude se cuida o ano inteiro,autocuidado/estetica,False,21862.0,2
jLRv3rcMYYA,"Oi, eu sou o João!Homem precisa se cuidar, fazer exames e ter seu médico aliado ao longo da vida.",autocuidado/estetica,False,68.0,2
E1xhwS0At5o,Todo homem precisa se cuidar!,autocuidado/estetica,False,3692.0,1
7I2xGp37J38,Se cuidar com certeza também é coisa de homem,autocuidado/estetica,False,1.0,-1
wsnTcFudg00,Higiene Masculina como o Homem deve se cuidar!,autocuidado/estetica,False,1057.0,2
hKTtygV4PWc,O homem que se cuida ele é lindo.cardoso345,autocuidado/estetica,False,1517.0,2
5xp3P72Si0A,GROOMING PARA CABELO MASCULINO: O Que é Grooming Para Cabelo e Como Usar | New Old Man,autocuidado/estetica,False,7930.0,-1
7rlieqh661E,COMO USAR O GROOMING? | Knucklehead,autocuidado/estetica,False,5838.0,1
emwz2gvv8t8,GROOMING E LEAVE-IN: Diferença Entre Grooming e Leave-In | New Old Man,autocuidado/estetica,False,9627.0,-1
2bl8O4zjZg4,Pomada Cabelo masculina top 3 🧴🙆‍♂️#cabelomasculino #hairstyle #shorts,autocuidado/estetica,False,184018.0,1
AAIb_t_pp1k,Textura e Grooming no Cabelo Masculino | Estilo e Benefícios ✂️🔥,autocuidado/estetica,False,110.0,1
P-RLaTjd-28,PRA QUE SERVE O GROOMING?,autocuidado/estetica,False,36272.0,1
gozXv2luLP8,"Tutorial do cabelo side part, no estilo “Old money” Cupom: igor10 no site da brabos!",autocuidado/estetica,False,114601.0,-1
VKuyTZLEtGY,Como usar pomada de cabelo efeito seco (matte) - YOU MAN #youmangrooming #hairstyle #youman,autocuidado/estetica,False,305236.0,1
7r0YNZKuWBQ,Breier usa gel no cabelo?,autocuidado/estetica,False,555523.0,1
4eZFJ_ajYSw,CORTES DE CABELO MASCULINO QUE AS MULHERES MAIS ODEIAM #SHORTS,autocuidado/estetica,False,8876901.0,2
WDm65OJwgAg,Como arrumar o cabelo masculino rápido | Tutorial prático com poucos produtos #modamasculina #glowup,autocuidado/estetica,False,26433.0,1
icK-DYzwc7s,Dica para finalizar cabelos médios e longos com aspecto mais natural #barbearia #barbeirosbrasil,autocuidado/estetica,False,395913.0,1
72SxS3jHdmE,Como usar o Grooming Spray nos cabelos - QOD Barber Shop,autocuidado/estetica,False,6864.0,1
aMhURia_qNw,Leave In para Cabelo Masculino - Como Usar o Leave in Fox For Men,autocuidado/estetica,False,114000.0,-1
4DmZ1Y2utK4,Como usar o Grooming | Almir Laurindo,autocuidado/estetica,False,7954.0,1
jCQcCRUbU1E,Leave in para Cabelo Masculino Fox For Men,autocuidado/estetica,False,86556.0,-1
eZ0TsD5iLgA,3 benefícios do Grooming | Pomade Million,autocuidado/estetica,False,365.0,1
-0zvTFFL-kU,"Produtos para fazer Penteado Masculino,Pomada modeladora,Spray Fixador,grooming para cabelo,Gel Cola",autocuidado/estetica,False,1852.0,1
_yqVsu1Dvx4,Criando forma e textura! #cortemasculino #corte #tesoura # #barbeiro #barber #barbeirobrasil,autocuidado/estetica,False,151045.0,1
_57ZlMm_Ygg,Como escovar o cabelo de forma organizada. #cabelomasculino #barbearia,autocuidado/estetica,False,189977.0,1
pcNN07JF4vQ,Grooming - Baboon,autocuidado/estetica,False,17524.0,1
IMPD6q1s-aI,Batalha de Cabelos 💆‍♀️ - Produto Grooming Babum em Ação! 🌟 #barbershop #cursobarbeiro,autocuidado/estetica,False,11786.0,1
9Ff87VWks7Y,Tutorial corte social #shorts #tutorial #aula #barbearia,autocuidado/estetica,False,1058859.0,1
jYOJP_P7F88,Grooming Masculino: De 0 a Jedi da Beleza em 5 Passos,autocuidado/estetica,False,38.0,1
ULzmKyBc1uM,Como usar o grooming e para que ser ? #barber #barbeirotop #cabelo #comoterbarba #tutorial,autocuidado/estetica,False,24572.0,1
TDH1vSvBe_U,Grooming é ideal para preparação do corte e até mesmo para finalização de penteados.,autocuidado/estetica,False,10169.0,1
8yaXENwX5Cs,Cabelo zuado e ressecado nunca mais 👊,autocuidado/estetica,False,508661.0,1
SZ8IYqLylj8,Corte de cabelo médio em camadas | Estilo italiano casual #glowup #modamasculina #shorts,autocuidado/estetica,False,336811.0,1
r35Cb6eHp5o,Você conhece o grooming?,autocuidado/estetica,False,2920.0,1
i3CrGLnaCqI,Penteado Slicked Back com pomada efeito úmido MAJOR 🔥,autocuidado/estetica,False,458158.0,6
46Syk5co4cU,Usar grooming ajuda?,autocuidado/estetica,False,1855.0,1
vCcujXK-XLQ,Dica de como usar o Grooming na finalização #barbershop #barbeariabrasil #barbeiro #barberia,autocuidado/estetica,False,5244.0,1
BEnCkmnxs6s,USEI O GROOMING E A MATT PASTE DA STMNT PARA ESTE PENTEADO👏#stmnt #barbearia #menshair,autocuidado/estetica,False,26201.0,-1
VOSDP1wodqE,ESTILO OLD MONEY ASMR #barbershop #barber #cortetop #haircut #cortescurtos #hairstyle,autocuidado/estetica,False,882440.0,1
s71qA-3cRFI,CUIDADOS PESSOAIS MASCULINOS (GROOMING): TORNE-SE UM CARA REGULAR NO BARBEIRO (PARTE 1 DE 9),autocuidado/estetica,False,1270.0,0
bi813JwHM2g,Melhor barbeiro ✂️💈 Melhor barbeiro no mundo 2017💈 Grooming Page,autocuidado/estetica,False,378.0,1
1-b_l_CQ0k4,GROOMING - CUIDADOS PESSOAIS MASCULINOS,autocuidado/estetica,False,1296.0,0
Gp6qL1WICN4,Por que você nunca deve fazer o pezinho com máquina #glowup #modamasculina #shorts,autocuidado/estetica,False,3192778.0,1
HZNn4mvvwMI,Cuidados Masculinos 🧔🏻‍♂️🧴,autocuidado/estetica,True,72.0,-1
kxrJzbxwtcY,Ideias de cortes de cabelo masculino de cria..🕊,autocuidado/estetica,False,1584422.0,1
DSYKdx2lXyg,CUIDADOS PESSOAIS MASCULINOS (GROOMING): CUIDE DA SUA BARBA (PARTE 2 DE 9),autocuidado/estetica,False,401.0,0
3U-K_viWY_M,Cuidados diários com a barba,autocuidado/estetica,False,7294.0,1
JQDTfvSx5gM,BARBA: 8 TIPOS DE ERROS que você tem que evitar,autocuidado/estetica,False,24443.0,1
-uYGIlvQLdY,7 CUIDADOS COM A BARBA ( que todo HOMEM DEVE TER ),autocuidado/estetica,False,27135.0,1
_AbAORGBhZ8,BARBA: 8 REGRAS não escritas sobre deixar a BARBA CRESCER,autocuidado/estetica,False,145406.0,1
Fm-aDFK9Ol4,"Fases Da Barba - o que acontece, cuidados e produtos indicados para cada fase",autocuidado/estetica,False,504045.0,1
6ch8ByjB_S4,CUIDADOS com a BARBA na hora de DORMIR,autocuidado/estetica,False,7018.0,1
gcXhCgX4LcI,8 dicas essenciais para prevenir BOLINHAS NA BARBA 🧔,autocuidado/estetica,False,44178.0,-1
Xp1hHyGoAf8,A rotina de cuidados com a barba: quantas vezes ao dia você deve usar cada produto?,autocuidado/estetica,False,2893.0,1
83cCnbUi-A8,BARBA LONGA: 6 PASSOS para TER (e manter) uma,autocuidado/estetica,False,16005.0,1
3Tz-Lyn9GdQ,BARBA CRESPA! Aprenda 6 Dicas Poderosas para Mantê-la Linda e Saudável!,autocuidado/estetica,False,12214.0,1
QVZoangc0PI,O GUIA COMPLETO dos PRODUTOS pra BARBA: Pra que serve cada um Deles? | Cuidados Masculinos,autocuidado/estetica,False,52799.0,1
n0v2NRmoTJM,Dicas para Deixar a Sua Barba Grande.. #minoxidil #barba #barbapretta,autocuidado/estetica,False,287773.0,1
PCo92CcOmk4,Comprei MINOXIDIL!!! #shorts,autocuidado/estetica,False,4420407.0,-1
gpBn69M5NV4,Sequência correta do uso de produtos na barba,autocuidado/estetica,False,17807.0,1
NEStvH6FC9g,Jeito diferente que deixa a barba bonita e alinhada #barber #barbershop,autocuidado/estetica,False,8344045.0,1
8jJ2Lr2cdA0,Dicas simples de como manter a barba lisa,autocuidado/estetica,False,621196.0,1
87s3JObnsI0,A Melhor Rotina de Cuidados Pra Cada Tamanho de Barba,autocuidado/estetica,False,5388.0,1
8EbLYjUxO1E,DESCUBRA COMO TER A MELHOR BARBA! Evite Estes 5 ERROS,autocuidado/estetica,False,31245.0,1
2rYVRPIObcM,Vai deixar a barba crescer? 5 Coisas que você precisa saber.,autocuidado/estetica,False,396815.0,1
CBlHXwNYG9I,É por isso que você tem que cuidar da barba. #barba #barbeiro #barbudo,autocuidado/estetica,False,33793.0,1
L4c1kcG15ic,Antes X Depois | Barba com Minoxidil dos Inscritos 🔥,autocuidado/estetica,False,630648.0,1
Nh7f10Mbrvk,Forma correta para fazer barba e não corta o cliente,autocuidado/estetica,False,537818.0,1
hcCNJjrAN7g,Como Deixar a BARBA LISA? (5 Dicas EXTREMAMENTE Poderosas e Simples),autocuidado/estetica,False,218355.0,1
yxbOllSjp1g,Alinhamento de barba - barba grisalha #hair,autocuidado/estetica,False,235305.0,1
BKLFCVl9cno,Barba grande? 5 passos para mantê-la saudável #barbagrande #cuidados,autocuidado/estetica,False,8716.0,1
AvQTSZBvj7k,Barba TOP!,autocuidado/estetica,False,171210.0,0
g4rB10QpV1E,BARBA DE RESPEITO: Os Produtos que Todo Homem Deveria Usar Diariamente!,autocuidado/estetica,False,1215.0,1
Bqing-_LMhM,HENNA COBRE PELOS BRANCOS SIM! O grisalho indesejado na barba não precisa ser um problema!,autocuidado/estetica,False,234794.0,1
usN24M-X6os,Fazendo a Linha do Pescoço na Barba,autocuidado/estetica,False,248955.0,1
Jv3YHUyAIgg,COMO FAZER A BARBA CRESCER (em 6 dicas simples|) | GLOW UP MASCULINO,autocuidado/estetica,False,61144.0,1
0Z_QcrOhS_0,"PASSO A PASSO para a BARBA CRESCER BONITA! Se @AleBarbaRuiva falou é verdade, SEGUE que CRESCE!",autocuidado/estetica,False,38325.0,1
FCH6uirv4ug,A Barba Italiana: O Estilo Mais Sofisticado do Momento #shorts #glowup,autocuidado/estetica,False,1231076.0,-1
VQAv-NTddaQ,Como fazer a barba em casa,autocuidado/estetica,False,680278.0,1
mXN2gyUvq8E,Como usar Minoxidil pra Barba crescer,autocuidado/estetica,False,1219384.0,1
q-TCuSiq524,BARBA CRESPA: 5 DICAS para CUIDAR dela,autocuidado/estetica,False,71481.0,1
PCJma-NQhAk,Você já conhecia esse estilo de barba?! Ainda não?! Se inscreva aqui para mais dicas,autocuidado/estetica,False,298056.0,1
AjTOLZ6nPxo,Grecin 5 Barba e Bigode 🧔🏻‍♂️💓 Elimine os grisalhos em 5 minutos. #vonnycosmeticos #barbaebigode,autocuidado/estetica,False,137678.0,-1
78a1PJk1vu8,VOCÊ SABE PRA QUE SERVE O BALM PRA BARBA?,autocuidado/estetica,False,72676.0,1
PwuOU_sB1F4,PRODUTOS QUE TODO BARBUDO DEVE TER!,autocuidado/estetica,False,99689.0,1
vC8zFGKKFHk,"Como ter a barba macia , hidratada e alinhada !",autocuidado/estetica,False,127261.0,1
ufpF2oHaAI4,COMO CUIDAR DA BARBA #barba #cuidadospessoais,autocuidado/estetica,False,26748.0,1
nzd4cjKcSYM,Cuidado pra nao ter uma barba que deixa você com papada! 🧔🏻‍♂️ #dicas #barba,autocuidado/estetica,False,1021317.0,1
QH4XSUhzra0,Jamais faça a barba assim! 👀,autocuidado/estetica,False,1261946.0,1
le1asy2p5Mg,QUAIS SÃO OS CINCO ESTÁGIOS DA BARBA? #barba #moda,autocuidado/estetica,False,319859.0,1
KfthMZvYcTQ,PORQUE A BARBA COÇA? | CUIDADOS COM A PELE,autocuidado/estetica,False,87932.0,1
cj_5weHrmo8,DIFERENÇA ENTRE BALM E OLEO PRA BARBA SHORTS | O que é um BALM e como usá-lo?,autocuidado/estetica,False,57253.0,1
BAdtjP5a2zI,2 MESES usando MINOXIDIL (evolução dos inscritos) #barba #minoxidil,autocuidado/estetica,False,324924.0,1
wYf225oCU-k,Porque usar PENTE DE MADEIRA NA BARBA #Shorts,autocuidado/estetica,False,95219.0,1
PolRXb5vL1I,BARBA CRESPA: Pentear é a Chave para Estilo e Saúde! #barba #crespa #pentearabarba #dicas #shorts,autocuidado/estetica,False,53835.0,1
Bq_j9Mu8Qc8,Balm x Óleo de Barba. Qual o melhor?,autocuidado/estetica,False,192159.0,1
EIe0DgY7fJE,Dica rápida para Barba 💈,autocuidado/estetica,False,5400.0,1
-kGluP8EtGM,Sabe fazer a barba sem se cortar ou ficar vermelha? Salve pra não perder #mencare #victorsallaberry,autocuidado/estetica,False,331823.0,1
5vKO63aw-8c,Dica pra ter resultados 10x mais rápido usando Minoxidil! #barba #barbeiro #minoxidil #short #shorts,autocuidado/estetica,False,109593.0,1
y3RvnyZNA2A,"Barba começando crescer, 5 cuidados que não podem faltar",autocuidado/estetica,False,5062.0,1
G5BrpeWy4jU,Vício de passar a mão na barba. É fácil resolver. #barba #sobrebarba,autocuidado/estetica,False,23497.0,1
GVMAU-fqG9E,Tem problema misturar BALM com ÓLEO DE BARBA?,autocuidado/estetica,False,35885.0,1
ZjVGGo4pu08,Cuidados com a barba | Men's Market,autocuidado/estetica,False,150780.0,1
DEHvYO8WQLE,Shampoo para Barba: Quando e Quantas Vezes Usar? #barba #shampoo #dicas #como #shorts,autocuidado/estetica,False,12562.0,1
Yuk8UIsbEGI,Por que quando deixamos a barba crescer ela coça tanto?,autocuidado/estetica,False,586869.0,1
1zRCTn79ELM,"Fases da Barba: o que acontece, como cuidar e o que usar? BARBA CURTA #barba #fases #shorts",autocuidado/estetica,False,34896.0,1
Tt_1MYBTv4k,COMO FAZER A BARBA CRESCER EM 2 MESES,autocuidado/estetica,False,58302.0,1
XkwWByMF3CQ,ANTE E DEPOIS DE UMA BARBA COM FALHA 💥 fez sentido? envie para seu amigo que tem barba falhada 😃,autocuidado/estetica,False,192678.0,1
ceRSKF32nqA,3 Produtos pra uma barba saudável 🧔🏻,autocuidado/estetica,False,35240.0,1
2YU7hPUxW3s,Barba Dura: Como Deixar os Pelos Mais Macios,autocuidado/estetica,False,88000.0,1
hTqj2pqryBE,Fazer a BARBA ajuda ela a crescer MAIS RÁPIDO?,autocuidado/estetica,False,3565872.0,1
0IfkjBi6KXs,4 Passos para Cuidar da Barba,autocuidado/estetica,False,86126.0,1
74a0WJOqPSE,COMO TER UMA BARBA ALINHADA #shorts,autocuidado/estetica,False,56946.0,1
jjVTjDOSXo8,Barba feita no detalhe com maquininha,autocuidado/estetica,False,977593.0,1
Dcpsfwjh_1g,Aparar a barbaz #barba #barbudo #barbeiro,autocuidado/estetica,False,463166.0,1
Vzk7f2fVk_o,⭐ Como Fazer a BARBA CRESCER mais RÁPIDO | 6 DICAS | Dr Lucas Fustinoni,autocuidado/estetica,False,1514822.0,0
feVKoC4XIZU,10 anos sem cortar a barba! #barba,autocuidado/estetica,False,281898.0,1
Ibqv8fFNPdo,Bigode codigo de barras. #bigode #cria #barbeiro,autocuidado/estetica,False,837619.0,1
5s9C9yMyOa4,Chapinha pra barba? Testei na minha barba e curti o resultado! 🧔🏻‍♂️,autocuidado/estetica,False,173179.0,1
_DZYluYChLU,"ASMR- VOU CUIDAR DE VOCÊ HOMEM (cabelo, barba, chuva e relaxamento total)",autocuidado/estetica,False,96978.0,6
RvzRX1d1OdA,Como Pentear a BARBA LENHADOR( 7 Dicas EXTREMAMENTE Poderosas e Simples),autocuidado/estetica,False,16317.0,1
KTE_MDZB3Yw,Os maiores erros ao deixar a barba crescer. 3⁰ HIDRATAÇÃO #shorts #barba,autocuidado/estetica,False,1219.0,1
kSJIvMsVVoM,"Cabelo cacheado e barba enrolada, entender como estilizar em casa é essencial! #visagismo #cabelo",autocuidado/estetica,False,202209.0,1
byaT-0V0fzM,CUIDADOS QUE TENHO COM A BARBA,autocuidado/estetica,False,21444.0,1
9HP7q0Pk-y4,Isso vai deixar sua barba perfeita e um degradê incrível #modamasculina #glowup #shorts,autocuidado/estetica,False,229265.0,1
zqA5p2hqNKI,Como Cuidar da Barba Branca | E outras dúvidas dos inscritos,autocuidado/estetica,False,10419.0,1
gb2npzBxFR0,10 MESES de tratamento com MINOXIDIL (evolução com minoxidil) #barba #minoxidil,autocuidado/estetica,False,64622.0,1
V2mnAg9qumc,Barba crespa. #barbudo #barba #barbeiro,autocuidado/estetica,False,108652.0,1
LOvBWMuiwxw,Óleo ou Balm de Barba? qual o melhor?,autocuidado/estetica,False,60549.0,1
g978ZdRnBaE,COMO UTILIZAR A LINHA COMPLETA DE CUIDADOS COM A BARBA?,autocuidado/estetica,False,1731.0,1
usGaGtMcsWY,Minoxidil funciona para aumentar a barba ?,autocuidado/estetica,False,302809.0,1
hhRhAMENfR8,Transplante de barba: antes e depois. #transplante #barba #tratamentocapilar #antesedepois #beard,autocuidado/estetica,False,44960.0,1
Dy2smpM33qs,Aumente o Volume da sua Barba com Estes 3 Óleos Vegetais Incríveis!,autocuidado/estetica,False,4047.0,1
KKm6pXyfmmQ,Como usar óleo para barba 30ml - Barba Men,autocuidado/estetica,False,380.0,1
o6b5HT-4xio,Antes de tirar a barba veja esse vídeo 🤣,autocuidado/estetica,False,375627.0,1
cnBea9mnpkA,Qual a diferença entre Balm Hidratante e Modelador? | Cuidados para a Barba,autocuidado/estetica,False,10862.0,1
5ffYbCnrWxo,VEJA ISSO FAZENDO A BARBA NA CERA ⭕️🤯😰 #shorts #shortsvideo #viral,autocuidado/estetica,False,191414.0,-1
ugb99-LcohA,"Produtos Granado Barbearia na Shopmano - Balm, Shampoo de Barba, Pomada e Espuma de Barbear",autocuidado/estetica,False,4313.0,1
C1P-vOzt1IY,DICAS PRA FAZER O CAVANHAQUE #shorts,autocuidado/estetica,False,291718.0,10
gcPxH4o3pdE,A barba ajuda MUITO quem tá ficando careca. E mantê-la em dia é fácil demais! Pega as dicas. #careca,autocuidado/estetica,False,16763.0,1
MIuTR07_dQg,Mulher prefere homem com Barba ou sem Barba?? #barba,autocuidado/estetica,False,14442.0,1
eRuRKU3vetA,Rotina de cuidados com a barba,autocuidado/estetica,False,32589.0,1
0m4szr5Ylwg,Olha só essas dicas de como usar tônico para barba! Comenta o que achou! 👇 #shorts,autocuidado/estetica,False,25206.0,2
FBMtBwOh8Ng,Como tirar caspa da barba e sobrancelha! #barbershop #barbearia #dicas,autocuidado/estetica,False,67795.0,1
wvrgQ95KSI8,CUIDADOS COM A BARBA - PART II. PRODUTOS E CUIDADOS,autocuidado/estetica,False,15910.0,1
2FwgwaKBCIo,BARBA ROUCCA II COMO CUIDAR DA SUA BARBA II TENHA a BARBA que DESEJA II DICAS para BARBA II B.ROUCCA,autocuidado/estetica,False,2745.0,1
3-PXcAdXYhw,ÓLEO ❌ BALM PARA BARBA - Conheça a diferença #barbearia,autocuidado/estetica,False,14266.0,1
wpHJgV3_GOQ,Cuidado! Usar shampoo de cabelo na barba pode ser um grande erro! #shorts,autocuidado/estetica,False,8327.0,1
HPbW2cl4Tpk,As 6 REGRAS DE OURO pra ter uma BARBA DE PRESENÇA | Passos FUNDAMENTAIS que TODO HOMEM DEVE SEGUIR,autocuidado/estetica,False,12847.0,1
nAC0XPnDNI0,CUIDADOS BÁSICOS PARA SE TER UMA BARBA GRANDE!!! #100DIAS DE BARBA!!!,autocuidado/estetica,False,2912.0,1
lUa8oAI7Sh0,Promo BARBA BRAVA - Cuidado com a barba,autocuidado/estetica,False,1772.0,1
XqgPS7IoSvA,Usando a Trimmer da Barba Robusta,autocuidado/estetica,False,5381.0,1
AzP3U4mYDvM,A barba cresce mais!💈 #barba,autocuidado/estetica,False,566.0,1
12Q0kv0Cg3Y,1 mes deixando a barba crescer,autocuidado/estetica,False,69741.0,1
jXqw-hwlyc0,Maquina de Barbear 😱 #medicina #curiosidades #enfermagem #médico #enfermeiro #barbearia #barba,autocuidado/estetica,False,9330241.0,1
Swol3jLTknE,Minoxidil vs Redensyl: Qual o MELHOR para Crescimento de Cabelo e Barba?,autocuidado/estetica,False,5846.0,1
-2zr5wF9wtY,GUIA PARA INICIANTE - PRODUTOS PRA COMEÇAR A CUIDAR DA BARBA!,autocuidado/estetica,False,59631.0,1
yfbPU7M47GU,Como APARAR A BARBA em Casa 🧔🏻,autocuidado/estetica,False,873986.0,1
VjPlXpL9EaA,COCEIRA NA BARBA #shorts,autocuidado/estetica,False,10651.0,1
cvAyG1rJpLY,Se liga essa barbinha. #shorts #barba #barbudo #minoxidil,autocuidado/estetica,False,6849606.0,-1
-N_QLq4rkPE,Cuidados: BARBA CURTA X BARBA LONGA,autocuidado/estetica,False,1066.0,1
3HNXxSWB36Y,Como Combater a Caspa na Barba: Dicas de Kenselen,autocuidado/estetica,False,5786.0,1
iaHvQ0P1HzY,DTUP - Cuidados com a barba masculina,autocuidado/estetica,False,1320.0,1
oj8nrqBKUHU,Era uma vez um bigode… #shorts #barba #barbudo #bigode,autocuidado/estetica,False,276994.0,0
o5ambjheTrU,Todo barbudo precisa saber disso🚨 #shorts #short #barba #viralshort #dicas #cuidados #homem,autocuidado/estetica,False,461.0,-1
OIj6576sXYI,Visagismo masculino: dicas de cuidados para cabelo e barba - Vida Melhor - 05/07/18,autocuidado/estetica,False,20407.0,1
Yfmt_XYfLlE,PRIMEIROS PASSOS PARA FICAR MAIS BONITO! #cabelomasculino #barba,autocuidado/estetica,False,27734.0,1
1PuI9qeS9HY,Como se depilar da forma correta? #saude #curiosidades,autocuidado/estetica,False,1903033.0,0
eJENLVTUo2E,VLOG: Cuidados com a barba e meu novo corte de cabelo.,autocuidado/estetica,False,10994.0,0
tjz3olAVJdw,TIREI A BARBA APÓS 10 ANOS SENDO BARBUDO,autocuidado/estetica,False,1195574.0,1
DnxZ1WRqwZ4,20 dias - resultado transplante de barba,autocuidado/estetica,False,80328.0,1
mHH2cJ7xqvw,COMO TER A BARBA PERFEITA || RIKO ROCHA,autocuidado/estetica,False,15110.0,1
9oR2aNHbEZI,CORTE PARA DEIXAR O CABELO CRESCER!,autocuidado/estetica,True,42204.0,1
PYiadj1jpAE,Se liga essa barba. #barba #barbudo #barbeiro,autocuidado/estetica,False,1076008.0,1
hbxXhYXkpUQ,Cuidados com a barba | 10/06/2019 | DE TUDO UM POUCO,autocuidado/estetica,False,371.0,0
jBFdyVoeAWU,CUIDADOS COM A BARBA EM CASA - passo a passo da minha rotina diária de cuidados com a BARBA,autocuidado/estetica,False,323.0,1
HEdsBANj6JQ,Melhor forma de preencher a falha da barba? #metodofullbarba #preenchimentodebarba #minoxidil,autocuidado/estetica,False,195285.0,1
AXy-iN5CTqg,"Como Fazer BARBA e Cabelo (AO VIVO) Tendencia Masculina, Como Fazer A Barba",autocuidado/estetica,True,16426.0,-1
zcH25jL-Cjc,Escova ou Pente Para Barba: quando e como usar cada um?,autocuidado/estetica,False,110503.0,1
H3wl5Hx_8MY,barba de um homem trans cuidados,autocuidado/estetica,False,1151.0,1
W5QmAx8JX3s,"Mito ou verdade, depilação a laser na barba dói? #depilacaoalaser #barba #humor #comedia #casal",autocuidado/estetica,False,17450.0,1
cnoEDig3lp8,"Cuidados com a barba: hidratação, alinhamento e desenho.",autocuidado/estetica,False,3097.0,1
ASaIO6Z4LV8,Homem No Espelho YouTube Cuidados com a barba,autocuidado/estetica,False,2595.0,1
-p_rGfrz_Q8,Tipos de Balm Para Barba - Cuidado Masculino | New Old Man,autocuidado/estetica,False,1130.0,1
X9BHtU3jV_0,POR QUE COREANOS NÃO DEIXAM A BARBA CRESCER?🇰🇷🧔‍♂️,autocuidado/estetica,False,4785039.0,-1
B92xciC_yqA,Natura Homem Cuidados com a barba @veronicaferrazNatura,autocuidado/estetica,False,36.0,1
V1ttLv8X3l4,Redensyl Funciona? Veja Como Ele Acelera o Crescimento da Barba e Cabelo!,autocuidado/estetica,False,5176.0,1
YetaNNCNRZQ,Como usar: Balm de Barba | Light my Fire,autocuidado/estetica,False,70424.0,1
QA2VXWjHals,Oque as Mulheres mais gostam no Homem #shorts,autocuidado/estetica,False,2245710.0,0
CwkLuspOyzk,CUIDE DA BARBA POR MENOS DE R$90! #Shorts,autocuidado/estetica,True,1608.0,1
pfEBKMvqGGY,Barba crespa. #barba #barbudo #barbeiro,autocuidado/estetica,False,72189.0,1
k_Vo3rDS8WI,BALM EM CERA - OLD BEARD #BALM #barba #barbudo #beard #homem #cuidadoscomapele #cosmeticos #eu #bom,autocuidado/estetica,False,67.0,1
jMPspBaxdFk,💈 COMO TIRAR VOLUME E DEIXAR COMPRIMENTO DA BARBA - Wahl 2 em 1 style 💈,autocuidado/estetica,False,161823.0,1
MAHB0azYJdo,MAN TO MAN DICAS PARA UMA BARBA BONITA,autocuidado/estetica,False,872.0,1
cQFd5ExZ3rY,Dra. Tatiana Andrade - Dicas de Cuidados com a Barba,autocuidado/estetica,False,258.0,1
S3Z5nplzeYU,Conheça o ÓLEO PARA BARBA ID MEN | New Old Man,autocuidado/estetica,False,240.0,1
jkxPW3uGcpw,A barba atrai mulheres!💈 #barba #barbados #barbershop,autocuidado/estetica,False,3458.0,1
pBCdRkmUhvg,"Curiosidades Sobre barba,crescimento da barba🧔‍♂️ #barba #barbados #barber #barbearia",autocuidado/estetica,False,1618.0,1
VcqZDGDSaEI,Dermatologista explica como cuidar melhor da pele masculina,autocuidado/estetica,False,2495.0,-1
gjJIEmF3qQ0,Leucodermia Solar – Manchinhas Brancas na Pele dos Braços e Pernas – Dr. Paulo Muller Dermatologista,autocuidado/estetica,False,2613451.0,-1
YPH9AWO-TI4,Psoríase – Novidades no Tratamento (2024) – Dr. Paulo Müller Dermatologista.,autocuidado/estetica,False,161679.0,-1
_jGHCDr6SNE,O Que é Ideal Para Tirar A Oleosidade da Pele? Dermatologista responde,autocuidado/estetica,False,55993.0,1
LU92MVvaNEY,Cicaplast: SEGREDO De R$40 Da Cirurgia Plástica Que Viralizou (RESOLVE ATÉ ISTO),autocuidado/estetica,True,1689204.0,1
yx7aOh0Bfc0,Dermatologista Revela Qual Vitacid é o Mais Eficiente para a Sua Pele!,autocuidado/estetica,False,26744.0,-1
ADgInmtLhnw,"TRATAMENTOS para ACNE (espinhas), com Luiz Gameiro, dermatologista",autocuidado/estetica,False,14619.0,-1
0TShHn-2eqw,⚠️ CICATRIZAÇÃO DO LASER DUAL MODE: #estetica #dermatosp #beleza,autocuidado/estetica,False,163886.0,-1
Npj96UAsLlg,Melasma 😱 #medicina #medico #enfermagem #saude #saúde #dermatologia #dermatologista Manchas no Rosto,autocuidado/estetica,False,1081028.0,1
eYhL1bNctWs,4 FATOS sobre a PELE MASCULINA,autocuidado/estetica,False,384.0,-1
fsDteJjUaCM,Coisas que eu fazia errado antes de ser DERMATOLOGISTA,autocuidado/estetica,False,3047420.0,-1
PRHP-pKnSEg,Filamentos sebáceos #skincare #dermatologista,autocuidado/estetica,False,65314.0,1
pZgAEPrrcss,O ingrediente antirrugas Nº1 custa menos de R$10 (e você provavelmente já tem em casa),autocuidado/estetica,True,1254015.0,-1
SEdPWe6Cz6A,SKINCARE para pele com MELASMA | Dermatologista Dra. Marina Hayashida,autocuidado/estetica,False,107085.0,1
4vCnMPe_h10,Nívea óleo de coco e Monoi - dermatologista explica,autocuidado/estetica,False,72811.0,1
B-UApWcyLdo,ESPINHAS NO ROSTO O QUE FAZER? | Dra Marina Hayashida Dermatologista,autocuidado/estetica,False,315754.0,-1
rQ20IE9LgoE,Pele inflamada Seca Com coceira Conheça os 5 melhores hidratantes indicados pela DERMATOLOGISTA,autocuidado/estetica,False,15952.0,-1
pBKWRGVIb7s,Laser de CO2 Antes e Depois 😱 #medicina #medico #enfermagem #enfermeiro #enfermeira Peeling a Laser,autocuidado/estetica,False,1604833.0,-1
Jnq5A4ewWbs,"BARBA irritada ou encravada (foliculite)? Com Luiz Gameiro, dermatologista",autocuidado/estetica,False,18763.0,-1
OaLMqcvd6i0,Hidratação da Pele Masculina - Dra. Anelisa Lamberti - Dermatologista,autocuidado/estetica,False,29.0,-1
KMvztwOsCwc,Skincare para Homens - Cuidados com a Pele Masculina | Dra. Talita Pompermaier Dermatologista,autocuidado/estetica,False,37.0,-1
O4-ho_QIlWE,COMO É A FORMAÇÃO DE UM MÉDICO DERMATOLOGISTA?,autocuidado/estetica,False,31434.0,1
b-kRgDUJ7uw,Como é sua rotina de cuidados com a pele? #dermatologista #skincare #cuidadoscomapele #rotina #pele,autocuidado/estetica,False,9171.0,1
tQ1B0NCC7SI,PELE MASCULINA - Beleza é Saúde - Dra. Gabriela Schaefer - Dermatologista,autocuidado/estetica,False,246.0,-1
vXxzlhWWvIg,"Dermatite Seborreica: por que ela sempre volta, mesmo tratando",autocuidado/estetica,False,627536.0,1
7dZcTMVcKVA,CICATRIZ DE ACNE | resultado 1 sessão,autocuidado/estetica,False,519795.0,1
j3g4UXXTcTQ,Sabonete Dove no rosto: pode usar?,autocuidado/estetica,False,416006.0,-1
_nQ3ooQ8Ljc,DERMATO AVALIA - SECATIVO PARA ESPINHAS,autocuidado/estetica,False,660124.0,-1
OZ78HwNsZJw,Calvície - quais melhores tratamentos? Dermatologista explica,autocuidado/estetica,False,57622.0,1
dzvgLmVQJxY,Micoses de Pele – Dr. Paulo Müller Dermatologista.,autocuidado/estetica,False,288169.0,-1
RO2S0aT8OHA,Como a dermatologista vai à praia,autocuidado/estetica,False,47126.0,-1
kTBfXjflpv4,Principais tratamento espinhas - dermatologia explica,autocuidado/estetica,False,88053.0,-1
knPnDBcbXkE,Vaselina na pele: 5 usos que vão além dos lábios,autocuidado/estetica,False,746488.0,1
W7UM7j1WblE,Neutrogena antissinais - dermatologista explica,autocuidado/estetica,False,91672.0,1
jdelF3ohVrQ,Minesol Oil control - dermatologista explica,autocuidado/estetica,False,115981.0,1
me1pC3g4A1U,"O que passar após cirurgia de pele (retirada de pinta, câncer de pele…)? #dermatologista #ferida",autocuidado/estetica,False,110496.0,1
2Y6CfuYJiw4,Ácido glicólico x Retinol | dermatologista explica,autocuidado/estetica,False,103758.0,-1
h08yNeDyf8s,Vasenol mãos e unhas - dermatologista explica,autocuidado/estetica,False,141434.0,1
siUDbGmPZeM,CeraVe Creme ou Loção: qual usar no rosto e no corpo?,autocuidado/estetica,False,251450.0,1
SdryqDBN16k,Tipos de olheiras!,autocuidado/estetica,False,669395.0,-1
Kuaqj8Mjqv4,Procedimentos que eu JAMAIS faria sendo dermatologista,autocuidado/estetica,False,255711.0,1
ZdIDmkEQM9w,Manda para um amigo para saber dessa dica😉❤️ #acne #espinhas #saude #curiosidades #dicas #alimentos,autocuidado/estetica,False,473165.0,3
LcIP8MI8WZw,Como eu uso o Vitacid Acne #vitacidacne,autocuidado/estetica,False,448582.0,1
I-GQutJ91TY,Pele Laranja 😱#medicina #medico #enfermagem #enfermeiro #enfermeira #dermatologia #dermatologista,autocuidado/estetica,False,5783259.0,1
n7rsJiWVp6c,MICOSE NA VIRILHA: o que fazer?,autocuidado/estetica,False,449496.0,2
H93TWcbQmyU,Como aliviar as coceiras da Dermatite Atópica se nem as pomadas ajudam mais? | Pergunte a DRA.,autocuidado/estetica,False,351916.0,1
wOtTHm4lHhg,Hidratante Granado bebê - dermatologista explica,autocuidado/estetica,False,227939.0,-1
u8uZn10jR4g,Bepantol Derma: para que serve além das assaduras?,autocuidado/estetica,False,608298.0,-1
6Ow6iHXq0Sg,Hidratante labial Nivea - dermatologista explica,autocuidado/estetica,False,156347.0,-1
pNr3WgIgpyY,Ácido para Clareamento Interno da Coxa,autocuidado/estetica,False,343181.0,-1
zSKU7ymQotY,Melhores tratamentos e ativos para OLHEIRAS,autocuidado/estetica,False,593602.0,-1
S00Xva3a9bM,A Acne É Hormonal? Dermatologista explica,autocuidado/estetica,False,36949.0,1
yFbe0oMoHW4,3 melhores suplementos para crescer cabelo,autocuidado/estetica,False,597026.0,1
QiWj9dqIB7o,Como tratar olheiras profundas? Preenchimento de ácido hialurônico,autocuidado/estetica,False,396785.0,-1
K_rtHV7mMv4,"COCEIRA - De onde vem? Como aliviar? Por Luiz Gameiro, dermatologista",autocuidado/estetica,False,1800916.0,-1
htHRCud222Q,Dr. Mauricio Sato #Dermatologista e Cirurgião Dermatológico - IDEL - #Curitiba,autocuidado/estetica,False,1684.0,1
xe3J79rFKSg,DESODORANTES que eu indico,autocuidado/estetica,False,649523.0,-1
iGFznZpAohw,4 melhores suplementos para manter a pele jovem,autocuidado/estetica,False,744720.0,1
deKE4EsmDcU,"Calvície, Tratamentos Conforme o Grau – Dr. Paulo Müller Dermatologista.",autocuidado/estetica,False,48668.0,-1
4Z0kNDzgcuA,NÃO PREENCHA ROSTO FLÁCIDO #rejuvenescimentofacial #hof #beleza,autocuidado/estetica,False,1258300.0,-1
ywKD9hay3xk,Primeiro aplico hidratante ou filtro solar? #dermatologista #skincare #filtrosolar #hidratante,autocuidado/estetica,False,85898.0,1
bnnNJJD-O6E,VOCÊ SABE IDENTIFICAR A FOLICULITE? 🤔 #farmacêutica #dermatologia #skincare #foliculite #cosmeticos,autocuidado/estetica,False,570703.0,1
ddpgcHuWpIE,Qual sua experiência usando retinol? #retinol #skincare #acne,autocuidado/estetica,False,419992.0,-1
Y-YUq2B3KBI,Isso vai melhorar a pele do idoso. #shorts,autocuidado/estetica,False,35292.0,-1
izwPgVKYtRA,Dermatologista: Esses Hábitos Estão Acabando Com a Sua Pele! - Gustavo Borchardt | Lutz Podcast #236,autocuidado/estetica,True,195037.0,1
js-RrbN1DwA,POV: Tu achou o melhor clareador de manchas.,autocuidado/estetica,False,179740.0,-1
swjifeWQG3Y,É POSSÍVEL REVERTER A CALVÍCIE?,autocuidado/estetica,False,185077.0,1
wQDRoJ3htmg,3 dicas para manchas nas axilas - dermatologista explica,autocuidado/estetica,False,46971.0,1
dVOyBLaMzTE,Qual idade começar retinol? Dermatologista explica #borchardtdermatologia #skincare #retinol,autocuidado/estetica,False,41681.0,-1
hL-t9g1dhRQ,Nívea beleza radiante: dermatologista explica,autocuidado/estetica,False,94584.0,1
eSx4hKEO2mI,Ansiedade causa acne? #saúdedohomem #dermatologista,autocuidado/estetica,False,588.0,1
7dBRowuNSBM,Como começa o Herpes Zoster?,autocuidado/estetica,False,223133.0,-1
6RaKmjHyn3g,Cicaplast - Vale a Pena OU Lorota Plena?,autocuidado/estetica,False,575248.0,-1
VU8mGJMusD0,Limpeza de Pele na Clínica Luciana Hitomi,autocuidado/estetica,False,101537.0,-1
ZG4ByYoNwTE,3 Produtos NÃO recomendados por uma Dermatologista,autocuidado/estetica,False,2188.0,1
0Yp3gDhmoeI,Oceane cica creme area de olhos - dermatologista explica,autocuidado/estetica,False,73755.0,1
VwpevD5Twfc,Dra. Mariana Teles | Dermatologista,autocuidado/estetica,False,1804.0,1
ziP3RuZroso,Dermato tem que ser blogueira?! #dermatologista #marketingmedico #dermatologia,autocuidado/estetica,False,50745.0,1
cFTAoX_64DI,ANTES E DEPOIS DA BLEFAROPLASTIA:,autocuidado/estetica,False,692722.0,-1
ipDM2XlWPWo,Neutrogena Hidrata e repara - dermatologista explica,autocuidado/estetica,False,88360.0,-1
kZCwKkeIZTo,CREME TIRA RUGAS E BIGODE CHINÊS | Dermatologista referência em rejuvenescimento revela,autocuidado/estetica,False,110264.0,-1
gmMX9zWs8NU,Tratamentos estéticos para os homens | Dra Clauria Furtado Dermatologista,autocuidado/estetica,False,1757.0,-1
3ZtKP2VztYg,PRINCIPAIS MUDANÇAS DE PELE EM PESSOAS TRANS #trans #dermatologista,autocuidado/estetica,False,1154.0,1
0QQv5vlI33Y,Cicatriz de acne tem 100% de tratamento?,autocuidado/estetica,False,203043.0,1
6gzUT_rHGzE,Quem aí já tentou de tudo para tratar acne? 😱,autocuidado/estetica,False,243310.0,-1
kKw7zjWk2qA,4 coisas que você nunca deve fazer na sua pele #dermatologista #cuidadoscomapele #skincare,autocuidado/estetica,False,3427.0,1
q6ifaXqP8Yw,Top 5 hidratantes corporais para recuperar a sua pele muito rápido! #hidratação #hidratantecorporal,autocuidado/estetica,False,291438.0,1
6Mqwwf62Cy8,O melhor BIOESTIMULADOR – qual é? SCULPTRA x RADIESSE,autocuidado/estetica,False,85472.0,-1
Tdr7yxnFspw,🌟✨ Como Uso Vitacid para uma Pele Perfeita! ✨🌟 #skincare #pelelinda #cuidadoscomapele #fypシ゚viral,autocuidado/estetica,False,426425.0,-1
rjNSpQAPW0o,3 MESES USANDO ROACUTAN #roacutan #isotretinoina #dermatologia #pele #saude #espinha,autocuidado/estetica,False,220974.0,1
r3h4xef6YqA,tratamento dermatológico sem dor em floripa #dermatologista #tratamentocorporal,autocuidado/estetica,False,1345.0,1
_zPgB8cowJg,Depilação a laser? dermatologista explica,autocuidado/estetica,False,67122.0,-1
2eFxkGoUJlc,Você tem esses caroços na pele? O que pode ser? #saude,autocuidado/estetica,False,1816322.0,0
rrIn5M5xLXM,Consulta Dermatológica: o que você precisa saber antes de ir | Dra. Alice Jaruche Dermatologista,autocuidado/estetica,False,47617.0,-1
JLfcm7V7Ic8,ROLLER | Como funciona esse dispositivo | @professorheitorcruz,autocuidado/estetica,False,468376.0,-1
Yyc16f2Ze8c,5 QUEIXAS DOS HOMENS PARA A DERMATOLOGISTA,autocuidado/estetica,False,143.0,-1
5nunTCg83TI,Conselhos de uma dermatologista nos seus cuidados com os cabelos!,autocuidado/estetica,False,18015.0,1
xPJRtuFk1tE,Sérum vs Creme: Qual o melhor? #dermatologista,autocuidado/estetica,False,188.0,1
BzvEf8K5Qv0,Ácido hialurônico barato: o sérum da Max Love compensa?,autocuidado/estetica,False,673820.0,-1
gY_oNy2on0I,"Como retirar nevos, verrugas e sinais sem precisar de internação. Rápido e prático.",autocuidado/estetica,False,5399413.0,-1
tEhuxeatuc4,4 Produtos essenciais na rotina de skin care de uma dermatologista,autocuidado/estetica,False,390.0,1
xq95lDh_E4A,De onde vêm as pintas? #pintas #dermatologista #melanoma #cancerdepele,autocuidado/estetica,False,22315.0,1
NJoSpS5sH0s,Unha encravada - como melhorar?,autocuidado/estetica,False,640723.0,-1
g-9-074qWUk,Qual o desodorante ideal para o dia a dia?,autocuidado/estetica,False,653186.0,-1
O6ft2IiX3y0,O melhor antialérgico para dermatite atópica….,autocuidado/estetica,False,189043.0,1
QT8zPktxLr8,Passo a passo de uma consulta comigo #dermato #dermatologista #acne,autocuidado/estetica,False,4779.0,1
vElZQZvsAoA,ALERGIA TINTA NO CABELO | DRA REGISLAINE MIQUELIN - DERMATOLOGISTA,autocuidado/estetica,False,26013.0,-1
63DrfOQoF90,Mãos com aspecto de 'velha'? Tem solução! (Dicas de Dermato),autocuidado/estetica,False,83620.0,1
opJu62LTmU8,Como trocamos de pele? #pele #dermatologista,autocuidado/estetica,False,1497.0,1
5NQSji7OIx0,Tratamentos Dermatológicos para Homem | Dra. Bruna Biagini Dermatologista,autocuidado/estetica,False,7.0,-1
7BMa5tna-ek,Mesoterapia - tratamento para calvicie,autocuidado/estetica,False,206976.0,-1
_kb8BpJalnw,DERMATO AVALIA,autocuidado/estetica,False,138514.0,-1
exqbxChX-J0,Coceira pode ser um sinal de alerta vindo de dentro do nosso corpo… #dermatologista #coceira,autocuidado/estetica,False,1338607.0,1
yAuVVkFXuG4,Neutrogena Hydroboost - dermatologista explica,autocuidado/estetica,False,52938.0,1
NEp9WgcFMvQ,Coceira no saco. O que pode ser?,autocuidado/estetica,False,70497.0,2
HEraSwHsc_o,Qual tomar para queda de cabelo?,autocuidado/estetica,False,411487.0,1
6rpiPsQvLYM,Cuidados Básicos com a pele - Dermatologista Manuella Sores,autocuidado/estetica,False,175.0,1
z-ZiFRwRsBA,Espremer espinhas deixa a pele manchada? #Shorts,autocuidado/estetica,False,3490351.0,0
zHr0a0jAIgs,Herpes zoster é contagioso 😷? #dermatologista #herpeszoster #zoster #vacina #recombinante #gsk,autocuidado/estetica,False,183285.0,1
s814JGlxnTc,Por que decidiu se tornar médica dermatologista?,autocuidado/estetica,False,2901.0,-1
F9hdXgicGwE,Nívea lotion express - dermatologista explica,autocuidado/estetica,False,102989.0,-1
wQrhJY7bSTE,"Dermatologista destaca cuidados com a pele masculina, couro cabeludo e barba",autocuidado/estetica,False,38.0,1
OxuMcd20Nws,O seu suplemento para queda de cabelo TEM que ter essas 4 vitaminas,autocuidado/estetica,False,323731.0,1
cO1nM_TieQM,"FOLICULITE (bolinhas na pele): como combater? Por Luiz Gameiro, dermatologista",autocuidado/estetica,False,36772.0,-1
ShpltBX73gs,Dicas para primeira consulta no dermatologista | #shorts,autocuidado/estetica,False,9831.0,0
iSxwHr5Ec4c,CONSULTA COM DERMATOLOGISTA #SHORTS,autocuidado/estetica,False,7051.0,-1
F8uOiTxB2tg,Dermatologista ensina cuidados essenciais para a pele adulta,autocuidado/estetica,False,1670.0,1
v339e5tJcFo,BOTOX dura quanto tempo no rosto?,autocuidado/estetica,False,185786.0,-1
Aa0eLK6NVro,Você tem várias dessas na pele - mas talvez uma seja perigosa,autocuidado/estetica,False,648493.0,-1
P46amd9kBCk,"😱Descubra o segredo para clarear manchas! Axilas, virilha e “Larissinha”🌸 #saude #manchas #mulher",autocuidado/estetica,False,234413.0,-1
atQUECPa1xU,"Pomada milagrosa pra assadura, queimadura, mancha na pele e até fungo! #saude #dicas #bemestar",autocuidado/estetica,False,701665.0,-1
Z6FRjkIyVuQ,Herbissimo clareia? Dermatologista explica,autocuidado/estetica,False,69178.0,1
6B6548Ub4rM,TRATAMENTO INDOLOR PARA REJUVENESCIMENTO: #Estetica #Dermato #Dermatologista,autocuidado/estetica,False,1553.0,1
kVkJJfFGVYQ,Preenchimento de Olheiras 👀✨,autocuidado/estetica,False,251839.0,-1
iDmkb0M0xZI,Importância da consulta com o dermatologista,autocuidado/estetica,False,597.0,1
XJ5Snv0bCyo,Como tirar manchas de sol do rosto? | Dr Dayan Siebra #sol #pele,autocuidado/estetica,False,179586.0,0
nP5xJqiEiA4,Cuidados após preenchimento com Ácido Hialurônico | Dra. Luciana Gadelha,autocuidado/estetica,False,69978.0,0
xm94D7SSO_U,LOOKSMAXXING DESTRUIU MINHA VIDA | Q&R,looksmaxxing,False,33919.0,-1
SJwwt_4Xfcg,O SUBMUNDO DO LOOKSMAXING,looksmaxxing,False,179812.0,0
wKIl6SnpDyU,As notas do Looksmaxxing não fazem sentido? Entenda por que,looksmaxxing,False,3234.0,1
SbAeCJ1HOno,looksmaxxing Edit Dark Triad - black pill,looksmaxxing,False,475600.0,-1
2Rkx1BtpPZg,Looksmaxxing funciona? #looksmaxxing,looksmaxxing,False,710636.0,-1
8WRUMTaBh4g,Looksmaxxing é bizarro,looksmaxxing,False,450653.0,-1
yNm1Xis70K0,Tier list de Looksmaxxing - O que realmente funciona e NÃO funciona,looksmaxxing,False,47663.0,1
ouWBUji-tlA,explorando a comunidade bizarra do looksmaxing,looksmaxxing,False,142613.0,0
RKb4TOMtkmM,A NOVA MODA DOS REDPILL: Looksmaxxing - Lorelay Fox,looksmaxxing,False,226964.0,0
83E9lFJVa-c,O LENDÁRIO Looksmaxxing BRASILEIRO (Fermando Mogger o chad),looksmaxxing,False,165451.0,0
1Cnlwpuciro,O Looksmaxxing está DESTRUINDO a saúde mental dos jovens,looksmaxxing,False,28669.0,1
H7pKSbwLnfE,Ascenda 🚶🏻🔥 #looksmaxxing,looksmaxxing,False,149919.0,-1
qx0CX58e_XU,Faltou alguma coisa? #looksmaxxing #glowup #memes #viralvideo #rotina #cabelo #matinal,looksmaxxing,False,43825.0,-1
9i7EEmKiLtg,Cuidado pra não fazer isso na hora do Mewing #mewing #dicas,looksmaxxing,False,1799494.0,10
fe0pilf__PA,Como fazer MEWING corretamente Passo a Passo,looksmaxxing,False,265313.0,10
8mlc93wHOno,Como fazer mewing #shorts,looksmaxxing,False,14998391.0,0
pqjpj2QeyA8,A Verdade sobre Mewing Revelada ! #shorts #mewing,looksmaxxing,False,1987732.0,10
H8Lt9MB0hjs,Como fazer Mewing Corretamente e Ver Resultados (Guia Direto),looksmaxxing,False,83847.0,10
wVe-pJLV1do,Minha mãe começa a fazer mewing depois de me chamar,looksmaxxing,False,1655518.0,-1
ZXWW-dZSVpo,Antes e depois de praticar Mewing 😎 #mewing,looksmaxxing,False,223945.0,10
QNLOVNiQGf4,Manda esse vídeo pro seu amigo que pratica mewing! #mewing,looksmaxxing,False,30515.0,1
mFjgmg2_zAQ,Ortodontista fala A VERDADE sobre MEWING !,looksmaxxing,False,190027.0,-1
rkkNpdPICok,Tutorial do MEWING completo! #looksmaxxing #gym #mewing,looksmaxxing,False,81901.0,1
YP414v12kO8,Como Fazer o Mewing Corretamente para Iniciantes,looksmaxxing,False,21759.0,1
lyijnVK2V74,Como FAZER MEWING corretamente para OBTER RESULTADOS mais rápidos (Guia Completo),looksmaxxing,False,30366.0,-1
SZVDRcCRBYY,Exercício MEWING | Análise de uma especialista | Dra. Maximiana Maliska | Português Brasil,looksmaxxing,False,470464.0,-1
0HvAM_peDKg,O que é Mewing? (Realmente funciona?),looksmaxxing,False,641023.0,1
BxtVUSxb4sQ,Defina seu rosto com Mewing 😛,looksmaxxing,False,2404012.0,-1
OZ9H-P7P6ug,A Verdade que Ninguém Conta Sobre o MEWING (funciona?),looksmaxxing,False,6180.0,1
b2iJBEscz9M,AFINAR O ROSTO #mewing,looksmaxxing,False,128820.0,-1
9SN2HGJnAMo,Como fazer mewing tutorial passo a passo,looksmaxxing,False,224141.0,-1
waaFWuI0K2o,MEWING - Jamais faça isso para DEFINIR o rosto,looksmaxxing,False,10700.0,1
nNtegk1ktwQ,Como EXPANDIR Seu Crânio com MEWING (FUNCIONA),looksmaxxing,False,66113.0,10
MmkC0fs-6kU,exercícios para definir mandíbula #looksmaxxing #mandibula #jawline #mewing,looksmaxxing,False,143566.0,-1
A_-6utB0TVg,MEWING - Como praticar corretamente... Evite lesões na ATM e DTM,looksmaxxing,False,194414.0,1
vsYHpLkpS-A,Mewing funciona? COMO FAZER? #mewing,looksmaxxing,False,108882.0,10
DqAYVZ2nUFM,Mewing ajuda mas de outro modo que você nem imagina… #shorts #mewing,looksmaxxing,False,52014.0,10
bZ1X1r3QmTM,Mewing NA PRÁTICA: Método 3-2-1-0,looksmaxxing,False,50929.0,10
kq_yz2bbE1o,Mewing realmente funciona?,looksmaxxing,False,5469.0,1
vXepFhsv6IE,Evite 5 Erros no Mewing pra ter um Rosto Definido Rápido,looksmaxxing,False,204958.0,10
eNAyUSp8Q9A,Você está FAZENDO MEWING ERRADO! (Corrija antes que seja tarde),looksmaxxing,False,10699.0,1
l241EFU-H6A,A verdade sobre Mewing! #shorts #mewing,looksmaxxing,False,6599.0,10
CF3IiGHyEAo,O'que é MEWING (MITOS E VERDADES),looksmaxxing,False,66518.0,1
kuN6F_-nRKk,30 DIAS DE MEWING | NÃO FAÇA ISSO!!,looksmaxxing,False,772678.0,1
qahqVMw21NA,Mewing Funciona ou Virou Lenda? [Estética Facial],looksmaxxing,False,9968.0,1
z1UloCu2tPY,Como fazer mewing ? #faceyoga #skincare #natur #selfcare #mewing #pele #yoga #beleza,looksmaxxing,False,8902.0,1
mgtY8bDLqzc,Não sei porque isso acontece 🤔🤫🧏🏻‍♂️ #look #mewing #humorbr #belezafacial #joaoluzx #glowup,looksmaxxing,False,51313.0,1
7fvVAyrIEuE,mewing funciona #gabrielbreier #breier,looksmaxxing,False,19709.0,10
UnKmzlz2X2E,COMO DEIXAR SUA MANDÍBULA MAIS QUADRADA EM CASA ! #shorts #mewing,looksmaxxing,False,63429.0,10
xzKI9ew9EKk,Vamos nos juntar e fazer um projeto glow up nos nossos homens #shorts #glowup,autocuidado/estetica,False,20126.0,1
bbt7XJdHqVM,ROTINA DE LOOKSMAXXING DIÁRIA #motivacional,looksmaxxing,False,451.0,-1
oze4KT-I_Ig,Pov aquela menina teve o glow up,autocuidado/estetica,False,7362324.0,1
ln-erjNAq8k,Com quantos anos você descobriu esse truque de estilo? #modamasculina #shorts #glowup,autocuidado/estetica,False,7354090.0,-1
JRKPunGoCIk,ELE TENTA SER BONITO de TODO jeito no INSTAGRAM,autocuidado/estetica,False,1045378.0,0
O_PDE7ukzQE,Fiz minha PRIMEIRA HARMONIZAÇÃO FACIAL! 💉#glowup #procedimentos,autocuidado/estetica,False,1742709.0,-1
q0tfU5usiFA,Glow up iPhone XR 📱✨🫧 #asmr #smartphone #satisfyingvideo #apple #technology #glowup #iphonexr,autocuidado/estetica,False,1807585.0,1
lXlzFSXNZe8,MULHER QUE SABE SE CUIDAR EM CASA 🎀🧖🏽‍♀️,autocuidado/estetica,False,24717869.0,-1
_W35S9xUI5U,Ele virou o HOMEM P0RC0! 😱 (CUIDADO) #shorts #gtasanandreas #gta,autocuidado/estetica,False,8264151.0,-1
ETp-Qnm9g2w,CUIDAMOS DE UM BEBÊ POR 24h E O PIOR ACONTECEU,autocuidado/estetica,False,4875319.0,8
M1wBT2nO1AE,CUIDAMOS DE BEBÊS REBORN POR 24 HORAS *Dos Rosa,autocuidado/estetica,False,4843866.0,-1
JJeA1sVpP-w,MULHER QUE SABE SE CUIDAR EM CASA 🧖🏽‍♀️🎀💅🏼| #unha #nail#hair #cuidadoscomcabelo #rotinacapilar,autocuidado/estetica,False,6279927.0,1
Et3dqzuIy58,limpando 45 bonecas de vez 😳🧼 #bonecas,autocuidado/estetica,False,2225334.0,8
DoiOeqLcakU,Atitudes dos Homens que REALMENTE ENCANTAM as Mulheres | Segredos Revelados com Dra. Anahy D'Amico,autocuidado/estetica,False,1768402.0,-1
klMnHfy_l7M,Aprenda a Cuidar de Você (SE AME) - Inspirado Aline Barros - Musica Gospel - Louvor Gospel,autocuidado/estetica,False,1068654.0,-1
BL8Zufiq6JI,O QUE VOCÊ DEVE FAZER APÓS UMA CIRURGIA? CUIDADOS EM CASA PARA SE RECUPERAR MELHOR,autocuidado/estetica,False,670309.0,-1
kqUInCK_TJM,VOCÊ CUIDA DE TODOS… MAS QUEM CUIDA DE VOCÊ? com Dra Anahy,autocuidado/estetica,False,587017.0,-1
38PY0GfCUwk,"Humilhada Pelo Marido E Forçada A Cuidar De Um Homem Deficiente, A Verdade O Fez Se Arrepender",autocuidado/estetica,False,358246.0,0
2USrr6M5Z7c,Quando a mulher cuida da casa e esquece de se cuidar #comedia #humor #viral #fy #shorts,autocuidado/estetica,False,325564.0,0
wDe39_Ss2cg,Homem que se cuida é respeitado. Ponto final.,autocuidado/estetica,False,522706.0,2
lh4Q9HtwyAQ,Cuidado mulher se veste de homem pra vigiar marido 😱#shorts,autocuidado/estetica,False,286888.0,0
GrLxAMUX0Rc,Não tenha vergonha de se cuidar | Saúde do Homem,autocuidado/estetica,False,108147.0,2
5XDyyB2m6II,"Homem se cuida, SIM!",autocuidado/estetica,False,78078.0,4
zFLhe7FEc-Q,Homem aprenda a cuidar da sua esposa. #vidaconjugal,autocuidado/estetica,False,122907.0,2
nuDEs1EvEUI,Homem não se cuida? Quebrando tabus sobre a saúde masculina BIOLAB CAST #9,autocuidado/estetica,False,69917.0,2
bJeMkuAicQk,Cuida do seu homem se não vou roubar!,autocuidado/estetica,False,98898.0,2
8yW9lGrWqfY,Cuidado se ele é muito gentil! #mulher #namoro #homem #relacionamento #amor #casal #casamento #euevc,autocuidado/estetica,False,109758.0,0
8raSxMEiSPQ,"CUIDAR DA APARÊNCIA, te faz menos homem? (POLÊMICA) ⛔",autocuidado/estetica,False,58920.0,2
qkL3G178v8U,(Cuidado) Isso Faz Um Homem Se APAIXONAR Rápido,autocuidado/estetica,False,56699.0,0
pY1lffnRnQU,O GUIA COMPLETO para o HOMEM SE CUIDAR no dia a dia (Tudo sobre Cuidados Pessoais Masculinos),autocuidado/estetica,False,54687.0,-1
6CL3VS5GAe4,O HOMEM QUE SE CUIDA É O QUE ? 🤣#shorts #viral #foryou #explorar #shortsfeed #viralshorts,autocuidado/estetica,False,77454.0,-1
Gq7bG3vJ-ac,Homem também pode se cuidar. 👍,autocuidado/estetica,False,47191.0,-1
JLVWKjjZZLI,UM HOMEM SOZINHO TEM QUE SABER SE CUIDAR - LOFI MEME,autocuidado/estetica,False,41806.0,2
2BDbvcA1BBs,quando o homem nao deixa a mulher se cuidar nem dentro de casa #viralvideos #foryou #fyp,autocuidado/estetica,False,59365.0,0
QSuiIgmqB10,Homem também se cuida campanha novembro azul,autocuidado/estetica,False,25627.0,-1
DItQFEv82Cw,"Cuida do seu homem, se não vou roubar! 🫣",autocuidado/estetica,False,35843.0,2
zSg4A1ZpuHo,MULHER NÃO CUIDA DO HOMEM SE ELE FICA DOENTE 😢💔,autocuidado/estetica,False,45349.0,0
uey3rWqJvNI,Cuida que homem se casado quando vai pro serviço não pode esquecer #humor #funnyvideo,autocuidado/estetica,False,45704.0,-1
lusCcYoFJoA,Vocês gostam de Homem que se cuida? 🤔 #viral #shorts #humor #fyp #skincare #beleza,autocuidado/estetica,False,32553.0,-1
BhMw04-h_zg,"Cheiro do forró - Rapariga eu sou - ""Cuida do seu homem se não vou roubar"" (letra/legendado)",autocuidado/estetica,False,20536.0,-1
Sh3ZCM0sytg,O HOMEM QUE SE CUIDA ATRAI MULHER AUTOMATICAMENTE | BRUNO GIGLIO no REDCAST,autocuidado/estetica,False,15620.0,-1
UvdejWFWkuE,Cuida do seu homem se não vou roubar rs..,autocuidado/estetica,False,23006.0,2
b8Q2MMV4OPM,Skincare Masculino Scout homem também se cuida #usescout #barbershop #barber #barbearia,autocuidado/estetica,False,787675.0,1
supQr9JrtX8,Homem se apaixonou pela sua enfermeira q cuida dele veja oq aconteceu,autocuidado/estetica,False,11688.0,-1
UBF5lj2lOyU,"O homem deve ser o sacerdote de seu lar, cuidando e protegendo sua esposa e filhos!",autocuidado/estetica,False,17611.0,-1
BwAlcOLjqaU,Um homem sozinho sabe se cuidar....,autocuidado/estetica,False,10658.0,2
9T7-p2mg2gg,HOMEM também tem que SE CUIDAR 😮🤩,autocuidado/estetica,False,10400.0,-1
T2-GrHzDAfw,Se você cuidar da sua vida você será o homem de ferro da sua área? Curta👍 #lacasadigital3,autocuidado/estetica,False,9463.0,2
BT3HZ6WKxmI,aquele cheiro de homem que se cuida e tem presença me desmonta inteira #perguntas #curtindoavida,autocuidado/estetica,False,16790.0,-1
4hatBzQWzOo,Mulher nenhuma gosta de homem que não se cuida,autocuidado/estetica,False,16275.0,-1
qHaDrLf20uc,Vovô sabe das coisas: Cuidados naturais que funcionam pra homem!,autocuidado/estetica,False,15214.0,2
e8xquQ94IJM,Sergio Marques - importância do homem se cuidar #esteticamasculina #autocuidadomasculino #beuty,autocuidado/estetica,False,119.0,2
SH9DmAur-Q4,Usados da semana 📢Meu autocuidado da semana:Skincare e perfumes favoritos 🧴❤️,autocuidado/estetica,False,103.0,-1
VEk3OTWzJrY,O Foco Deve Ser Você - Importância do Autocuidado Masculino,autocuidado/estetica,False,51.0,-1
e41lzJHUxsU,O impacto da indústria do futebol do autocuidado masculino.,autocuidado/estetica,False,1024.0,2
SSmHgLkqYO0,O cuidado começa antes do espelho. #oudcosmeticos #cosmeticosmasculinos #autocuidadomasculino,autocuidado/estetica,False,426.0,-1
gSWYNW3Lszk,#estilomasculino #visualmasculino #imagemmasculina #autocuidadomasculino #homemmoderno,autocuidado/estetica,False,358.0,2
0ZyYyepkIz4,ISSO NÃO É AUTOCUIDADO! #psicologia #saudemental #homens,autocuidado/estetica,False,1208.0,-1
7lyns_HC5PQ,Produtos de autocuidado masculino 💦 #fouryou #perfume #skincare #skincareroutine #gta6,autocuidado/estetica,False,99.0,1
OhfUev4WoSs,#EstiloMasculino #VisualMasculino #Barbearia #CabeloMasculino #AutoCuidadoMasculino,autocuidado/estetica,False,351.0,-1
FLHPC_bCeXI,Kit Autocuidado Masculino - #shorts #shortvideo #viral #trending #trendingshorts #trend,autocuidado/estetica,False,49.0,-1
WiIceFgdG4E,#SpaMasculino #AutocuidadoMasculino #HomensTambemSeCuidam #Casal #22AnosDeCasados,autocuidado/estetica,False,1143.0,2
xlmDWethYRQ,PROVOCAÇÕES #paideologia #provocacoesdapaideologia #paternidadeconsciente #autocuidadomasculino,autocuidado/estetica,False,986.0,-1
gKnQMTGHCxc,REFLEXÃO #pontodopai #paideologia #paternidadeconsciente #saudedopai #autocuidadomasculino,autocuidado/estetica,False,16.0,-1
WzLlN3OQ7-8,"dica para fazer uma boa ação, por você mesmo . #homens50 #autocuidadomasculino",autocuidado/estetica,False,142.0,-1
gVrHTiF0KAU,Todo homem já sentiu esse incômodo depois do treino! #autocuidado #treino #homens,autocuidado/estetica,False,15.0,2
1yU6sYPur-M,Ainda se acha Feio? Mentoria na Bio!! #glowup #dicasdebeleza #shorts #autocuidado,autocuidado/estetica,False,1054.0,1
mKFGwkcJuxU,Negligência no autocuidado masculino,autocuidado/estetica,False,336.0,0
1gqCVG87GOU,CERA CEMENT - Férus Man #cabelomasculino #autocuidadomasculino #pomada #barbearia,autocuidado/estetica,False,27.0,1
953jhnuG2Ns,Barba no Capricho e Pele Lisa: A Importância do Autocuidado na Autoestima do Homem,autocuidado/estetica,False,496.0,-1
gEnyFOKXcss,O Produto que todo homem deveria conhecer #autocuidado #cuidadoíntimo #depilação,autocuidado/estetica,False,15.0,2
Kshlc_jKkvs,Corte masculino na tesoura #autocuidado #saúde #aparência #barbershop #barbeiroshow,autocuidado/estetica,False,338.0,1
zPmIosRMfxA,Autocuidado masculino | Produtos na Trivo,autocuidado/estetica,False,10.0,2
W6_h_VYT-UM,Autocuidado Masculino e Empreendedorismo - | Episódio 2,autocuidado/estetica,False,271.0,-1
9Sm30p5sXjQ,Cudado íntimo é qualidade de vida! #autocuidado #cuidadomasculino #depilação,autocuidado/estetica,False,439.0,2
pG4zivSqLhw,Momento Senac Saber - Autocuidado Masculino,autocuidado/estetica,False,47.0,1
Eau0MlVXgQY,Cirurgia plástica também é autocuidado masculino.,autocuidado/estetica,False,6.0,2
nlrGjdOyXkw,A evolução do autocuidado masculino,autocuidado/estetica,False,0.0,-1
X6iroM50aws,#CabeloMasculino #SaudeCapilar #Barbearia #AutocuidadoMasculino #CuidadosComOCabelo,autocuidado/estetica,False,1081.0,1
7vSz7YtiJ68,#SaudeCapilar #CabeloMasculino #Barbearia #AutocuidadoMasculino #EstiloMasculino,autocuidado/estetica,False,571.0,1
zp_RyYZeKY8,Gelo nos testículos virou a nova aposta dos homens #diadorgasmo #autocuidado #cuidadomasculino,autocuidado/estetica,False,3.0,2
n2CqzhhUz6E,"Autocuidado masculino vai muito além de perfume, cabelo e barba. @mancluboficial CUPOM: CADUMANCLUB",autocuidado/estetica,False,5.0,1
lC9jtZSTW5M,#Barbearia #CabeloMasculino #SaudeCapilar #Calvicie #AutocuidadoMasculino,autocuidado/estetica,False,60.0,1
007vf-4ucwY,Autocuidado masculino não é frescura. É saúde. #shorts #alphavillebarueri #fisioterapia,autocuidado/estetica,False,6.0,2
jk9UPN0gbr8,🗣Usados da semana autocuidado e perfumes favoritos ❤️,autocuidado/estetica,False,2.0,-1
SGTHXbLtAsc,#ImagemMasculina #Barbearia #AutocuidadoMasculino #EstiloMasculino #Barba,autocuidado/estetica,False,352.0,1
Tc5Ys5dhbAg,@TarobaLondrinaJornalismo |VR - Como os procedimentos podem resgatar o autocuidado masculino,autocuidado/estetica,False,42.0,-1
4GYO-H7aYqc,Grwm | Date ✨🤍 #grwm #skincare #viral #autocuidadomasculino #makeup,autocuidado/estetica,False,51.0,1
uKnVoXAeF68,#ImagemMasculina #EstiloMasculino #AutocuidadoMasculino #Barbearia #Visagismo,autocuidado/estetica,False,1699.0,-1
YANuqoLwMhg,STAGIONE MILANO. #oudcosmeticos #cosmeticosmasculinos #autocuidadomasculino #cuidadosmasculinos,autocuidado/estetica,False,237.0,0
MJFB9-IpZsQ,Rotina matinal de looksmaxxing #glowup #sucesso #motivacional #belezamasculina #autocuidado,autocuidado/estetica,False,77.0,-1
riODcX7mEKU,Eleve sua rotina de autocuidado com um hidratante masculino. 💪,autocuidado/estetica,False,40.0,-1
6-Zdyo4CkzA,"Produtos da Principia em uma pele oleosa, com manchas e acneica.",autocuidado/estetica,False,378303.0,1
beWQdBqXJD0,Tratamento de caspa e dermatite seborreica.,autocuidado/estetica,False,971119.0,1
Rxwi-MdZ4gM,"Cicatriz de Acne, TCHAU! Peeling de Fenol",autocuidado/estetica,False,2809162.0,1
wGe381NHwcA,Skincare Masculino - Rápido e Prático,autocuidado/estetica,False,2101.0,-1
y39N6XB7f-Y,"PELE OLEOSA MASCULINA: Testei 5 SABONETES FACIAIS, qual é o MELHOR?",autocuidado/estetica,False,69132.0,1
8PwlFm2pQmA,Esfoliante Bom e Barato? Neutrogena Surpreendeu #skincare #neutrogena #cuidadoscomapele,autocuidado/estetica,True,4520.0,-1
9-aKaCyhViA,Hidratantes “masculinos”,autocuidado/estetica,False,75986.0,13
bza9wSuHYb4,Nivea Creme Latinha Azul - Dicas de Uso #cremenivea #nivea #skincare,autocuidado/estetica,True,14242.0,1
miAYTk5VgGg,Kit Rotina Avançada Skincare Masculino VIRO,autocuidado/estetica,False,59.0,-1
-yWDsfB9bdw,Téchne Men's Skincare: O segredo dos homens mais confiantes e atraentes. #skincaremasculino #techne,autocuidado/estetica,False,679.0,-1
Edzj76kOJ1U,Skincare masculino. Agora com nova fórmula.,autocuidado/estetica,False,328.0,-1
aZ7hN54oIRY,Rotina de skincare para pele acneica e oleosa com @Creamy Skincare super prática e efetiva.,autocuidado/estetica,False,1357.0,1
CrJirRMDf5E,Rotina Diária Perfeita pra Homens Melhorar a Aparência | Glow Up,autocuidado/estetica,False,35295.0,1
bC1W8sIEmO8,TÔNICO DE ALHO PARA CRESCIMENTO | NINGUÉM FALA SOBRE ISSO | #shorts #tonicodealho #gotadourada,autocuidado/estetica,False,1036030.0,1
TZFsJVML5mQ,Reclama de odor forte e axila escura mas...,autocuidado/estetica,False,2466515.0,-1
I8UtN2lH5NA,"SPA DAY COMPLETO + ROTINA DE CUIDADOS MASCULINOS | skin care, barba, risquinho, cabelo + dicas",autocuidado/estetica,False,2568.0,-1
ZGnxqxvaYGs,Cuidados masculinos com Mary Kay,autocuidado/estetica,False,261.0,-1
Sz_4RQdXIpU,Uma pequena rotina com o bebê reborn Kaike #diariodeamorreborn #bebereborn #rotinareborn #realborn,autocuidado/estetica,False,740664.0,8
v710kp5E31M,HIDRATAÇÃO CASEIRA COM ÁGUA DE ARROZ PRA CABELO CACHEADO,autocuidado/estetica,False,6045667.0,1
_VM343xTV1U,DEFININDO CABELO CRESPO COM ESCOVA POLVO #shorts,autocuidado/estetica,False,424081.0,1
3VAdbwttUnQ,"CUIDADOS COM APELE MASCULINA rotina completa | MANHÃ, TARDE E NOITE",autocuidado/estetica,True,57501.0,-1
r1kEOwGZduA,Conheça as novas embalagens de cuidados Natura Homem 💙👏🏻,autocuidado/estetica,False,24170.0,-1
TWn6wer6xC0,DICA PARA PAIS E MÃES SOBRE COMUNICAÇÃO COM OS FILHOS | Cortella #shorts,autocuidado/estetica,False,720001.0,-1
mp8_9pSogVQ,Por Que Usar Coletor Menstrual,autocuidado/estetica,False,879144.0,2
qo0UCb5cXcA,Cabelo Ondulado passo a passo! Mais detalhes no meu último vídeo,autocuidado/estetica,False,355116.0,1
gjudEmjjPGQ,"ROTINA CAPILAR NO MEU CABELO CRESPO , COM A MÁSCARA MORTE SÚBITA #rotinacapilar #hair #vlog",autocuidado/estetica,False,1040277.0,1
lfh-uMw8nNY,DIA DE BANHO PREMIUM 🫧🚿🛁🧼 #spaday #autocuidado #banhopremium,autocuidado/estetica,False,78922.0,13
48yzhqgXFlA,🖤#SerHomemÉ #MasculinidadeSaudável #HomemTambémSente #AutocuidadoMasculino#Fyp #ParaVocê,autocuidado/estetica,False,101.0,-1
e7Pny26Umw0,exercícios para definir mandíbula #gym #looksmaxxing #mewing #autocuidado #treinoisano,autocuidado/estetica,False,18259.0,10
SPRKM-jX_W4,"Hábitos de higiene para crianças - Recopilação - Higiene corporal, lavar as mãos e escovar os dentes",autocuidado/estetica,False,2138380.0,-1
kN_9LAo33K4,COMO FAZER AS SOBRANCELHA SOZINHO #SHORTS,autocuidado/estetica,False,293299.0,-1
lVJURg35_Yo,Como usar reparador de pontas corretamente ❤️😍 #humormeme #autocuidado #cabelos,autocuidado/estetica,False,86054.0,1
kiyQI1mL0Xw,#cachos #afropop #cacheado #curlyhair #tutorial #guys #shortsviral #tiktok #autocuidado,autocuidado/estetica,False,2368.0,-1
KISH9YP1qVU,Sabonetes de banho super cheirosos 🧼🚿 #autocuidado #selfcare #cheirosa #cuidadoscomapele,autocuidado/estetica,False,81735.0,13
JDfNyX9DXGE,Autocuidado masculino #beleza #cuidadoscomapele,autocuidado/estetica,False,1177.0,-1
oDzxM_C8FjA,PERFUME MASCULINO QUE É UM CHOQUE DE GELO,autocuidado/estetica,False,974.0,0
A50ZQqh0vec,"Masculino: perfumes, barba e autocuidado.",autocuidado/estetica,False,2.0,-1
XR83J-LC3K0,Entenda mais sobre o NOVEMBRO AZUL e Autocuidado Masculino!,autocuidado/estetica,False,23.0,-1
HL9GyW4QDqc,Visagismo e autocuidado masculino,autocuidado/estetica,False,20.0,2
Q9-U0SS4bfw,quer ter a cintura assim? tente isso! ✨💗💋 #cinturafina #glowup #fy #shorts,autocuidado/estetica,False,534149.0,-1
zjf6fnx4-ec,Como Ficar IRRESISTÍVEL em 7 Dias (Funciona de Verdade),autocuidado/estetica,False,529476.0,1
MOxIj270h7k,Como Ficar Atraente de Verdade (Sendo um Homem Negro),autocuidado/estetica,False,35075.0,-1
Fb6eCbjOtR4,☆ 432HZ + GLOW UP FACIAL subliminal,autocuidado/estetica,False,242556.0,-1
Tcr_xqywTZ8,Como ter glow up MASCULINO #3moviestatus #home #viral,autocuidado/estetica,False,1006.0,-1
0Xe3Ry9s8CU,24 dicas de COMO TER UM GLOW UP MASCULINO em 2024,autocuidado/estetica,False,124274.0,-1
4Cf43efdPSc,Como aumentar a vascularização - Como ter mais veias - GLOW UP MASCULINO 09/60,autocuidado/estetica,False,2521.0,0
HaSnVY1kmaA,Arrumando o cabelo ondulado masculino #cabelo #cuidadocomcabelo #glowup #shorts,autocuidado/estetica,False,228859.0,1
vKPEwYD6Njg,✨Dicas Glow Up✨Pele Perfeita #autoestima #glowup,autocuidado/estetica,False,2456.0,-1
HH2Qj2OEgYI,Vai sair e não sabe dar um tapa na barba? Em 1 minuto te mostro como! #barba #barber #careca #bald,autocuidado/estetica,False,260169.0,1
0BTM1r-KBVU,Homem que se cuida é outro nível - Clínica Beleza,autocuidado/estetica,False,879.0,-1
ga4w2oYRFPQ,💈 “Homem que se cuida transmite poder sem dizer uma palavra.” #lifeisbutadream #barber #barberlife,autocuidado/estetica,False,1724.0,1
3rodQM0rHCU,Tenha uma linguagem corporal mais confiante e atraente 👊,autocuidado/estetica,False,1134689.0,-1
z78mMhU_5io,💥 Homem Se Cuidar é Frescura…,autocuidado/estetica,False,1429.0,2
UPWWKG0xQS4,Homem também pode se cuidar,autocuidado/estetica,False,235.0,2
DwGZJDKueMo,Unhas curtas tem o seu charme #shorts #nail #nails #unhas #unha #manicurenails,autocuidado/estetica,False,7071443.0,-1
j9WmsR4Bn-g,10 formas de fortalecer seu AMOR PRÓPRIO e AUTOESTIMA com Dra Anahy D´Amico,autocuidado/estetica,False,320394.0,-1
wnHzs_TeLbU,HOMEM TAMBÉM SE CUIDA,autocuidado/estetica,False,511.0,1
tmMvnp1L4Ek,Como vocês trabalham? @marcotuliodavi #shorts,autocuidado/estetica,False,27120919.0,0
SiIjsNNyzNY,"Vendedora de carne casa-se com homem arruinado, sem saber que era o mais poderoso do reino!",autocuidado/estetica,False,237.0,0
SLVpL-JQIww,Emilly Vick Mostrando o Leozinho Falando Não Pro Davi💖 #emillyvickof #davizinho #leo #yt #fyp #fy,autocuidado/estetica,False,34361655.0,-1
zBY3BFzpoOE,Novembro: mês de saúde do homem 'Não tenha vergonha de se cuidar',autocuidado/estetica,False,54.0,-1
SdrJGUaPx90,18 de setembro de 2026,autocuidado/estetica,False,1735.0,-1
tlwAJlfg78k,Como deixar o cabelo masculino com volume e acabamento limpo #glowup #modamasculina #shorts,autocuidado/estetica,False,27011.0,1
L55H3Q9wT1Y,GROOMING PARA PENTEADO NO CABELO MASCULINO | SHEIK BARBER,autocuidado/estetica,False,467.0,1
yQGnk1WFaNY,🚨 Seu banheiro não precisa de uma coleção de aparelhos. 😂,autocuidado/estetica,False,744.0,1
HDs2FZeSMrk,Barber & Cia - Grooming Alfa looks,autocuidado/estetica,False,1067.0,-1
5uJni_o1sWI,CUIDADOS PESSOAIS MASCULINOS (GROOMING): APARE OS PELOS DEBAIXO DO BRAÇO (PARTE 8 DE 9),autocuidado/estetica,False,218.0,0
f7QPfFVpv9U,Skincare masculino - grooming,autocuidado/estetica,False,768.0,-1
HYwUC4O4_hc,MINOXIDIL FAZ CRESCER A BARBA?,autocuidado/estetica,False,997234.0,1
8tL_aPh3rZI,FAVORITOS: SABÃO DE BARBEAR E PÓS-BARBA 💈 Barba Tradicional #shorts #reels,autocuidado/estetica,False,23143.0,1
3AehMO_j2V0,ESTILOS DE BARBA que as Mulheres AMAM e ODEIAM | Glow Up Masculino,autocuidado/estetica,False,54789.0,0
tEnE0fgmYes,A Barba e a Masculinidade | O que o faz um homem de verdade?,autocuidado/estetica,False,7763.0,1
1MOiOxY76ew,CUIDAR DA BARBA: Quais são os melhores cuidados com a barba | Dr Lucas Fustinoni,autocuidado/estetica,False,28237.0,1
53PQTO-vS2A,1 ANO de tratamento MINOXIDIL (evolução) #barba #minoxidil,autocuidado/estetica,False,611294.0,1
OT_dGrUVEiI,Como Fazer a BARBA CRESCER do ZERO? | Glow Up Masculino - Passo a Passo,autocuidado/estetica,False,51126.0,1
ikED1tkiRj0,7 Cuidados ESSENCIAIS para uma Barba Estilosa e IMPECÁVEL!,autocuidado/estetica,False,843.0,1
j-xHNiLov3k,Os 5 Melhores Shampoo Para Barba Custo Benefício,autocuidado/estetica,True,4422.0,1
r4Cx4VBpdnQ,Balm Pós-barba Multifuncional Natura Homem de @naturabemestarbem,autocuidado/estetica,False,7347.0,1
FSj4q8GlOOI,estilos de barba tendência para negros em 2025,autocuidado/estetica,False,34795.0,1
UjNUy_gdhCo,Como Cuidar da Barba - Cuidados Básicos Com a Barba | New Old Man,autocuidado/estetica,False,542.0,1
aYTfsKLHVDY,Descubra Por Que Esse Combo é REVOLUCIONÁRIO para Crescer Barba! 🚀 REDENSYL + Vitaminas,autocuidado/estetica,False,1738.0,1
YBH5lwpiS7c,Alisador de Barba Multifuncional para o Homem Moderno,autocuidado/estetica,False,1211.0,1
poHdebo7DLk,COMO ALINHAR RAPIDAMENTE OS FIOS DA BARBA,autocuidado/estetica,False,81579.0,1
GH6p6kS9Mms,"Como fazer manutenção barba pintada, quando pintar e retocar, frequencia e cuidados como hidratação",autocuidado/estetica,False,140222.0,-1
2g5vm97wbs8,Como fazer a barba sem irritar a pele (com produto que funciona!) #modamasculina #glowup #shorts,autocuidado/estetica,False,24110.0,1
dUKcse23-5M,Como cuidar da barba do homem,autocuidado/estetica,False,75.0,1
7m0us5U3omc,Manchas escuras no pescoço #dermatologista,autocuidado/estetica,False,202283.0,1
NaqGifSVDF8,Óleo corporal paixão - dermatologista explica,autocuidado/estetica,False,164575.0,1
G00KKwyLBfQ,Exercícios faciais - dermatologista explica,autocuidado/estetica,False,82177.0,1
ORr0K6RtA3I,Estrias na Pele 😱#medicina #medico #enfermagem #enfermeiro #enfermeira #dermatologia #dermatologista,autocuidado/estetica,False,3071346.0,-1
PCQsZajemH8,VOCÊ ESTÁ TOMANDO BANHO ERRADO! #dermatologista,autocuidado/estetica,False,8948.0,1
g1Q3Nuk1-g8,Dermatologista Raiz,autocuidado/estetica,False,4392.0,1
n4JoBcPNgoE,Vitacid ou azelan? Qual escolher para a sua pele? Fica a dica desse guia prático.,autocuidado/estetica,False,405182.0,-1
PLkOw7xKvaE,10 anos sendo médica dermatologista esse é o meu veredito,autocuidado/estetica,False,251865.0,-1
Q36y-3gRsG4,O Adapaleno é uma das substâncias que melhor tratam a pele acneica!,autocuidado/estetica,False,171336.0,1
q534aaRXRcs,"Micose virilha - Por que surge? Como tratar? Por Luiz Gameiro, dermatologista",autocuidado/estetica,False,340003.0,-1
xWzrzyRXWPg,"Verruguinhas no pescoço, o que pode ser?",autocuidado/estetica,False,695290.0,0
x4Dr5ykJeqE,"Dúvida sobre pele, unha e cabelos é com Dermatologista! (Dra Gi Dermatologista - Médica USP)",autocuidado/estetica,False,1554.0,1
eFBOs7CsUYU,Substitutos Vitamina C Skinceuticals,autocuidado/estetica,False,115998.0,-1
56t5jwZjO28,Pele seca e sensível #hidratação #hidratantecorporal #dermatologista,autocuidado/estetica,False,6184.0,1
y7PpBxbO6ro,Sabonete Asepxia? Dermatologista explica,autocuidado/estetica,False,150672.0,1
QZycOcf63-I,Pomada para infecções de pele: NEBACETIN #saúde #farmácia,autocuidado/estetica,False,2044993.0,1
y3hyIm8yC50,COMO É UMA CONSULTA COM A DERMATOLOGISTA ? DRA MAURA VIEIRA #SHORTS #skincare #dermatologia,autocuidado/estetica,False,21309.0,1
_zR6YrzZzCI,Coceira no corpo | Dra. Beatriz Franchito Baldi #coceira #dermatologista #cuidadoscomapele #beleza,autocuidado/estetica,False,24056.0,1
ScL1PVP2_to,"A Dermatologia é a especialidade médica que cuida da pele e de seus anexos - cabelos, pelos e unhas.",autocuidado/estetica,False,2883.0,1
FJ8GB44gkCs,Como tratar a dermatite seborreica? #saude #santacast #bemestar #campinas #explorar #dermatite,autocuidado/estetica,False,286750.0,1
C9rNLUhm4cM,CICATRIZ DE ACNE: 5 tratamentos para melhorar suas cicatrizes de acne,autocuidado/estetica,False,234465.0,1
ZHgtx6TJRVU,Um dia na vida de um médico dermatologista,autocuidado/estetica,False,29839.0,-1
hOfDwh3bvRc,Cinco motivos para procurar um dermatologista,autocuidado/estetica,False,241987.0,1
aT5O6IB0Nmw,"Como ter uma pele lisinha, macia e livre de manchas",autocuidado/estetica,False,1171247.0,1
JirbqHR684s,Foliculite #dermatologista #skincare #dicas,autocuidado/estetica,False,76360.0,1
h8dZuGUlrOU,Água micelar? Dermatologista explica,autocuidado/estetica,False,36616.0,-1
ugK06vX9GB4,"Coceira no Couro Cabeludo, O Que Pode Ser? #shorts",autocuidado/estetica,False,293943.0,-1
Yk6dXp6ce5w,Ácido hialurônico é seguro mas pode levar ar complicações,autocuidado/estetica,False,25514.0,-1
b2wMo87oOx8,Suavicid - Melasma,autocuidado/estetica,False,366753.0,1
T3PjODNPEoo,Lábios secos e rachados - 5 dicas para resolver - dermatologista explica,autocuidado/estetica,False,178572.0,-1
yM4Mi4bI9Bs,Pés rachados: quando só passar creme não resolve,autocuidado/estetica,False,1226422.0,1
ANccCObrOrA,Calvície tratada com MMP 😱,autocuidado/estetica,False,582958.0,-1
WW2e_4vb0fY,pomada que vai deixar seu rosto como 🍑 de neném #dicasdebeleza,autocuidado/estetica,False,1558511.0,0
Kt8ZIHNT6UE,Estrias vermelhas? - dicas de dermatologista,autocuidado/estetica,False,86120.0,-1
iwJfHBi11GQ,MAIS PELOS APÓS A DEPILAÇÃO A LASER?,autocuidado/estetica,False,129274.0,1
w7CngL7UALU,Como usar e aplicar o Minoxidil?,autocuidado/estetica,False,277612.0,1
-Fsp3w3KjDc,Dica de banho 🛁,autocuidado/estetica,False,939832.0,-1
APeAH8Qud4A,MELASMA NO ROSTO - Descubra COMO CLAREAR AS MANCHAS DE MELASMA,autocuidado/estetica,False,278119.0,-1
MdUatYQXAX8,Sabonete de coco é bom? Dermatologista explica,autocuidado/estetica,False,87878.0,-1
FdWPgaFWiJw,"Acne e manchas, adeus! Acompanhe meu caminho com o tratamento ácido azelaico",autocuidado/estetica,False,517611.0,1
44K2FZ2xQWo,Descubra tudo sobre a POMADA MILAGROSA para manchas e MELASMAS [A VERDADE].,autocuidado/estetica,False,1631753.0,-1
DJspEtOVVh8,COMO TER UMA PELE BONITA E HIDRATADA!! #acnetreatment #belezaesaúde #acne #belezafeminina,autocuidado/estetica,False,905439.0,1
IHibW7Q8B4w,Subcisão para Cicatrizes de Acne: Entenda como funciona ✨,autocuidado/estetica,False,164885.0,-1
5cmMTbhAzEM,LUTA CONTRA ACNE NÃO É FÁCIL #shorts,autocuidado/estetica,False,6394831.0,1
xpecjJELphg,RETINOL | Tudo que você precisa saber sobre esse ANTI-IDADE,autocuidado/estetica,False,267405.0,-1
Cw0hd6aWuRk,Caso de Lifting Facial Deep Plane em paciente de 50 anos. #cirurgiaplástica #liftingfacial,autocuidado/estetica,False,216188.0,1
e3r9sS1ylLw,MINOXIDIL | O tratamento famoso para QUEDA DE CABELO,autocuidado/estetica,False,519014.0,1
3hGXChzpVaE,Quando o Looksmaxxing da ERRADO (cuidado com esse queixo),looksmaxxing,False,285164.0,0
-WeU6-fkYtE,Forma mais rapida de destruir seu cabelo #looksmaxxing #glowup #cabelo #modelo,looksmaxxing,False,210940.0,-1
16mm3R1K11M,Eu fui reconhecido no Omoggle #mewing,looksmaxxing,False,1038029.0,0
7GAKwnMlGTQ,Tier list de Hard Max- Os MELHORES e PIORES procedimentos estéticos para se fazer,looksmaxxing,False,6974.0,1
9oMCU7Tujm8,Como fazer sua mandíbula ficar mais LARGA - Guia completo de Looksmaxxing,looksmaxxing,False,19789.0,1
pKTOUGOv6hc,Rosto x Altura x Shape | Qual é mais importante para atratividade masculina?,looksmaxxing,False,8805.0,1
vOZ6ElvW_N0,Edit looksmaxing tik Tok,looksmaxxing,False,44266.0,-1
oEOIAStXEhk,Bonesr #hardmaxxing #bp #edit #looksmaxxing #motivation #bones,looksmaxxing,False,13.0,10
ZfE8tZu0S7k,Como melhorar a área dos olhos | Guia completo,looksmaxxing,False,26769.0,1
AfSMftDC_XQ,Mewing Tutorial #looksmaxxing #glowuptransformations #mewing #glowup,looksmaxxing,False,15220.0,-1
zgTxd9Q2S_o,Tutorial mewing 100% funcional🤫🧏 #meme #mewing #tutorial,looksmaxxing,False,840.0,-1
aIfHe5JHZW0,Andrew Tate: o ídolo da machosfera que acabou preso,manosphere/ideologia,True,258523.0,0
-v2OpUzHIIw,"FINALIZAÇÃO DEDOLISS 🔥| Rotina de cuidados completa, cachos perfeitos e bem cuidados #shorts",autocuidado/estetica,False,25953.0,-1
fm6bFCGto8E,Como introduzir Retinol na sua rotina de Skincare? #ácidos #skincare #retinol #principia #cuidados,autocuidado/estetica,False,76961.0,-1
lzKVMNFgBdc,Pós operatório de cirurgia de catarata em 50 segundos: Dr Rubens Belfort,autocuidado/estetica,False,318146.0,-1
-yStp2EU6xg,ROTINA DA MIA 7:40 💭 #trend #rotina #portugal #,autocuidado/estetica,False,11217309.0,-1
GBYW6u7JmoE,Aula prática banho no leito.,autocuidado/estetica,False,778540.0,-1
_5MQMEHUGeM,Glow Up para os Homens #belezaelegante #autocuidado #belezanatural,autocuidado/estetica,False,716.0,1
5j5k0kqZK54,Novembro Azul: Autocuidado masculino,autocuidado/estetica,False,0.0,2
kv8B07x-f0M,NOVEMBRO AZUL: CAMPANHA REFORÇA A IMPORTÂNCIA DO AUTOCUIDADO MASCULINO.,autocuidado/estetica,False,48.0,2
L5FrTDzuWAE,"Autocuidado masculino não é vaidade, é identidade",autocuidado/estetica,False,199.0,1
WIsERm4pgY4,A TRANSFORMAÇÃO #shorts #trans,autocuidado/estetica,False,237946.0,-1
k7H4P_kU_Xk,"SUPER GLOW-UP | tirei o aparelho, recuperando o cabelo pós tranças, limpeza de pele e etc..",autocuidado/estetica,False,273977.0,-1
VUHHZaRr_ws,Guia de Glow Up Sem Enrolação para Homens Negros,autocuidado/estetica,False,2558.0,-1
6EFNj1Liyhk,Glow Up do Léo Pereira 🔥 Antes e Depois,autocuidado/estetica,False,42588.0,1
0_VjBSEAGsA,POV: você é homem e decidiu se cuidar.,autocuidado/estetica,False,1186.0,-1
WEfbQodB68c,O Homem Que Se Cuida Vai Mais Longe | Owl For Men 🦉,autocuidado/estetica,False,43.0,-1
fJPfeJcvjxI,"Beleza masculina é mais que um rosto bonito, HOMEM bem cuidado a MULHERADA Pira #shortvideo",autocuidado/estetica,False,704.0,-1
_RCn3UGezV4,"“Homem Também se Cuida: Acne, Pele e Autoestima” #moriahestética #estéticaregenerativa",autocuidado/estetica,False,210.0,-1
xTbdh8o2Vj4,Homem que se cuida transmite confiança. Descubra a experiência da nossa Limpeza de Pele VIP✨,autocuidado/estetica,False,1280.0,-1
jl_nNvA3OS8,"Novembro Azul, homem também se cuida, prevenção é amor próprio e a quem te ama, saúde não tem preço",autocuidado/estetica,False,314.0,2
S4js2p0ZrJI,Homem forte se cuida! O pilar da espiritualidade é muito importante para alimentar sua fé.,autocuidado/estetica,False,408.0,2
b-zZMS_miPQ,⚘Novembro azul( Homem que se cuida tem atitude),autocuidado/estetica,False,71.0,2
4AK6iFb2G-A,Homem também se cuida Barbearia Sr Braga a todo vapor💇🏾‍♂️,autocuidado/estetica,False,5.0,1
27bxwQGwpSg,Homem também se cuida! Com Eme Dj,autocuidado/estetica,False,138.0,1
OSae66qI_hk,Dia da Beleza.... O homem tbm precisa se cuidar! Limpeza de pele ... Uhhuuu #limpezadepele,autocuidado/estetica,False,509.0,-1
MNlA2gz1gIU,7 dicas para o homem que quer se cuidar (de verdade) #Shorts,autocuidado/estetica,False,632.0,0
pC7tCrkh8VM,Um BAITA presente para o homem QUE SE CUIDA,autocuidado/estetica,False,1751.0,-1
Qf6_cLqxIXk,COMEMOS ALGO DIFERENTE💩,autocuidado/estetica,False,40564824.0,3
CRHTVPh0Vt0,Extração de dente: cuidados pós exodontia de siso e qualquer dente.,autocuidado/estetica,False,1049527.0,-1
FFDCkmjumIg,PodCâmara Pomerode – Especial “Homem que se Cuida”,autocuidado/estetica,False,166.0,2
QdQ86mjrS1A,Se cuidar com certeza também é coisa de homem,autocuidado/estetica,False,0.0,-1
vID2FI2eqxI,Homem que se cuida é menos homem?,autocuidado/estetica,False,1305.0,0
dSgJdyr-DAQ,CEO falido salva mãe e bebê… Eles eram suas estrelas da sorte e lhe deram 10 bilhões!,autocuidado/estetica,False,484.0,-1
4ewyI0wlBXc,#shorts Um homem ir ao urologista para se cuidar ainda é tratado como tabu por algumas pessoas,autocuidado/estetica,False,247.0,2
DTOZOU_m6mc,NOVEMBRO AZUL - QUEM DISSE QUE HOMEM NÃO SE CUIDA?,autocuidado/estetica,False,43.0,2
oQ5ENqQdDOg,Homem também se cuida! #homem #saúde #secuida,autocuidado/estetica,False,50.0,-1
_Frk8cz0-nI,INCENTIVANDO MEU MARIDO A ME AJUDAR!!🫢🥰. #memes #humor #casal,autocuidado/estetica,False,1024487.0,-1
7GYUNABVIX4,Grooming para Cabelo e Bigode Fox For Men,autocuidado/estetica,False,501.0,1
s6i_vQ_KPJc,O SEGREDO dos homens que sempre saem de casa com visual impecável,autocuidado/estetica,False,22798.0,2
Dg7HVbuouAk,Depilação masculina 🔥,autocuidado/estetica,False,35605.0,-1
XGJVR8Ic_7M,🔵 5 PRODUTOS PARA O ROSTO MASCULINO | GROOMING,autocuidado/estetica,False,69190.0,-1
F_rZGUjAYt4,VISAGISMO | CABELO E BARBA | MASCULINO,autocuidado/estetica,False,653.0,1
u-eeAi9f5xQ,Depilação a laser na barba é pura enganação #shorts,autocuidado/estetica,False,128865.0,1
4mHLL9q1Od4,Melhor BARBEADOR da SHOPEE!!! #shorts #Shorts,autocuidado/estetica,False,1159393.0,-1
SJxB4mmluxQ,Tirar a barba com cera dói? 🥺,autocuidado/estetica,False,252859.0,1
wK-5QtqOKsI,6 dicas de HIDRATAÇÃO DE PELE MASCULINA (com barba),autocuidado/estetica,False,403.0,1
m91PjYKw-wo,Como retirar verrugas em casa. Respondi todas as dúvidas e resumi em 10 min. Assiste lá no canal.,autocuidado/estetica,False,603674.0,-1
783DJv57ivI,Creme para alergias e coceiras na pele Dexametasona #shorts #medicamento #farmacia,autocuidado/estetica,False,2813665.0,1
7-UX9J3RKwM,Podofilox e Imiquimod no Tratamento do HPV | Dr. Claudio Guimarães,autocuidado/estetica,False,180997.0,1
nucKBCVFQSU,Aplicação de Bioestimulador de Colágeno | tratamento para pele flácida,autocuidado/estetica,False,621424.0,-1
c3c45TZfCVk,Sérum R$ 5 vs R$ 500 Para Olheiras: Por Que o Barato VENCEU (Não Acreditei),autocuidado/estetica,True,443999.0,1
mXpVJa4_Lq4,Dermatologista Cuidados com a pele,autocuidado/estetica,False,426.0,1
y0oYKo25JG0,CUIDADOS COM O CABELO - DRA CAROLINA MERTEN - DERMATOLOGISTA,autocuidado/estetica,False,1761.0,1
74JAFIKlGzY,"MANCHAS ESCURAS NA PELE, SAIBA À CAUSA #diabetes #saude #dicas #curiosidades",autocuidado/estetica,False,181074.0,1
ZsSkVP-KzBQ,"ALINE ERTHAL (Dermatologista e Head de dermatologia na Omens) | “Fala, mas faz!” Podcast #003",autocuidado/estetica,False,11643.0,1
yTLi1oqpbzo,FAÇAM LOOKSMAXXING 🤫🧏🏻‍♂️. #looksmaxxing #academia #glowup #fyp #dicasdebeleza #mewing #saude,looksmaxxing,False,49760.0,1
3cDWt5JWqFE,O que é Mewing e a Qual é a Música da Trend? 🤫🧏🏻‍♂️ #trend #mewing #byebye #meme,looksmaxxing,False,1944760.0,-1
qTH3H4ly_MM,4 Exercícios para transformar o seu rosto! 🗿🔥Faça 3 séries de 30s todos os dias e veja a diferença 💥,looksmaxxing,False,1450594.0,-1
MYp5ZHaZNcs,DANDO AQUELA ISKIN-CARE ACOMPANHADA DE GLOW-UP -#autocuidado,autocuidado/estetica,False,2382.0,1
nlaMZqCxEJU,5 hábitos que estragam a sua pele! ⚠️...#skincare #cuidqdoscomapele #autocuidado #rotina,autocuidado/estetica,False,2483.0,1
soCpyv3Sekg,Autocuidado Masculino,autocuidado/estetica,False,196.0,2
FHNKM_o5aKo,Novembro Azul: Urologista destaca a importância do autocuidado masculino,autocuidado/estetica,False,65.0,-1
EsVVYRip668,PERFUME DA NATURA PARA SER LEMBRADA,autocuidado/estetica,False,1007.0,0
746hDMipf1w,Avaliando meus body splash OBoticário ✨ #autocuidado #oboticario #avaliando,autocuidado/estetica,False,727126.0,-1
I5msafKD4cw,PERFUMES DA NATURA PARA MULHERES CASADAS,autocuidado/estetica,False,310.0,0
mLZa8SdW7DA,#VidaDeHomem #AutoCuidadoMasculino #HomemNoControle #CliqueNaBio,autocuidado/estetica,False,0.0,2
7WvyOb0YtsM,GUA-SHA PARA DEFINIR MANDÍBULA 🤫🧏🏻‍♂️ #autocuidado #joaoluzx #dicasdebeleza #mewing #fy,autocuidado/estetica,False,88054.0,-1
f6tEKjk2Qlk,#AutoCuidadoMasculino #VitalidadeMasculina #DesempenhoEmAlta #CliqueNaBio,autocuidado/estetica,False,0.0,2
G_eO1nUmkts,Comecei a tomar Centrum Homem! Será que funciona mesmo? 👀💊#shorts,autocuidado/estetica,False,11717.0,-1
4F4nSEn9u-s,Linha Via Men - Via Charm Cosméticos #cosmeticos #autocuidado,autocuidado/estetica,False,87.0,2
LJZWBgblEy0,Segredo para ter uma aparência bonita #barbanegra #cabelo #autocuidadomasculino #barbershop,autocuidado/estetica,False,311.0,1
TSzH0Yd9tWw,"Kit de barbeiro profissional, tesouras de cabelo #cortepersonalizado #autocuidado #belezaelegante",autocuidado/estetica,False,39.0,1
45xXeb-TEiE,Já treinou hoje? ✔️ #workout #treino #autocuidadomasculino #academia,autocuidado/estetica,False,582.0,0
6mm1NI_Gt0I,Sabonete Masculino Afrodisíaco 150ml - Intt #sabonetelíquido #autocuidado,autocuidado/estetica,False,265.0,13
Hp-AFc-BsT4,Eles disseram que autocuidado era vaidade. Ele descobriu que era respeito.,autocuidado/estetica,False,954.0,2
PvZwhh4Ip1s,Perguntas e respostas - Barba Negra #barbanegra #cabelo #autocuidadomasculino #beleza #homem,autocuidado/estetica,False,427.0,1
th6UWdFz1I0,TRUQUES PARA FICAR MAIS BONITO EM POUCOS MINUTOS | GLOW UP MASCULINO | COMO FICAR MAIS BONITO,autocuidado/estetica,False,939938.0,1
7ql1GrSOBwk,3 Coisas Que Deixam Qualquer Rosto BONITO (Rápido),autocuidado/estetica,False,16371.0,-1
jRygscdLrqM,"Aquela rotina da barba e da careca pra não ter erro. Pra barba, óleo de coco. #careca #barba #bone",autocuidado/estetica,False,23068.0,1
yanc_K7iKLE,CARECA COM BARBA: COMO CUIDAR DA CARECA? 4 DICAS PRA CUIDAR DA CARECA!,autocuidado/estetica,False,15934.0,1
nw_THBoZPP0,ISSO VAI TE DEIXAR 99% MAIS ATRAENTE #homem #estilomasculino #estilo #barba #atraente,autocuidado/estetica,False,10775.0,1
BdY0gyeGNuw,COMO USAR KIT PARA BARBA SHAMPOO BALM E ÓLEO,autocuidado/estetica,False,6652.0,1
bT1C0N62GK8,Como cuidar da barba com Shampoo Condicionador Barba Men,autocuidado/estetica,False,666.0,1
XhSgEGp_JT4,"Rotina pós-barba - Barbear sem irritação, cortes e pêlo encravado | 💈 Barba Tradicional 💈",autocuidado/estetica,False,35223.0,1
Ah67E5w1uzg,[ASMR] FAZENDO A BARBA!,autocuidado/estetica,False,61905.0,1
2NPc6Vdf3-w,Presente Natura Homem barba em Caixa especial e ritual completo com a barba e carinho na perfumação,autocuidado/estetica,False,1078.0,-1
BTWGLKWE8Ls,⚫ Como deixar a barba crescer: 6 Dicas para ter uma barba de respeito,autocuidado/estetica,False,102168.0,1
XKJnxzdFQdI,BARBA QUASE TODA GRISALHA,autocuidado/estetica,False,5616.0,1
Rm8mh5436Vg,Top 5 Produtos para Barba: Tônicos e Blends que Garantem Resultados!,autocuidado/estetica,False,7362.0,1
9a31n2EHZC8,Acha que precisa de barba?! #careca #cabelo #calvo #barba #protesecapilar #bone #gdc,autocuidado/estetica,False,8391.0,1
M3ia5aO4NpU,O melhor tipo de barba para o SEU ROSTO! | Lifestyle,autocuidado/estetica,False,239591.0,1
NIwRoq_ub6w,Como faço a BARBA COM NAVALHA em casa - Tutorial prático,autocuidado/estetica,False,48824.0,1
zWotHLmSZiw,ÓLEO PARA DEIXAR A BARBA LIMPA E HIDRATADA | #shorts #peterpaiva #artesanato #barba #óleoparabarba,autocuidado/estetica,False,5398.0,1
AHQFt5f_slg,BIGODE: 7 dicas para cuidar do bigode masculino | GLOW UP MASCULINO,autocuidado/estetica,False,53876.0,-1
N2Ax53Eg5w4,Cuidados com a barba crespa,autocuidado/estetica,False,12318.0,1
KBkPF02ck_k,Passo a passo da barba lenhador #barberlife #barber #barba #barbershop #cabelo #barbeiroempresario,autocuidado/estetica,False,91685.0,1
JrTKk7PczSE,Dr Renato Lima - o médico dermatologista,autocuidado/estetica,False,343.0,-1
ewcsHA6COa8,Como você se sente depois de ir na dermatologista,autocuidado/estetica,False,1947.0,1
5CCXSqZI-Yg,Dia do dermatologista,autocuidado/estetica,False,319.0,1
GXZpTKNOTCg,Peeling Químico,autocuidado/estetica,False,70228.0,-1
vjpV5ZUFnU4,Bolinhas brancas na pele são chamados Milium / #milium/ #estetica #jatodeplasma,autocuidado/estetica,False,175598.0,-1
NYSB7TZ7VKA,Você tem isso no seu nariz?👃🏻#Nariz #cravos #Saúde #curiosidades,autocuidado/estetica,False,979951.0,0
3goWF668-Wk,Ácido Hialurônico - Preenchimento de Glúteos 🍑,autocuidado/estetica,False,318241.0,-1
2bPUyo149qE,Homens no dermatologista. Qual tratamento eles buscam?,autocuidado/estetica,False,817.0,-1
aNvAmLXzibw,DERMATOLOGISTA FALA A RESPEITO DO AUMENTO DA PROCURA MASCULINA POR TRATAMENTOS ESTÉTICOS,autocuidado/estetica,False,62.0,-1
mk0HpO_8GG0,DERMATO ENSINA OS CUIDADOS COM A PELE TATUADA #dermatologista #saúdedohomem,autocuidado/estetica,False,142.0,1
EMxvl4WgEDs,como acabar com a foliculite (pelo encravado) #medicina #saude #mulher,autocuidado/estetica,False,148674.0,1
ASdO-0_NCTY,Calming cream da Creamy - dermatologista explica,autocuidado/estetica,False,97891.0,1
SZe_--db7J4,Transtorno de Borderline em 1min.,autocuidado/estetica,False,280636.0,0
D763x1awnvQ,DICAS PRA COMEÇAR A CORRER - INICIANTES,autocuidado/estetica,False,697376.0,-1
U1Riz_Ra5NU,"RECUPERAÇÃO PÓS OPERATÓRIA DO DENTE DO SISU, pelo Dr Nilton.",autocuidado/estetica,False,443927.0,-1
r6Nuqrin24M,ORGANIZE SUA VIDA EM SILÊNCIO: 10 Regras psicológica de Carl Jung Que Poucos Seguem,autocuidado/estetica,False,1131998.0,-1
1XHu2rHjlVQ,Autocompaixão e Mindfulness: Como Cuidar do seu Bem-Estar Emocional - Aline Sampaio [Ep. 087],autocuidado/estetica,False,786227.0,-1
KznopvID6aI,Ensinar autocuidado aos meninos pode ser revolucionário | O Silêncio dos homens,autocuidado/estetica,False,6585.0,-1
NCZ6freUdiw,6 HÁBITOS que te DEIXAM FEIO (e você não percebe) | glow up masculino 2024,autocuidado/estetica,False,198981.0,1
XZdUYr67MeQ,10 dicas de COMO TER UM GLOW UP MASCULINO em 2024,autocuidado/estetica,False,223598.0,-1
3wiSYuxTjDk,De cara NORMAL para MODELO: Técnicas essenciais de GLOWUP Masculino - EP.07 🔥 @oscar_patel,autocuidado/estetica,False,16820.0,-1
TYj14KUc9lY,25 dicas de glow up em menos de 9 minutos (foco em 2026),autocuidado/estetica,False,59562.0,1
8ANk86J6pxA,Cabelo é a maquiagem do homem #looksmaxxing #glowup #viralvideo #cabelomasculino,autocuidado/estetica,False,5836.0,-1
IriKVAnTuDI,Pequenos hábitos que vão te fazer TER UM GLOW UP até o final do ano,autocuidado/estetica,False,164227.0,1
hsuqSmOqYIk,Dicas de Glow Up para homens 01/10 #cuidadomasculino #glowup #man,autocuidado/estetica,False,571.0,1
ZFICdvcRm0Q,Ferrugem - Me Bloqueia (Ferrugem 10 Anos - Ao Vivo),autocuidado/estetica,False,142708557.0,0
H75mjO-dc00,Decisão,autocuidado/estetica,False,631077.0,9
eP3yz_KUcV0,HOMEM QUE É HOMEM SE CUIDA MAIS DEPOIS DOS 50 ANOS,autocuidado/estetica,False,3609.0,2
CUL8nGCvrQg,Dia de spa para o cabelo com minhas sobrinhas 🥰,autocuidado/estetica,False,25434113.0,1
6b9iweFNY0U,HOMEM QUE É HOMEM SE CUIDA I NOVEMBRO AZUL #avidaémuitomais,autocuidado/estetica,False,81.0,2
kavvTW-IA68,EU CUIDANDO DE CRIANÇA | #shorts,autocuidado/estetica,False,28981281.0,8
1YBCxNnIX8Y,Anderson Almeida - Homem também pode se cuidar com apenas 3 passos,autocuidado/estetica,False,552.0,-1
5KYzva3BxXo,Porque o homem também deve se preocupar e se cuidar?,autocuidado/estetica,False,35.0,2
ifAJxwhbz0E,Homem também se cuida.,autocuidado/estetica,False,105.0,2
u1sY88hfnUk,A Ordem Certa de Usar Seus Produtos Para Barba,autocuidado/estetica,False,84196.0,1
H0CT0bpzGJ8,Pode Lavar a Barba Todo Dia?,autocuidado/estetica,False,58308.0,1
NZmXageoAHk,Transforme Seu Rosto: Esconda a Papada com a Barba #glowup #barba #beard,autocuidado/estetica,False,438169.0,1
I1H2I_icgrY,Barbas cuidados com a #barba #barbeiros #barbeiras #barbeiros #barbearias #tesoura #barba,autocuidado/estetica,False,2068.0,1
oF3v3SGLRS8,"Não gaste dinheiro com Balm para barba, o creme para cabelo é um bom substituto #skała #balm #barba",autocuidado/estetica,False,70754.0,-1
xfxy7JBOBjk,5 DICAS CASEIRAS MILAGROSAS PARA DEIXAR SUA BARBA MUITO TOP,autocuidado/estetica,False,16878.0,-1
pIToKwm-3XQ,CUIDADOS COM A BARBA E PERGUNTAS FREQUENTES,autocuidado/estetica,False,1032.0,-1
B1xrFkDz_0Q,DICA PARA DEIXAR A BARBA CRESCER #barbudos #barba #dicasdebarba #barbas #fugazz #barbudo,autocuidado/estetica,False,31010.0,1
mpVpin0gLXg,produtos para BARBA por ate 30 REAIS,autocuidado/estetica,True,16096.0,1
oEJS5IkqveU,Barba Sem Falhas: Minoxidil OU Redensyl? Descubra o Mais Poderoso!,autocuidado/estetica,False,2274.0,1
ul9PtyQNOWY,3 dicas rápidas para peles com barba | Dica da Esteticista + Dica do Léo @paratodapele,autocuidado/estetica,False,6942.0,1
xDmf8TyU3BY,Os 4 PIORES produtos para BARBA: SHAMPOO DE CABELO #shorts,autocuidado/estetica,False,4362.0,1
Ue0drh5jN6E,Cuidado Masculino - Diferença Entre Balm e Óleo Para Barba | New Old Man,autocuidado/estetica,False,610.0,1
kcfUqRo2FOs,Guia Completo de BARBA | Como fazer CRESCER e CULTIVAR sua Barba 🧔🏻,autocuidado/estetica,False,10841.0,1
pHy6x2Qcgi8,Eu já mais conseguirei fazer mewing corretamente🥺😢😭 #mewing #memes #humor #playstore,looksmaxxing,False,3015.0,-1
lpxnkmAXjPs,Saúde Masculina: Autocuidado e Prevenção | Pedro Moraes,autocuidado/estetica,False,7892.0,-1
mLDqFFOOFHU,Meu primeiro ano de vida❤️ #cachorro #filhote #pitbull #cachorros #filhotes #pitbulldog #cachorrinho,autocuidado/estetica,False,10579784.0,-1
XYQiuwGF1AI,"#skincare COMO COMEÇAR, passos essencias para sua rotina de cuidados facial #HOMEM",autocuidado/estetica,False,179.0,-1
E2gneyr1XW8,Rotina de cuidados com a pele K-BEAUTY,autocuidado/estetica,False,136.0,0
K5RX0e58h-U,🧔 [PASSO A PASSO]: COMO FAZER UMA ROTINA MASCULINA.,autocuidado/estetica,False,335.0,2
nRP6KHKlXgQ,Rotina básica de cuidados com a pele PARA ADOLESCENTES,autocuidado/estetica,False,15462.0,-1
MNoCxKtVy2Q,ROTINA DE CUIDADOS COM A TRANÇA NAGÔ,autocuidado/estetica,False,75652.0,-1
YYDkuOa0VEQ,Macaco distraído vs Homem 🐒🤝😁,autocuidado/estetica,False,25223835.0,-1
zNpiyef_H9w,Rotina da minha bebe reborn #vavamelo #humor #vlog #historiass #comedia,autocuidado/estetica,False,2413115.0,-1
0VfoOTYlATE,5 produtos que elevaram o nível do meu autocuidado masculino.,autocuidado/estetica,False,804.0,2
uDjf-PW8U9U,"Se tem uma região que precisa de cuidado especial, é a íntima!",autocuidado/estetica,False,11992.0,2
wHD9mEGwpNU,13 INVESTIMENTOS que TODO HOMEM PRECISA FAZER EM SI,autocuidado/estetica,False,278505.0,-1
TRB_U1XcnBc,"""Chiquititas"" mili finge se afogar",autocuidado/estetica,False,7334727.0,0
2iUAbkwfxcY,Cristiano Araújo - Caso Indefinido (In The Cities DVD) [Brazilian Music],autocuidado/estetica,False,479211436.0,0
hUADk9heZpk,BIOLAB CAST - PODCAST #9 - HOMEM NÃO SE CUIDA? - CORTE SHORTS,autocuidado/estetica,False,3737.0,0
PmVV-tqDflo,O HOMEM FICAR OBCECADO POR UMA MULHER QUE SAIBA SE CUIDAR SOZINHA #cortes #podcast #viral #shorts,autocuidado/estetica,False,798.0,0
VeQeytxn79Q,POV: GRWM de uma garota pobre (David Costa- @davidcstt_),autocuidado/estetica,False,11605976.0,0
qZQ8PMFHws8,FILMAÇO DE AÇÃO E SUSPENSE: ELE SAÍ DA CADEIA PARA ACERTAR AS CONTAS COM QUEM PEGOU SUA FAMÍLIA,autocuidado/estetica,False,941709.0,-1
kZ-_XkCPceQ,O mar acalmou um homem que quase não sorria | #SAL #435,autocuidado/estetica,False,15345.0,-1
RKJyN7fd8K8,COMO ficar 10x mais BONITA para ESCOLA jovens de 11 á 17 anos.glow up para escola .,autocuidado/estetica,False,300322.0,-1
JgVGv5Tfi_4,Filho da Fé,autocuidado/estetica,False,923195.0,9
Wq0vXfMDxnc,Veja o erro que fez esse homem cair do telhado mesmo usando uma tábua,autocuidado/estetica,False,681353.0,2
rkmW8YG2emg,5 ALIMENTOS QUE TODOS OS HOMENS DEVERIAM COMER #saude,autocuidado/estetica,False,282991.0,2
mEsdTLRtOEY,Esse cavalo é de quem na sua opinião ? 😱🐎 #shorts,autocuidado/estetica,False,39131553.0,0
V8Y9EIw7Odc,NASCEU BEBÊ REBORN de SILICONE,autocuidado/estetica,False,1883682.0,8
2Q7Xf7cqEFE,HOMENS PREFEREM MULHERES que PEDEM DINHEIRO?,autocuidado/estetica,False,819060.0,0
vTt37nwylxs,#short Tudo bem pra você se o HOMEM cuidar da CASA?,autocuidado/estetica,False,1328.0,-1
WdhjH3KFZoE,A DIFICULDADE DO HOMEM SE CUIDAR,autocuidado/estetica,False,60.0,2
SGrUA97wpwc,"O SEGREDO DOS CASAIS QUE DÃO CERTO | Marcos Lacerda, psicólogo",autocuidado/estetica,False,335560.0,-1
Om65mD7CZ4k,O HOMEM ENVELHECE MELHOR ( PARTE 2 ) #shorts #homem #saúde #cuidados #saudedamulher #saúdedohomem,autocuidado/estetica,False,1890.0,0
IZs798QWFoU,Na Ideal você encontra tudo o que um homem precisa para cuidar da aparência e se manter da hora.,autocuidado/estetica,False,72.0,2
AL0i-9zw0Fg,"Mulher, teu brilho começa quando você para de implorar presença",autocuidado/estetica,False,458627.0,-1
lbfv2Hx3adw,Como cuidar do Coto Umbilical do Bebê Recém-nascido 👶🏻 ❤️ #maternidade #maedeprimeiraviagem,autocuidado/estetica,False,6710932.0,8
aN9nPdXleRE,Homem também se cuida! #dicamasculina #autocuidado,autocuidado/estetica,False,89.0,1
Znb0498-H5Q,💈 LOÇÃO OU BÁLSAMO PÓS-BARBA??? 💈 #barbatradicional #reels #shorts #obtvenceu,autocuidado/estetica,False,25124.0,1
uwbJCHbt6Sc,MOTIVOS PARA DEIXAR A BARBA CRESCER #barba #barbearia #bigode #homem,autocuidado/estetica,False,32942.0,1
cdQCJrZjLWQ,ESTILOS DE BARBAS QUE TODA MULHER GOSTA #barba #homem #bigode #atraente,autocuidado/estetica,False,62313.0,1
79ATp_lkovM,BARBA CURTA - COMO CUIDAR? 3 Dicas para manter a Barba Curta,autocuidado/estetica,False,10762.0,1
Q1NZBOj8OJc,Tônico para você acabar com caspa e fazer seu cabelo crescer,autocuidado/estetica,False,561589.0,1
DCxSODCUIOA,Rotinade cuidado com o cabelo e barba do homem moderno - Owl for Men,autocuidado/estetica,False,110.0,-1
TrWelpqnJjc,APRENDA A FAZER A BARBA EM CASA | MEN'S MARKET,autocuidado/estetica,False,726.0,1
VX8KDw_U7qs,ÓLEO DE BARBA VS. BALM VS. MODELADOR: ENTENDA A FUNÇÃO DE CADA UM PARA SUA BARBA | MEN'S MARKET,autocuidado/estetica,False,743.0,1
EbqqRCyMjg0,Cuidados Com A Barba - Barba e Bigode,autocuidado/estetica,False,247.0,-1
qZC2wcvPbsk,Resumão: Sistema TEGUMENTAR (pele e anexos),autocuidado/estetica,False,273794.0,-1
6Lz6qkzCYkU,Sistema de irrigação com água da chuva pra horta no sitio,criadores_pt,False,72.0,-1
rD7YlIrEWfY,Já passamos por tantas cidades...,criadores_pt,False,91.0,0
v3nY5il9wKs,ÁGUA DE CHUVA - JÚLIO SANTOS O CANTOR (ao vivo setembro 2026),criadores_pt,False,40.0,6
Zz11hsEO64c,sinal de chuva abundante. #shorts #fe #oração #palavradedeus #reflexão #deus #salmos,criadores_pt,False,1188.0,-1
iac8o6cGWAk,Chuva de papel picado - A festa da Massa contra o Santos,criadores_pt,False,31396.0,6
3m6OtQcDdc0,REPÓRTER ALERTA MOTORISTAS SOBRE BURACO ESCONDIDO PELA CHUVA EM SANTOS 🌧️🤣,criadores_pt,False,20546.0,0
dQZTOZlBg-k,"Costelada do Rodrigo Santos, será que deu certo mesmo na chuva?",criadores_pt,False,881066.0,6
QtnkIertFfc,"CHOVE, CHUVA! 🌧️",criadores_pt,False,16210.0,0
EN9i2Am3T1w,MUITA CHUVA E UMA SERRA PELA FRENTE: TODO CUIDADO É POUCO - EP25 TP EXTRA,criadores_pt,False,46523.0,0
4PexGAhcXSA,TRANSTORNO | Chuva forte alaga Avenida Nossa Senhora de Fátima | VTV da Gente,criadores_pt,False,2403.0,0
iHFXB918IJ8,RESSACA EM SANTOS: Drone Quase Cai na Chuva de Surpresa (Canal 4 à Ponta da Praia),criadores_pt,False,84140.0,0
H88L3FslS9w,O TREINO SOB CHUVA NO CT! 🌧️,criadores_pt,False,16266.0,0
B_1tfm6Chdc,CHUVA DE GOLAÇOS! Palmeiras 4 x 1 Santos - Melhores Momentos - Brasileirão Sub-17 2026,criadores_pt,False,30495.0,0
D-_Gn77_AIM,🚨 Raiam Santos comenta convocação de Endrick e diz que ele merece demais! 👀🇧🇷,criadores_pt,False,12667.0,-1
DPsJ-kluUOI,ESPECIAL: GABRIEL MONTEIRO COM RAIAM SANTOS - REDCAST,criadores_pt,False,30199.0,0
oaRuFmpvb0c,Mikael Santos - QUANDO A CHUVA PASSAR,criadores_pt,False,35362.0,-1
O5pmO8qCv6s,NÃO SEJA UM CARA LEGAL (especialmente no Brasil),criadores_pt,False,318683.0,-1
PiMjPvrizQ0,FAÇA ISSO NOS DIAS DIFÍCEIS,criadores_pt,False,190290.0,-1
mAPpV5n35_4,SANTOS FC SEGUE TREINANDO NO CT REI PELÉ EM MEIO À CHUVA,criadores_pt,False,104640.0,0
E0lvkwPDoNY,Silvio Santos ENCONTRA menino vendendo doces na chuva… O que ele FAZ emociona toda a cidade,criadores_pt,False,1140.0,0
p_K_D_Q2QjA,o efeito da tatuagem de borboleta #raiamsantos #tatuagem,criadores_pt,False,35251.0,12
Avun1gZYMek,O problema das corridas na chuva da F1,criadores_pt,False,248936.0,6
fph-mlfV5HU,Fuja do Karma de Puta: Raiam Santos Revela os Perigos de Escolher a Mulher Errada!,criadores_pt,False,5026.0,-1
uqsl2UW_3hY,SANTOS FC TREINA NA MANHÃ DESTA TERÇA-FEIRA SOB FORTE CHUVA,criadores_pt,False,167443.0,0
otAYul8VYqQ,Raiam comenta sobre tatuagem #raiamsantos #raiam #tatuagem,criadores_pt,False,6116.0,12
j2BNwWQGV2s,Raiam santos falando da tatuagem de borboleta. #raiamsantos #santos #borboletas #tatuagem,criadores_pt,False,52045.0,12
7MdVS2xKSi4,Raiam Santos e a POLÊMICA da mulher de 30 ANOS!,criadores_pt,False,54431.0,0
q59MWR_FtQE,Rain Santos finalmente fala sobre Nando Moura #raiamsantos #nandomoura,criadores_pt,False,1023.0,6
Nx63NRcrNYE,AINDA VALE A PENA IR PARA O LESTE EUROPEU? #raiamsantos #mulheres #russia,criadores_pt,False,13400.0,-1
E1zGJZODM4M,MELHORES MOMENTOS DO RAIAM SANTOS,criadores_pt,False,56628.0,0
_F4SBTdh43c,Chuva atrasa clássico de Santos e São Paulo; Neymar não vai à Vila Belmiro | SBT Brasil (01/02/25),criadores_pt,False,15348.0,-1
hyQld6WK1QA,raiam santoskkkkk,criadores_pt,False,1059145.0,0
hDSPwClkRFg,Resenha de Lançamento Natura EKOS RYO CHUVA Como é a Fragrância?,criadores_pt,False,18398.0,-1
GW7q3QbHusQ,"Constança Santos - ""Set Fire to the Rain"" | Provas Cegas | The Voice Kids Portugal 2024",criadores_pt,False,149332.0,0
I1DmMQSMlgk,SIGNIFICADO DE SONHAR COM CHUVA.,criadores_pt,False,13688.0,-1
7dJrlbmK0mE,A MAIOR CHUVA DE METEOROS DO GTA 5,criadores_pt,False,1942819.0,-1
DDpCyFkAcL4,Litoral de SP: Forte chuva atinge cidades da Baixada Santista,criadores_pt,False,873076.0,6
ZLNLT0_wji8,SONHAR COM CHUVA #shorts,criadores_pt,False,58138.0,-1
JrTFcsnRyhA,RAIAM SANTOS É EXPOSTO E HUMILHADO PELO TIAGO FINCH#cortespodcast #plr #treta #raiam #tiagofinch,criadores_pt,False,261568.0,0
75KCXvNanXo,Ivo Rouba Guarda-chuva | Câmeras Escondidas (16/06/23),criadores_pt,False,1071162.0,-1
nF6tNUUpGLo,NÃO TENHA NAMORADA! - RAIAM SANTOS #jumboelite #raiamsantos #raisantosmcarn,criadores_pt,False,64298.0,0
ZLzIrFjoUPA,JonVlogs manda real sobre Raiam Santos !! #jonvlogs #explore #raiamsantos #blaze #viral,criadores_pt,False,92630.0,0
lJGxhNzzxj8,Águas De Chuva - Raphaela Santos (Projeto Morro Da Conceição Repertório 2023 ),criadores_pt,False,6401879.0,-1
kbatNQWji_g,Santos e Corinthians anunciam ajuda às vítimas da chuva,criadores_pt,False,480.0,0
zBda3sUN4MY,JOSIVALDO SANTOS - DANÇAR NA CHUVA | FERNANDINHO (DrumCover),criadores_pt,True,72288.0,-1
pw9bv8RYZ0I,JOSIVALDO SANTOS - A CHUVA CAI LÁ FORA | AGEU SOARES [DVD EXPERIÊNCIA PARTE 02],criadores_pt,False,70709.0,0
IVDB4AkICZA,Mario Schwartzmann Explica Como Raiam Santos Ficou Rico: Os Segredos por Trás do Sucesso!,criadores_pt,False,74722.0,-1
PZDATWMS5xg,T H Express - Missing In The Rain (Extended Version) Vj Alan Santos HD,criadores_pt,False,137157.0,6
VrIksTzJ0tU,KACITO SANTOS - A CHUVA QUE CAI,criadores_pt,False,16915.0,0
JvmCfoVhZ2E,ELENCO DO SANTOS TREINA SOB MUITA CHUVA,criadores_pt,False,15801.0,0
ieVBOwSImU4,TED TALK - RAIAM SANTOS (CAMALEÃO),criadores_pt,False,27479.0,-1
08jy6WxsSko,"SOB FORTE CHUVA, SANTOS TREINA PARA RETORNO DO BRASILEIRÃO | DE OLHO NO TREINO (04/07/19)",criadores_pt,False,19839.0,0
5vp3le9BQXU,"Pai, que as bênçãos do céu caiam como chuva em meu Lar - Oração // Pastor Izaias dos Santos",criadores_pt,False,35165.0,0
2rKBCvQkq-s,Santos FC leiloa camisas em prol das vítimas da chuva no Rio de Janeiro,criadores_pt,True,2806.0,0
9h3gkZLG1gE,A Verdade que Ninguém Te Conta Sobre Ficar Rico (Thiago Nigro),criadores_pt,False,1.0,-1
8WjhWUotYnw,Thiago Nigro explica como vc pode começar INVESTINDO #investimentos #bitcoin #trendingshorts #shorts,criadores_pt,False,35.0,-1
aPDEpxBhSEU,RENATO GARCIA GANHA UM RELÓGIO DO THIAGO NIGRO,criadores_pt,False,1.0,0
w7oQ62t0t5Q,VOCÊ É O 11 BILIONÁRIO QUE EU CONHEÇO #thiagonigro #oprimorico #investimentos,criadores_pt,False,10.0,0
aLmE1gZ07R0,THIAGO NIGRO REVELA POR QUE VIROU SÓCIO DA ACTO,criadores_pt,False,224.0,0
b6clp30cyEE,AJUDANDO CHEFF OTTO A INVESTIR (ele tem 23 anos e quer ser o maior do nicho dele),criadores_pt,True,27764.0,0
nkT5D612Yf4,Thiago Nigro alerta: o que está acontecendo com a economia do Brasil?,criadores_pt,False,1321.0,-1
GWlCLouSIQQ,NO COMEÇO GANHAR MAIS É MAIS IMPORTANTE QUE INVESTIR #thiagonigro #oprimorico #investimentos,criadores_pt,False,4.0,0
J-NHS-aBnBs,#Finday2026,criadores_pt,False,542.0,0
ubJOJhLJpPs,NUNCA SONHEI SER BILIONÁRIO PRA MIM ERA 100 MIL #thiagonigro #oprimorico #investimentos,criadores_pt,False,755.0,0
kl7riTlymFg,"Não é justo, é REAL: Neymar vende mais que a Marta",criadores_pt,False,729.0,-1
0soUf8-xIdM,@NetãoBomBeef #clipfyleague #netaoclipfy #netaobombeef #renatocariani #thiagonigro,criadores_pt,False,2421.0,0
ahyX5qhPPaY,FINDAY 2026 - O MAIOR EVENTO DE FINANÇAS E INVESTIMENTOS,criadores_pt,False,111886.0,0
yOQwJa_GInk,O SEGREDO DO EGITO PARA PROSPERAR QUE A BÍBLIA REVELOU HÁ MILHARES DE ANOS | Rodrigo Silva,criadores_pt,False,1165.0,0
bohY1sADw2Y,Thiago Nigro fala como conquistar sua liberdade #thiagonigro #cortes,criadores_pt,False,134.0,-1
vi-kxlmqE5w,"Aos 18, o Primo Rico achou que era gênio da bolsa",criadores_pt,False,0.0,0
BOOJ-AJxcyA,Governo pode comprar dívidas com até 95% de desconto? Entenda a proposta,criadores_pt,True,708.0,0
wGoKVOo4AXA,O Ricardinho ACF vai Vender seus CARROS com o TCAR para comprar um Avião! #tcar #ricardinho #carros,criadores_pt,True,22150.0,-1
iNJHeJGfBhA,253 BILHÕES SOB GESTÃO E CRESCENDO 1 BILHÃO POR MÊS #thiagonigro #oprimorico #investimentos,criadores_pt,False,6.0,0
W2o2AYW5Jio,QUANTO MAIS DINHEIRO VOCÊ TEM MAIS IMPORTANTE INVESTIR MELHOR #thiagonigro #oprimorico,criadores_pt,False,5.0,0
KbZYpO2ol2k,HÁ 15 ANOS 1 MILHÃO APOSENTAVA HOJE NÃO DÁ MAIS #thiagonigro #oprimorico #investimentos,criadores_pt,False,1018.0,-1
uR9n8nNAWro,Como ele ganha tanto e não tem dinheiro #shorts,criadores_pt,False,1113.0,-1
GoqEhnlk0fg,A marca sumiu no meio da crise 😤,criadores_pt,False,829.0,-1
ZCC2cSOS9h0,Uma carta de POKÉMON pode valer MAIS que um carro?! 😳💸 #pokemon #dinheiro #cortes #thiagonigro,criadores_pt,False,287.0,-1
SEcmaCnwrP0,PARTE 2 - REVIW Thiago Nigro ajudando Fiuk a se recuperar financeiramente- Bruna Galvão,criadores_pt,False,0.0,-1
51Cs83cF9aI,Tomei 300 mil de prejuízo antes de acertar 💸,criadores_pt,False,751.0,-1
pJdoQYE8pOk,THIAGO NIGRO SE DILUIU PARA CRESCER DE DONO A PARCEIRO,criadores_pt,False,212.0,0
14pHbDhlqLI,RENATO CARIANI REVELA DESENTENDIMENTO COM THIAGO NIGRO,criadores_pt,False,599.0,-1
oxUjtoj_Jx4,@NetãoBomBeef #clipfyleague #netaoclipfy #netaobombeef #relogiosdeluxo #thiagonigro,criadores_pt,False,1252.0,0
ICHlgTwdsxE,"PARTE 3 : DEPOIS DO FOGO, ELIAS FEZ ALGO QUE QUASE NINGUÉM ESPERAVA | Rodrigo Silva | Thiago Nigro",criadores_pt,False,4604.0,0
9BMHLAzN4n8,Thiago Nigro Real x Real,criadores_pt,False,11.0,-1
_N8EKqPRBeI,A ECONOMIA É MAIS SIMPLES DO QUE VOCÊ IMAGINA | pt.1 #thiagonigro #primorico,criadores_pt,False,263.0,0
LmfabGJTfJA,ECONOMIA EXPLICADA: Como Tudo Realmente Funciona | Pt.2 #thiagonigro #primorico,criadores_pt,False,191.0,0
7Jm1SgCdykc,Ter DINHEIRO sem saúde não vale NADA! 🏥💸,criadores_pt,False,2.0,-1
Egj_O8KR5Po,CONVERSA ENTRE JOEL JOTA E THIAGO NIGRO,criadores_pt,False,1.0,-1
CSwaKo2dSAY,"Thiago Nigro, financiamento a 9%, dinheiro rendendo 17%",criadores_pt,False,32.0,0
Nj3UF2_n9Rc,THIAGO NIGRO | AS POLÊMICAS QUE O FIZERAM SER ODIADO,criadores_pt,False,10413.0,0
9e-0cWqoAUg,URGENTE: Uma Selic Caiu! A Estratégia de Thiago Nigro para Lucrar na Mudança! #investimentos,criadores_pt,False,2.0,0
PRHZiEH1B48,TEM SHAPE ESCONDIDO ATRÁS DA CAMISETA 😂 #fefranco #academia #thiagonigro #humor #memes #shorts,criadores_pt,False,2893.0,-1
sXS51LHYmuI,@NetãoBomBeef #clipfyleague #netaoclipfy #netaobombeef #relogiosdeluxo #thiagonigro,criadores_pt,False,94.0,0
CJDMi6SBPtA,"Thiago Nigro, divida sua carteira em quatro partes com a filosofia ARCA",criadores_pt,False,7.0,0
2m4Tk72BrSw,Por Que Thiago Nigro Deixou de Ser CEO? #finanças #empreendedorismo #dinheiroonline,criadores_pt,False,2827.0,0
4F4rtT2C5Lw,@NetãoBomBeef #clipfyleague #netaoclipfy #netaobombeef #relogiosdeluxo #thiagonigro,criadores_pt,False,97.0,0
GL3AdDZREZY,NUNCA COMI NO MCDONALDS NEM CINEMA A GENTE FOI #thiagonigro #oprimorico #investimentos,criadores_pt,False,7.0,0
NJOSS5V6N1M,Primo Rico - Thiago Nigro sobre migração de empresas Brasileiras ao Paraguai - Exportar do Paraguai,criadores_pt,False,231.0,-1
bEKqERHfM2w,@NetãoBomBeef #clipfyleague #netaoclipfy #netaobombeef #thiagonigro,criadores_pt,False,6956.0,0
GuvYoUlJsRo,Renato ganha um relógio de Thiago Nigro.,criadores_pt,False,4.0,0
W1afhDZNhbs,Mão de obra é a coisa mais difícil de achar,criadores_pt,False,9673.0,0
mjGcM-66Yqc,ESTATISTICAMENTE É MAIS DIFÍCIL TER TANQUINHO DO QUE SER MILIONÁRIO #thiagonigro #oprimorico,criadores_pt,False,4.0,0
pvBY2zzTtxk,thiago nigro levou tcar para conhecer um bilionario #tcar #tcarimports #thiagonigro,criadores_pt,False,1955.0,0
qpDj5FmTPoY,@NetãoBomBeef #clipfyleague #netaobombeef #netaoclipfy #thiagonigro #churrasco,criadores_pt,False,3971.0,0
55P7ikMPEaA,FICAR MILIONÁRIO OU TER UM TANQUINHO #thiagonigro #oprimorico #investimentos,criadores_pt,False,1284.0,0
J2aF-sMEp5I,"Thiago Nigro, o dinheiro que você não gasta hoje compra tempo",criadores_pt,True,3.0,-1
bVg-7TVheFE,Por que FINANCIAR pode ser melhor que À VISTA? 🏦🏠,criadores_pt,False,106.0,0
PJ6sH3Pau3I,Por que você não consegue delegar?,criadores_pt,False,15848.0,0
ko8PMDGjdbc,Thiago Nigro - A disciplina diária de cortar gastos fúteis financia a liberdade dos seus anos fut...,criadores_pt,False,45.0,-1
ikwtTVR1dK8,O CUSTO OCULTO de uma casa de R$ 100 MILHÕES! 🏰💰,criadores_pt,True,440.0,0
2kIqrejjy4E,O Thiago Nigro ficou impressionado qual a quantidade de carros e moto do Renato 🤯 #renatogarcia #fy,criadores_pt,False,1292.0,0
plCgxgoCFfI,Thiago Nigro REVELA: Descobri Deus quando isso aconteceu... | OS INCONFORMADOS,criadores_pt,False,6944.0,-1
4vOPbgVGgK8,Cenário do Brasil em Risco?,criadores_pt,False,11855.0,-1
djM9mKr4BWc,ELIAS DESAFIOU 450 PROFETAS… MAS NINGUÉM ESPERAVA O QUE ACONTECEU DEPOIS | Thiago Nigro,criadores_pt,False,14341.0,0
r1AzP4y2_IA,"O CORTE DA SELIC ESTÁ NOS DANDO UM AVISO! (se você entender, vai ganhar dinheiro)",criadores_pt,False,734486.0,0
j3pxA2hnF84,O casamento de Maíra Cardi e Thiago Nigro...,criadores_pt,False,21.0,0
jOqu6hs7Vdg,Thiago Nigro: Generosidade e Empreendedorismo de Sucesso,criadores_pt,False,1329.0,0
kOiTpbfYF7o,Renato Garcia NÃO SEGURA A EMOÇÃO após presente de Thiago Nigro! 🥹🔥,criadores_pt,False,2021.0,-1
fstakQ4yp8w,CAIO COPPOLLA NÃO SE CALA E ALERTA BRASILEIROS SOBRE O FUTURO DO BRASIL,criadores_pt,False,261299.0,-1
_fuW4AMEawU,O convite do Thiago Nigro,criadores_pt,True,2.0,-1
VOFh9AAApQU,Thiago Nigro só come as carnes do Netão Bom Beef,criadores_pt,False,8910.0,0
g5nKk-kdZ4g,Renato Garcia vai começar a INVESTIR com Thiago Nigro! #renatogarcia #thiagonigro #cacadoresdelenda,criadores_pt,False,268.0,0
H4JA_5kXfJY,INVESTINDO R$ 3 MILHÕES PARA O RENATO GARCIA (UM DOS MAIORES YOUTUBERS DO BRASIL),criadores_pt,True,526053.0,0
hIhTNBU8PVE,THIAGO NIGRO PREZA SAÚDE EM PRIMEIRO LUGAR 💥 #fefranco #academia #cortesdosmarombados #maromba #fyp,criadores_pt,False,3522.0,0
NGlaCmXHpJE,Brasileiro e Erro Fatal da Poupança -Achismos TV-Thiago Nigro.#podcast #investimento #aposentadoria,criadores_pt,False,423.0,-1
KFmZRwqXirg,🚨 CAIO COPPOLLA FAZ ALERTA E EXPÕE PLANO DO PT EM ENTREVISTA,criadores_pt,False,133783.0,-1
AZS3HMS4F9g,ELE VENCEU A MORTE E CONSTRUIU UM IMPÉRIO QUE FATURA MAIS DE R$ 4 BILHÕES/ANO | PrimoCast 532,criadores_pt,True,31549.0,0
yixWo5HA2gg,"Ele fez todo mundo acreditar que enriqueceu com vendendo curso, mas a verdade não é bem essa…",criadores_pt,False,170892.0,0
g8dHwbpAXQo,RICARDINHO ACF VAI VENDEU BMW PARA INVESTIR COM THIAGO NIGRO #tcar #tcarimports #thiagonigro,criadores_pt,False,38925.0,0
c3klnXW36IU,R$ 100 é pouco? Thiago Nigro explica por que começar importa #Shorts,criadores_pt,True,635.0,-1
AFgfcxh5xns,AJUDANDO O FELIPE FRANCO A INVESTIR (quanto dinheiro ele realmente tem?),criadores_pt,False,224088.0,0
aWTzSWN2tV8,@NetãoBomBeef O THIAGO NIGRO Sabe FAZER CHURRASCO? 🤣,criadores_pt,False,18494.0,0
xG-Jy4n7hpc,Dinheiro Rendendo: A Estratégia de Investimento de Thiago Nigro #shorts,criadores_pt,False,1034.0,0
U2hWlABgOzE,TCAR FEZ INVESTIMENTO COM THIAGO NIGRO #tcar #tcarimports #thiagonigro,criadores_pt,False,1923.0,0
u9TLgREH0LU,"Para quem é o livro Do mil ao milhão, do Thiago Nigro? #primorico #thiagonigro #livros #finanças",criadores_pt,False,856.0,0
9yE8y26sFY4,Como aumentar as vendas melhorando o processo comercial | Thiago Nigro #atendimento #crm #automacao,criadores_pt,False,374.0,-1
55mqR0Nynag,O Plano de 100 bilhões - O Thiago Nigro me convidou para conhecer suas empresas.,criadores_pt,False,32557.0,-1
zgJxjCKWXUo,TCAR TEM 1 MILHÃO APLICADO COM THIAGO NIGRO #tcar #tcarimports #thiagonigro,criadores_pt,False,1174778.0,0
pNDTgj5q45k,A VERDADE SOBRE OS SANTOS QUE QUASE NINGUÉM CONHECE | (Rodrigo Silva) Thiago Nigro,criadores_pt,False,43396.0,0
o27UMVkjxKM,Investimento Thiago Nigro: De 300 Mil a 1 Milhão! #shorts,criadores_pt,False,1041.0,0
_j2k2w_ro7k,5 HÁBITOS MINIMALISTAS PARA QUEM QUER FICAR RICO RÁPIDO | Flávio Augusto,criadores_pt,False,104354.0,-1
jINQ2Yn1Rls,"A FUGA DOS BRASILEIROS PRO PARAGUAI (eles têm um plano, e faz sentido...)",criadores_pt,True,1246461.0,-1
KrvdBNZuQFM,Renato Garcia conhece o escritório de 5 000 m² do Thiago Nigro,criadores_pt,False,2328.0,0
3vbwkOAXXKI,O pior erro de thiago nigro #shorts,criadores_pt,False,1234.0,0
mRGzqbf6g10,Thiago Nigro vai cuidar das financas de Fiuk,criadores_pt,False,10.0,-1
A6RWzngUAQo,Até o Thiago Nigro concordou comigo... #planodesaude 🏥,criadores_pt,False,1250.0,0
_Yhnr9MracE,Como Thiago Nigro faturou 200 milhões com o Do Mil ao Milhão?,criadores_pt,False,203.0,-1
nDJQ_U4F1cA,Do Mil ao Milhão - Thiago Nigro,criadores_pt,False,7.0,0
4Mxd5Sn1lHY,"Thiago Nigro: faturamento milionário, recusa de cachê e aposentadoria",criadores_pt,False,188.0,4
CaB-UWxkiJI,"Thiago Nigro: faturamento milionário, recusa de cachê e aposentadoria",criadores_pt,False,74.0,-1
rYfDs-iQNMY,POR QUE A BOLSA TÁ SUBINDO SE O BRASIL TÁ UMA BOST@?,criadores_pt,True,475146.0,0
GxaRPPLhOoM,Fiuk com dívida de quase R$500 mil?,criadores_pt,True,616295.0,0
qooEJDMYBQ8,VALOR DA REFORMA DA CASA DO THIAGO NIGRO #tcar #tcarimports #primorico,criadores_pt,False,632.0,-1
wJXJP_3l2_I,Thiago Nigro surpreso com a oferta,criadores_pt,False,3.0,0
MBRQ_jbjyyg,SALVANDO AS FINANÇAS DO FIUK (ele pediu a minha ajuda!),criadores_pt,True,1213893.0,-1
ZZ_jyoUJ1ws,Thiago Nigro no Japão (Em breve)conexão Brasil Japão #japão #brasil #conexão,criadores_pt,False,299.0,-1
ahgA05IQi5I,@NetãoBomBeef ELE NÃO GOSTOU MUITO #netaobombeef #clipfyleague #netaoclipfy #shorts #thiagonigro,criadores_pt,False,18623.0,-1
PAddycLs9tg,THIAGO NIGRO AJUDANDO RENATO GARCIA A INVESTIR,criadores_pt,True,18.0,0
i8xN9RHfo_g,📱 Thiago Nigro reage à carteira de Renato Garcia,criadores_pt,False,6926.0,0
cQZoXPWMP_k,ARCA: A Estratégia de Investimento de Thiago Nigro #shorts,criadores_pt,False,27.0,0
xK5-UdXzAK4,🚗 Thiago Nigro dá aula de negócios usando venda de carros,criadores_pt,False,5253.0,-1
OH6bA5C5g_E,🏢 Thiago Nigro revela por que morou de aluguel com 15M,criadores_pt,False,5232.0,0
zydzACVSZPw,📱 Thiago Nigro reage à carteira de Renato Garcia,criadores_pt,False,52499.0,0
EVsuZffIXEs,Convidados com pressa vs. Thiago Nigro: o segredo de um bom podcast! #shorts,criadores_pt,False,1185.0,-1
8KopHnFtmSw,VOCÊ TÁ RASGANDO DINHEIRO NA RENDA FIXA? (esconderam isso de você) | GPOS11,criadores_pt,False,229924.0,0
KWLyCrHpd-s,🚗 Thiago Nigro dá aula de negócios usando venda de carros,criadores_pt,False,45995.0,-1
yZti3HevHxc,ABSURDO o que Thiago Nigro disse sobre as demissões da Uber!,criadores_pt,False,907.0,0
6ZTjqlPQo-0,Thiago Nigro mostra a primeira Denza D9 blindada do mundo,criadores_pt,False,1296.0,0
SWANAc8fNzk,A PREVISÃO ASSUSTADORA DE UM DOS MAIORES BANCOS DO MUNDO SOBRE O BRASIL (a situação complicou...),criadores_pt,False,2017308.0,0
sA1f_KUS_Do,"Thiago Nigro trouxe uma leitura que parece simples, mas muda completamente tudo!",criadores_pt,False,1002.0,0
gBYrP-Tf_NQ,Renato Garcia diz que está na idade da pedra e Thiago Nigro ensina,criadores_pt,False,9.0,-1
JxClt40JVqo,Thiago Nigro mostra obra de 5 mil metros quadrados para Renato Garcia,criadores_pt,False,1284.0,-1
-ff-64BL9zg,TCAR ENTREGOU PARA THIAGO NIGRO DENZA BLINDADA #tcar #tcarimports #thiagonigro,criadores_pt,False,12433.0,0
CG2VC82WiAI,Renato ajudou Thiago Nigro a comprar uma casa. #renatogarciayt,criadores_pt,False,1040.0,-1
bMC4mL5lH2A,TCAR QUER SABER QUANTO BILIONÁRIO THIAGO NIGRO GASTA #tcar #tcarimports,criadores_pt,False,17518.0,0
HCGSEj_gubo,AJUDANDO UM DOS MAIORES YOUTUBERS DO BRASIL A INVESTIR (RENATO GARCIA) | ELE INVESTE NA POUPANÇA?,criadores_pt,True,1007244.0,0
XuorDifL8iQ,A PRIMEIRA DENZA BLINDADA DO MUNDO É DO THIAGO NIGRO!!!,criadores_pt,True,345988.0,0
fJ61U_9mvpU,TCAR DESCOBRIU QUE THIAGO NIGRO USA CAMISETA DE 15 MIL #tcar #tcarimports #thiagonigro,criadores_pt,False,16943.0,0
6ir8QjD3JEo,TCAR TENTOU DESCOBRIU O VALOR DO ALUGUEL DO ESCRITÓRIO DO THIAGO NIGRO #tcar #thiagonigro,criadores_pt,False,31298.0,0
HblGR8fv1_4,Thiago Nigro ficou em choque Renato Garcia 30 milhões #renatogarcia #shortsviral #edit,criadores_pt,False,14515.0,-1
9LKcjIM9mGM,LEVEI O RENATO GARCIA PARA CONHECER O THIAGO NIGRO E INVESTIR MELHOR O SEU DINHEIRO...,criadores_pt,True,228648.0,0
50R2MTOgxNE,TCAR LEVOU RENATO GARCIA ATÉ O PRIMO RICO #tcar #tcarimports #thiagonigro,criadores_pt,False,19766.0,0
qqdUJ0GXJTc,ELE QUER GASTAR R$10 MILHÕES EM UMA CASA… E OLHA O QUE VAI TER,criadores_pt,True,51.0,0
KbVFKYSx5cQ,TCAR LEVOU RENATO GARCIA NO THIAGO NIGRO PARA INVESTIR 1 MILHÃO DE REAIS #tcar #thiagonigro,criadores_pt,True,3043.0,-1
oFZh-Wy-xIY,INVESTINDO +R$ 20 MIL/MÊS PRO NETO DO MAIOR INVESTIDOR DE STARTUPS DO BRASIL (ele pediu minha ajuda),criadores_pt,True,151981.0,0
AZ9iB9dHJWc,Thiago Nigro e Maíra Cardi agora fazem parte da Ecoolmove! 💚,criadores_pt,False,16.0,0
wnVD3uTOJDU,Como Thiago Nigro (Primo Rico) me Contratou e me Fez Sócio #shorts,criadores_pt,False,29.0,-1
SFKXxbxHkqg,CRIEI UM PLANO PRO RICHARD RASMUSSEN APOSENTAR! (será que ele vai seguir?),criadores_pt,True,908972.0,0
4NbYBYPIiDk,ALERTOU!Thiago Nigro alerta possível crise econômica.#notícia #política #Brasil #direita #economia,criadores_pt,False,12.0,-1
ZPnhXe7JVmk,Thiago Nigro revela motivo do afastamento de Maíra Cardi das redes sociais 😱,criadores_pt,False,1127.0,0
qrsI3VgQVUI,A RELAÇÃO DE THIAGO NIGRO E MAÍRA CARDI É ESTRANHA…,criadores_pt,False,88.0,0
fiS5TvjOuoM,MAIRA CARDI E THIAGO NIGRO MOSTRAM SUA NOVA MANSÃO | BOTECO DO VENTURA,criadores_pt,False,35675.0,-1
mk07QfbgvIs,TCAR VAI FAZER ENTREGA DA DENZA BLINDADA PARA THIAGO NIGRO #tcar #tcarimports #thiagonigro,criadores_pt,False,3976.0,0
vfJrKJAZDjY,"Thiago Nigro: ""eu não sou tão bom assim pra ter chegado onde cheguei""",criadores_pt,False,885.0,-1
ac0RGoBVzhs,Ensinei o Primo Rico a Fazer PERMUTA de Verdade,criadores_pt,True,195626.0,-1
mqOII4G34R8,O NOVO ESCRITÓRIO DO GRUPO PRIMO EM SP! | Rumo aos 100 bilhões,criadores_pt,False,278828.0,-1
h70JhI9P-N4,A história completa da Obra de Maira Cardi e Thiago Nigro.,criadores_pt,False,1269.0,-1
8NYga3jXKuc,O DOSSIÊ MAÍRA CARDI E THIAGO NIGRO: A CASA DEU ERRADO E ELE SE ENTREGOU,criadores_pt,False,161665.0,0
L4cvI2BIsAs,As duas pessoas que me ensinaram a investir do zero… @thiago.nigro @bruno_perini,criadores_pt,False,1029.0,-1
LMXcYygLlEA,Thiago Nigro abre o jogo e explica sumiço de Maíra Cardi e surpreende: 'Cansada das....,criadores_pt,False,22761.0,0
hAjdOT-U3-U,"QUEM TEM MAIS DINHEIRO, LULA OU FLÁVIO BOLSONARO? | Patrimônio dos CANDIDATOS À PRESIDÊNCIA 2026!",criadores_pt,True,597756.0,-1
-FXhUToQ818,MANSÃO DE MAÍRA CARDI E THIAGO NIGRO O PRIMO RICO,criadores_pt,False,1361.0,-1
2lz9WACV9Fg,Casa vs. Mercado Financeiro: Thiago Nigro Revela Equilíbrio #primorico #finanças #dinheiro,criadores_pt,False,505.0,0
j0tjRvDn_kI,THIAGO NIGRO DESDENHA DE POBRE / CARIÚCHA HERDA CAMARIM DE LUCIANA GIMENEZ / PALHAÇO BOZO,criadores_pt,True,28051.0,0
CI1Aihmf1AA,💔📢 FIM DA LINHA! THIAGO NIGRO REVELA O MOTIVO DO AFASTAMENTO DEFINITIVO DE MAÍRA CARDI DA INTERNET!,criadores_pt,False,42442.0,-1
OqTnS5nXbvk,Thiago Nigro água de rico e de pobre? #react #humor #fyp #famosos #shorts #rico #viral #polemica,criadores_pt,False,1883.0,0
k1WUVWKsk7E,Thiago Nigro: O Único Motivo da Morte de Todas as Moedas Brasileiras,criadores_pt,False,1075.0,0
rtWFLVXmy_8,"MAÍRA CARDI REBATE THIAGO NIGRO APÓS POLÊMICA SOBRE ÁGUA COM GÁS: ""PREFIRO SER POBRE E SAUDÁVEL""",criadores_pt,False,48551.0,0
d8Xd9xbAnJg,Thiago Nigro: O Real está seguindo o caminho de outras moedas que 'morreram',criadores_pt,False,15.0,-1
3bliqxVowGk,🚨MARKETING OU BISCOITO THIAGO NIGRO REVELA REAL MOTIVO DO SUMIÇO DEFINITIVO DE MAÍRA CARDI!,criadores_pt,False,16.0,-1
ueNPhUnk2gs,"O REAL VAI ACABAR, E VOCÊ NÃO ESTÁ PREPARADO (a conta chegou)",criadores_pt,True,1081623.0,-1
7GJr0D98wt0,Thiago Nigro Responde Maíra Cardi E Fala Sobre Água Com Gás 😳 #thiagonigro #mairacardi,criadores_pt,False,99484.0,0
_wCDnKk9gxs,Exposed de TRAIÇÃO de Maíra Cardi e Thiago Nigro?,criadores_pt,False,433419.0,0
eOfQxayhzHU,"Thiago Nigro diz que ricos bebem água com gás e pobres, natural e Maíra desaprova: ‘Não sabem o mal’",criadores_pt,False,6597.0,0
gn7tRDLfz_0,Vendeu a mansão do Neymar para o Thiago Nigro!,criadores_pt,False,1784.0,-1
uDAZnUagLtc,MAIRA CARDI E THIAGO NIGRO DESISTIRAM DA CASA?,criadores_pt,True,162269.0,0
iPVlq2DTJ1k,Bitcoin ainda vale a pena em 2026? A resposta de Thiago Nigro,criadores_pt,False,1882.0,-1
CqNjr2dC3Fg,PRIMO RICO É TIRADO DE IGNORANTE E COACH DESINFORMADO POR ECONOMISTA AO FALAR DAS CASAS BAHIA | GF,criadores_pt,False,126959.0,0
9WUOHHISDlQ,O SEGREDO DO THIAGO NIGRO 😱 #alfredosoares #alfredokp08 #kompbr @canaldoalfredosoares,criadores_pt,False,31562.0,-1
EehZ4obuDEk,THIAGO NIGRO FALOU DEMAIS E PRECISOU APAGAR O VÍDEO,criadores_pt,True,158197.0,0
dqFo7GYihgo,AGORA COMPLICOU PRO THIAGO NIGRO,criadores_pt,False,57696.0,0
2cpCArUiAwI,O FIM DA CASAS BAHIA? MAIS UMA RECUPERAÇÃO JUDICIAL! (a crise chegou),criadores_pt,False,314963.0,-1
rIlaWWIdBfU,THIAGO NIGRO SE MANIFESTA SOBRE BRASÃO 🏠,criadores_pt,False,2003.0,-1
BSrrqcr6PjU,EXPOSED! Thiago Nigro sem querer revela polêmica em vídeo novo.,criadores_pt,False,280.0,-1
fCyA1AN4TGc,O livro da Bíblia que mudou Thiago Nigro,criadores_pt,False,1011.0,0
1PRsNu3XSyI,THIAGO NIGRO EXPLICA GAFE SOBRE INÍCIO COM MAÍRA CARDI! 😱🔥,criadores_pt,False,28446.0,0
CQrSeeogSGE,O QUE É PRECISO PARA VENCER NA VIDA | Thiago Nigro,criadores_pt,False,1982.0,0
Tvn3CbY1EL0,Thiago Nigro se emociona ao abrir presente especial com a pequena Eloáh! #mairacardi #noticias,criadores_pt,False,4884.0,0
jX0dqaJM33g,CARTAS DE POKÉMON ft. Thiago Nigro | #ACHISMOS PODCAST,criadores_pt,False,4760.0,-1
dcpKn3EUkNc,"Thiago Nigro diz que está com Maíra Cardi desde 2022, ano em que ainda era casado",criadores_pt,False,28989.0,-1
jAFz3ZdJ9O8,O MISTÉRIO POR TRÁS DA LUTA DE JACÓ | Thiago Nigro,criadores_pt,False,26285.0,-1
CSe4mi-ANc4,Maíra Cardi e Thiago Nigro mostram nova mansão na fazenda #shorts,criadores_pt,False,4082.0,-1
WayJX5JyDXI,Thiago Nigro e Maíra Cardi: por que o campo?,criadores_pt,False,1514.0,-1
GiTInn8GorU,😱 Maíra Cardi e Thiago Nigro compram mansão de R$ 45 milhões e explicam decisão,criadores_pt,True,31886.0,-1
3q7GJJuu3vo,Nossa casa nova na fazenda. #ThiagoNigro #Havanna #PrimoRico #familia #Mudanca #mairacardi,criadores_pt,False,45929.0,0
S4z2BLlCM2I,A MANSÃO DE R$ 45 MILHÕES de Maíra Cardi e Thiago Nigro: veja o luxo por dentro! 😱💰 #maíracardi,criadores_pt,True,55110.0,-1
qQSvJjCbXtg,ZEUS REACT: A SITUAÇÃO DE THIAGO NIGRO ESTÁ FICANDO PREOCUPANTE,criadores_pt,False,5097.0,-1
u6yREck2GvI,Parte 3: POR QUE JACÓ PRECISOU LUTAR COM DEUS? | Thiago Nigro,criadores_pt,False,28239.0,-1
_UUhTe82g-o,Maíra Cardi e Thiago Nigro compram mansão de R 45 milhões,criadores_pt,True,7755.0,-1
dUP75IHsGbQ,Maíra Cardi e Thiago Nigro compram nova mansão de R$ 45 milhões após obra interminável,criadores_pt,True,5381.0,-1
ViMvWtcpCtI,MAÍRA CARDI E THIAGO NIGRO COMPRAM MANSÃO DE R$ 45 MILHÕES! 😱💰,criadores_pt,True,87667.0,-1
yHwW7jhfY4s,Thiago Nigro e o Paradoxo do Casamento Feliz,criadores_pt,False,52258.0,0
mtqlKKkFaU0,Maíra Cardi e Thiago Nigro compram a 2ª mansão sem terminar a reforma da 1ª #Shorts,criadores_pt,True,1863.0,0
HetrHlglmh4,THIAGO NIGRO ME MOSTROU A ACADEMIA QUE NINGUEM CONHECE!!...,criadores_pt,False,30719.0,-1
f24_48M4i2M,Maíra Cardi e Thiago Nigro compram mansão de R$ 45 milhões no interior de SP,criadores_pt,True,5701.0,-1
gbGSvtHylX0,LUCRO EM DOBRO: os pilares para DOBRAR O LUCRO da sua empresa | Grupo Primo e G4,criadores_pt,False,402399.0,0
TTM_5P79KgQ,A FAMOSA CASA DO NEYMAR ft. Thiago Nigro | #ACHISMOS PODCAST,criadores_pt,False,122589.0,-1
KpS7zSv6ZSs,O SEGREDO DE THIAGO NIGRO,criadores_pt,False,11001.0,0
mBtGDWo40wI,Maíra Cardi e Thiago Nigro compram nova mansão de R$ 45 milhões após obra interminável,criadores_pt,True,9157.0,-1
cVTM4YVDeYA,AJUDANDO O Nº 1 EM NETWORKING DO BRASIL A INVESTIR (Alfredo Soares),criadores_pt,False,373592.0,0
g3MpplMIYSM,O PRIMO RICO ft. Thiago Nigro | #ACHISMOS PODCAST,criadores_pt,False,6548.0,-1
0ap1tyKk8_E,O segredo para ganhar dinheiro que poucos entendem | Thiago Nigro,criadores_pt,False,971.0,-1
_ypvfWvrjps,Viva a Estética ( o legado continua ),criadores_pt,False,664.0,4
Jwo54fxq9XQ,Seja Homem #gabrielbreier #homem #motivação #foryou #viral,criadores_pt,False,81.0,0
3LB-W0cUT0M,eu tenho 59 segundos pra tornar a tua vida melhor #desenvolvimentopessoal @GabrielBreier #dicas,criadores_pt,False,22.0,0
W4Qyh_CTGiA,Aniversário do breier jr,criadores_pt,False,2304.0,-1
yC1EuENc-vI,Cristão sem essas atitudes perde a mulher para satanás,criadores_pt,False,19357.0,4
io28N2mY_sA,Cumpra Suas Promessas #gabrielbreier #promessas #motivação #foryou #viral,criadores_pt,False,6.0,0
_SxSlek6_PI,Se Você Se Ama Você Se Cuida #gabrielbreier #amorpropio #motivação #foryou #viral,criadores_pt,False,426.0,0
x2noZxDganQ,Sai da sua cidade para vencer na vida ( é sério ),criadores_pt,False,9266.0,4
v0cHKs-l4Ps,Essa É A Vida Lendária #gabrielbreier #vida #motivação #foryou #viral,criadores_pt,False,9.0,0
j5IJpolT4ZI,Saia De Sua Cidade #gabrielbreier #cidade #motivação #foryou #viral,criadores_pt,False,981.0,0
ZxIW2Y8zm4E,Role do Breier com seu filho ( Breier jr ),criadores_pt,False,12848.0,4
KwhbiNWJZu0,Não Acreditem Em Falsos Profetas #gabrielbreier #falsosprofetas #motivação #foryou #viral,criadores_pt,False,8.0,0
h7xcEacJ6Hw,Meu shape atual ( estética prevalece ),criadores_pt,False,17204.0,4
Z33_kivK4RU,Tenha Culhão #gabrielbreier #motivação #reflexão #foryou #viral,criadores_pt,False,1.0,0
f_XkV-TFUlc,Sou o Lider da geração inutil ( matéria na VEJA ),criadores_pt,False,13345.0,4
pBocXiZAwwk,o TRUQUE que eu uso para vencer na vida ( copie e faça igual ),criadores_pt,False,9111.0,4
D90FeJLtF8c,As Coisas Não Caem Do Céu #gabrielbreier #motivação #reflexão #foryou #viral,criadores_pt,False,12.0,0
-1iwMl2Ug8U,Faça Algo Diferente Agora #gabrielbreier #motivação #reflexão #foryou #viral,criadores_pt,False,6.0,0
a2RIwriV3YQ,não tem como vencer a luxúria ( é guerra perdida ),criadores_pt,False,12183.0,4
ce0hcsJao6A,Respeite A Si Mesmo #gabrielbreier #respeito #motivação #foryou #viral,criadores_pt,False,912.0,0
r2t6xIBJS0w,vai tomando do breier prime kkkk #gabrielbreier #breier #prime #zyzz #motivation #foryou #fyp,criadores_pt,False,1099.0,0
8YO1TluSp6Q,Manual para dominar sua mente e viver em alta performance ( a vida não será a mesma ),criadores_pt,False,9550.0,4
jDnvh7g4nNQ,Agrade A Cristo #gabrielbreier #cristo #motivação #foryou #viral,criadores_pt,False,5.0,0
hXKBght9HQc,Viva Para Cristo #gabrielbreier #cristo #motivação #foryou #viral,criadores_pt,False,1340.0,0
WhUBg8xqTWE,breier forever 🔱 #gabrielbreier #breier #motivation #viral #shorts #foryou #zyzz,criadores_pt,False,1155.0,-1
VZbyWpuf_B8,Fé e responsabilidade ( alcancei liberdade assim ),criadores_pt,False,5414.0,4
6TAolV4kEp0,Um dia completo comigo ( essa é a vida que eu tenho ),criadores_pt,False,10088.0,4
pFFfrUjxjy0,Se encha do amor de Cristo #breier #viral #foryou @GabrielBreier,criadores_pt,False,1.0,0
d3Im4JWdDMA,Pornografia é pior que o inferno ( parte 2 ),criadores_pt,False,20082.0,4
NFiB6Ml_N10,Seja O Elo Forte De Sua Geração #gabrielbreier #motivação #reflexão #foryou #viral,criadores_pt,False,2.0,0
Y48-mkIlwhU,Não evite o que te trás medo ( a cura é deixar doer ),criadores_pt,False,5983.0,4
77gNkmU8f5E,Eu não tenho paciência para perdedores ( não tenha pena ),criadores_pt,False,6691.0,4
d8LF60Rm8NU,Aquele cara desumilde😆😂 #icarolermen #maxtitanium #gabrielbreier #bodybuilding #treino,criadores_pt,False,44000.0,0
nH-_5NbcJqU,Gabriel Breier está ao vivo!,criadores_pt,False,2801.0,4
_AmTZ4ceI08,Como parar de PENSAR demais ( reconfiguração emocional ),criadores_pt,False,15166.0,4
RN3BdIyInD8,Deus está sempre com a mão estendida pra você ( segure na mão dele ),criadores_pt,False,4613.0,4
0Hl-rC8NFds,1 MACHO ALFA X 25 FEMINISTAS TATUADAS | FT. GABRIEL BREIER #cortes #debate #shorts,criadores_pt,False,3.0,0
HJ8-kXtiQe8,Pornografia é pior que o inferno ( peguei pesado ),criadores_pt,False,44643.0,4
DhKNuTAr4ms,Vídeo game te deixa pobre ( não jogue GTA 6 ),criadores_pt,False,12624.0,4
rqdQezmlEBc,Homem baixo vive com Sofrimento eterno ( aula completa ),criadores_pt,False,13411.0,4
t3wkyurRwko,Seja maldoso e vença todos,criadores_pt,False,23362.0,4
Efpp08i_lFA,como falar com mulher sem passar vergonha (forma certa),criadores_pt,False,30459.0,-1
5x3DuEJY-ds,Voce não é o homem que poderia ser ( por puro medo ),criadores_pt,False,7836.0,4
gCt50ErhQ9E,"Lendários Club - Gabriel Breier Download, Baixe Agora, Conteúdo Completo e Atualizado 2026, Link 👇",criadores_pt,True,58.0,-1
jAk40hn3SVg,30 feministas vs 1 homem o debate explosivo #gabrielbreier #debat,criadores_pt,False,4.0,0
UYgekQZrODg,Lendários Club - Gabriel Breier CURSO COMPLETO,criadores_pt,False,82.0,0
0-5nfeVRB_4,Trabalhe até os olhos sangrar (é isso mesmo ),criadores_pt,False,12111.0,4
MAeLQ3K2S7c,"Seu coração diz para largar tudo (fala comigo, estou passando um café )",criadores_pt,False,7607.0,3
87k4kTTF3yA,como parei de sofrer por mulher (minha historia),criadores_pt,False,14573.0,-1
J-c68pAeLJk,Augusto Cury minha decepção ( Pior que o Lula ),criadores_pt,False,21777.0,4
l32L6-SurwA,Eu não sou bonzinho ( seja igual eu ),criadores_pt,False,8358.0,4
hHN60t8Xc1I,da dor a gloria | gabriel breier #gabrielbreier #zyzz #legacy #motivation #shorts #fyp #viral,criadores_pt,False,14.0,-1
Y1ncnIPe4-M,GABRIEL BREIER NOS BRAÇOS DA VITÓRIA!,criadores_pt,False,84.0,0
Ff50rU1YNlA,"Porque voce se trata mal, esse video vai aparecer pra voce quando for necessario",criadores_pt,False,7305.0,-1
2InnJYxJSCU,Supere sua EX ( não sofra mais ),criadores_pt,False,3447.0,4
-qyWsBtk1cI,Nenhuma feminista é feliz: Gabriel Breier vs Feminista #debate,criadores_pt,False,2560.0,0
kYsvutiZEDc,Ative o modo BREIER PRIME ( siga esses passos ),criadores_pt,False,6345.0,4
sA1jtICGh24,GABRIEL BREIER LIGA para XANDÃO na LIVE! VAI TER TREINO?! (COMPILADO),criadores_pt,False,18286.0,0
MXrWY6VMiR8,o que voce precisa saber com 18 anos,criadores_pt,False,5570.0,4
SE4e1yBE3-A,Seja agressivo,criadores_pt,False,3738.0,4
EIDjSCmBSMw,Nenhuma mulher cristã quer um cristão ( vou mudar isso em voce ),criadores_pt,False,49474.0,-1
kV_rHti-uN0,"Neymar tem a vida ganha, você não",criadores_pt,False,4644.0,4
_G8QX0d37Wo,Mete confiança nessa cabeça,criadores_pt,False,6274.0,4
YGDZnFmcDcU,METE O LOUCO E VEJA SUA VIDA DESTRAVAR,criadores_pt,False,16457.0,4
D2cUeg66kwc,Feminista rebate Gabriel Breier 'Lutamos para estar vivas',criadores_pt,False,1151.0,0
UUv5r5u7TxA,OROCHINHO NÃO AGUENTA GABRIEL BREIER VS 20 FEMINISTAS,criadores_pt,False,27264.0,-1
rGDmXI-MAwA,BREIER sozinho contra o tribunal do Twitter,criadores_pt,False,267021.0,0
uEni02UEAZE,Ganley o jovem que viveu por um sonho,criadores_pt,False,12121.0,4
1V9rbnbkBrs,Valorize a vida #ganley,criadores_pt,False,11158.0,0
NyUWJu2YD-Q,Gabriel Breier ESTÁ MARTELANDO A PRÓPRIA CARA para VIRAR CHAD?,criadores_pt,False,4721.0,0
irf0YITXy1I,Advogada da USP vs. Gabriel Breier,criadores_pt,False,762.0,-1
LQgvSLynskw,Tem ansiedade é BETA ( aprenda a resolver ),criadores_pt,False,4737.0,4
1zVVEZyUQ4Y,"comecei a usar o martelo no rosto, fazendo loocksmaxing",criadores_pt,False,3994.0,4
o-r_LZ6eH4U,Musculação está insuportável,criadores_pt,False,9821.0,0
TO-2nFD_v5Y,COMO SUPERAR A PROCRASTINAÇÃO EM 19 MINUTOS,criadores_pt,False,6263.0,4
7_PfNbzFypA,COMO EU TIVE A VIRADA DE CHAVE QUE MUDOU MINHA VIDA,criadores_pt,False,5420.0,4
7IM8WvCXSqU,Gabriel Breier Banido Das Redes sociais,criadores_pt,False,46.0,0
p1Eb_vp1M7M,Tudo que queria saber antes dos 20 anos de idade,criadores_pt,False,4053.0,3
xd7iUoZBydM,Como destruir a TIMIDEZ em 30 minutos,criadores_pt,False,8588.0,3
_L5jaInzkB0,PORQUE O GABRIEL BREIER FOI BANIDO DE TODAS AS REDES SOCIAIS?,criadores_pt,False,2616.0,-1
j9SZQlTF83g,"PORQUE VOCE ESTA TRISTE, ME ESCUTE",criadores_pt,False,5914.0,3
Ul1_r9natys,PRONUNCIAMENTO: ESTOU SENDO PERSEGUIDO,criadores_pt,False,5483.0,3
f8Ubyqn_jw0,GABRIEL BREIER AMASSA FEMINISTA! #podcast #debate #podcast #redcast #viral #treta #entrevista,criadores_pt,False,1635.0,0
7ZJkAUxy_vs,TREZOITÃO FALA SOBRE CANCELAMENTO DE GABRIEL BREIER E CAFÉ COM TEU PAI,criadores_pt,False,15391.0,3
zJnmbwefqJ0,Criança de 9anos não pode ter filhos #gabrielbreier #fypシ゚viral,criadores_pt,False,11894.0,0
5IXQysOm4sI,TODOS ODEIAM OS FEIOS,criadores_pt,False,5980.0,4
UwBTMJbJ0Rg,Trezoitão fala sobre GABRIEL BREIER & BRENO do café com teu pai,criadores_pt,False,29237.0,-1
8GuCdciCx-c,GABRIEL BREIER ACABOU PRA VOCÊ!,criadores_pt,False,104659.0,-1
zIAiBRg_w-w,GABRIEL BREIER BANIDO DAS REDES SOCIAIS! É O FIM PARA OS REDPILLS?,criadores_pt,False,2588.0,-1
16v7M5IpVs0,"VOU SER PRESO, ULTIMO VIDEO",criadores_pt,False,13993.0,4
f4hHu9BdPPY,Ela Mandou a Real Pro Gabriel Breier #cortesdepodcast #podcast #gabrielbreier,criadores_pt,False,3012.0,0
Cc5Vq9J-TbM,INFLUENCIADOR REDPILL GABRIEL BREIER BANIDO DE TODAS REDES SOCIAIS,criadores_pt,False,3157.0,-1
-6n4NaYHhSo,GABRIEL BREIER TEM REDES SOCIAIS APAGADAS E VAI FUGIR DO BRASIL?,criadores_pt,False,6036.0,-1
dbdeYDl7JuI,SUPER XANDÃO REAGINDO a GABRIEL BREIER foi BANIDO das REDES SOCIAIS...,criadores_pt,False,9707.0,0
IAey2E02ACQ,SUPER XANDÃO REAGINDO A GABRIEL BREIER foi BANIDO DAS REDES SOCIAIS,criadores_pt,False,17776.0,0
rtj-0DoU_Gg,SUPER XANDÃO REAGINDO - BREIER SAIU NO JORNAL NACIONAL COMO CR1M1NOSO,criadores_pt,False,17178.0,0
cPeWVfx93L8,NÃO CAIA NO PAPO DO GABRIEL BREIER,criadores_pt,False,1852.0,0
qVn9Q6m3lnY,1 MACHISTA vs 30 FEMINISTAS | FT. GABRIEL BREIER #cortes #debate,criadores_pt,False,4091.0,0
_NXLQCKQTYc,SAI NO JORNAL NACIONAL COMO CRIMINOSO,criadores_pt,False,34114.0,4
iDmsMOqffsY,Pq todos ODEIAM Gabriel Breier?,criadores_pt,False,14762.0,-1
AvT9sJVFN1o,A família precisa ser o único foco de todos? #redcast #breier #gabrielbreier,criadores_pt,False,18204.0,0
v9duiQ0NGhA,LOW PROFILE É PARA BROXA E TESTO BAIXA,criadores_pt,False,7586.0,4
65B1xPWskGc,GABRIEL BREIER TRATORADO POR 30 FEMINISTAS - REACT PARTE 3,criadores_pt,False,4740.0,-1
8IcOHe87rY4,O quão atraente é Gabriel Breier segundo a ciência? Analise Facial,criadores_pt,False,14572.0,1
WtRdNLarRuc,1 MACHISTA VS 30 FEMINISTAS | FT. GABRIEL BREIER Canal Foco // REACT,criadores_pt,True,22793.0,0
jMdrIm0L5Ro,Breier x feministas,criadores_pt,False,14750.0,0
kFxaSIOIiTA,Gabriel Breier HUMILHADO por 30 Feministas?,criadores_pt,False,74836.0,0
slDGNul28BA,1 MACHISTA VS 30 FEMINISTAS | FT. GABRIEL BREIER,criadores_pt,False,3234.0,0
C8F_1kFYlp0,GABRIEL BREIER PERDE A CABEÇA CONTRA 30 FEMINISTAS - REACT PARTE 2,criadores_pt,False,9440.0,-1
yLXiZea08p0,1 MACHISTA VS 30 FEMINISTAS FT GABRIEL BREIER,criadores_pt,False,458.0,0
WVixYPHcH_k,Reagindo a 1 MACHISTA VS 30 FEMINISTAS | FT. GABRIEL BREIER,criadores_pt,False,841.0,-1
hHdFk-sIk_g,1 MACHISTA VS 30 FEMINISTAS COM BABRIEL BREIER PART 1,criadores_pt,False,2679.0,0
pr5DqdETe2M,"Leva Deus a sério, quero te ver no céu #breier #gabrielbreier #fyp #shorts @GabrielBreier",criadores_pt,False,93080.0,-1
y9aLTcaYvuA,Debate 1 Macho Alfa x 25 Feministas - Gabriel Breier,criadores_pt,False,1530.0,0
X-W0wfX8orE,1 MACHISTA VS 30 FEMINISTAS FT. GABRIEL BREIER . . . pt1 #debate #gabrielbreier #feminismo #machist,criadores_pt,False,839.0,0
sg46b_MdJFg,REACT: 1 MACHISTA VS 30 FEMINISTAS | FT. GABRIEL BREIER | cortes da carolbalds,criadores_pt,False,14545.0,0
V7s0AajIcHw,1 MACHISTA VS 30 FEMINISTAS (Corte #16) | Gabriel Breier #cortes #debate #entretenimento,criadores_pt,False,616.0,0
JzpTA7QQFFY,GABRIEL BREIER VIROU CHACOTA AO VIVO #podcast #entrevista #cortes #gabrielbreier #feminism,criadores_pt,False,8550.0,0
Jj-xieIafNE,Gabriel Breier levanta pautas polêmicas num debate com 30 feministas #canalfoco,criadores_pt,False,47062.0,0
T1E0ak-4bkU,Gabriel Breier VS 30 Feministas pt.4! #foryou #podcast #debate #shorts,criadores_pt,False,7924.0,0
ab8vBkESUm4,"""você acabou de fazer o que o homem pediu""1 MACHO ALFA X 25 FEMINISTAS TATUADAS | FT. Gabriel Breier",criadores_pt,False,2610.0,0
e611ei3Q9qE,GABRIEL BREIER VIRA MOTIVO DE RISADA AO VIVO #podcast #entrevista #cortes #gabrielbreier #feminism,criadores_pt,False,996499.0,0
5WSNmzAsgzE,1 machista vs 30 feministas,criadores_pt,False,2872889.0,-1
8DQao3MAaMc,TU é BETA CARA! — Gabriel Breier #debate #podcast #feed #foryou #feminismo #redpill #shorts #fyp,criadores_pt,False,16204.0,0
36XVluIpA-o,GNOMO DE JARDIM VS mulher NA FLEXÃO kkkkkkkkkkkk #redcast #breier #gabrielbreier #feminismo #debate,criadores_pt,False,3340.0,0
Lhi-JtWS45g,Feminismo gerou mães solteiras? Debate quente com Breier!,criadores_pt,False,28024.0,0
ltDk3C6MjN8,1 Machista vs 30 Feministas| feat: Gabriel Breier #shots #debate #machista #feministas,criadores_pt,False,12466.0,0
RJ4-z0Z7-X0,Gabriel Breier debate intensamente com 30 feministas #canalfoco,criadores_pt,False,33213.0,0
pma9TT7EE4I,"BIZARRICES, DISCUSSÕES E FLEXÕES | GABRIEL BREIER VS. 25 FEMINISTAS TATUADAS",criadores_pt,False,4614.0,-1
eVQL24OMEn8,SUPER XANDÃO REAGINDO - 1 MACHO ALFA X 25 FEMINISTAS TATUADAS | FT. GABRIEL BREIER (REACT COMPLETO),criadores_pt,False,33313.0,0
XhV84kp81hg,GABRIEL BREIER VS 25 FEMINISTA | PART 1 #beta #viral #debate #feminista #cortes,criadores_pt,False,3344.0,0
tOFmX7FzwFw,1 MACHISTA X 30 FEMINISTAS: Gabriel Breier Virou NPC de Coach,criadores_pt,False,4439.0,0
HGNhQHB4wHo,30 feministas confrontam o Gabriel Breier #canalfoco,criadores_pt,False,16699.0,0
8tNUDCGGJvM,1 MACHO ALFA X 25 FEMINISTAS TATUADAS | FT. GABRIEL BREIER,criadores_pt,False,1351186.0,0
sDZIpEpRXF0,Gabriel Breier é BETA? #shorts #genero #beta,criadores_pt,False,630.0,0
IiENZKT7zHE,XANDÃO NAO TANKOU o GABRIEL BREIER VS 30 FEMINISTAS KKKKKKKK,criadores_pt,False,97703.0,0
GOxwlvN1nv4,Gabriel Breier fala o que ele pensa na cara de 30 feministas #canalfoco,criadores_pt,False,14696.0,0
d3jmHJ1Ogn0,Minha vida mudou depois que me tornei Pai | Gabriel Breier,criadores_pt,False,12142.0,0
5znheeRoQtY,1 Machista x 30 Feministas | Gabriel Breier,criadores_pt,False,6314.0,0
MPaSlXOL_zk,REACT: 1 Machista X 30 Feministas - Gabriel Breier Saiu Chorando!,criadores_pt,False,16369.0,-1
bUUNKpmnFT4,1 MACHISTA VS 30 FEMINISTAS | FT. GABRIEL BREIER,criadores_pt,False,10783.0,0
4g1CXoP7btw,1 MACHISTAS x 30 FEMINISTAS - Gabriel Breier DEBATE com 30 FEMINISTAS se DECLARANDO MACHISTA,criadores_pt,False,7338.0,0
nnn7S5JhOEg,Gabriel Breier encara 30 feministas num debate intenso #canalfoco,criadores_pt,False,68262.0,0
Qr3XzexotDU,SUPER XANDÃO REAGINDO a 1 MACHISTA VS 30 FEMINISTAS | FT. GABRIEL BREIER,criadores_pt,False,29411.0,0
72nDu2T4BiY,SUPER XANDÃO REAGINDO 1 MACHISTA VS 30 FEMINISTAS | FT. GABRIEL BREIER,criadores_pt,False,162018.0,0
k_7oPtnqsiM,SUPER XANDÃO REAGINDO - 1 MACHISTA VS 30 FEMINISTAS | FT. GABRIEL BREIER,criadores_pt,False,1802.0,0
zD-bduC947M,GABRIEL BREIER FOI MACHIST4 E HUMILHOU FEMlNISTAS NO 30X1,criadores_pt,False,19226.0,0
cuIrD9DdCBw,SUPER XANDÃO REAGINDO - 1 MACHISTA VS 30 FEMINISTAS | FT. GABRIEL BREIER (REACT COMPLETO),criadores_pt,False,110133.0,0
1Z5XMBKY9tY,GABRIEL BREIER PERDEU A LINHA EM DEBATE!,criadores_pt,False,30150.0,-1
nK8qHXoyFOM,1 MACHISTA VS 30 FEMINISTAS | FT. GABRIEL BREIER,criadores_pt,False,9940.0,0
fF7zn0N5tCA,GABRIEL BREIER PERDEU A LINHA EM DEBATE! #shorts #cortes #podcast #debate,criadores_pt,False,13456.0,0
6KJadKMzM5c,Feminista se exalta e chama Breier de lixo: 1 MACHISTA VS 30 FEMINISTAS,criadores_pt,False,9792.0,0
6HaS2wi-wtA,1 MACHISTA VS 30 FEMINISTAS FT. GABRIEL BREIER . . . .#debate #gabrielbreier #machista #feminista,criadores_pt,False,593.0,0
BCFZcOiJB2I,1 MACHISTA VS 30 FEMINISTAS | FT. GABRIEL BREIER,criadores_pt,False,3174.0,0
2IFCBt4HTd8,1 MACHISTA VS 30 FEMINISTAS | FT. GABRIEL BREIER,criadores_pt,False,3739507.0,0
_p5lpRQddXI,Gabriel Breier Destruiu uma geração de homens ( react ),criadores_pt,False,12567.0,4
vykSR-dEoI8,COMO DEIXAR DE SER TIMIDO,criadores_pt,False,8474.0,0
mTzTGYqHyHA,COMO CASAR COM UMA MULHER GOSTOSA,criadores_pt,False,10117.0,0
t9f9Xzfsy2o,SUPER XANDÃO REAGINDO a GABRIEL BREIER RESPONDEU o XANDÃO SOBRE o DESAFIO DA LUTA!,criadores_pt,False,2143.0,0
tjK91XyVTig,SUPER XANDÃO REAGINDO - GABRIEL BREIER RESPONDE AO SUPER XANDÃO ACEITANDO A LUTA,criadores_pt,False,19011.0,0
7qNm4kI-97c,SUPER XANDÃO SE REVOLTA COM STORYS DO GABRIEL BREIER DESAFIANDO O SUPER XANDÃO (2026 VAI TER LUTA),criadores_pt,False,13956.0,0
acwvmJPxCew,"NÃO SEJA BONZINHO, NINGUÉM SUPORTA",criadores_pt,False,8177.0,0
N80KnwQp_rE,Gabriel Breier destruiu uma geração de homens,criadores_pt,False,119436.0,0
fDfnRjRss9E,bluezão e breier são os papais do ano,criadores_pt,False,665660.0,-1
APGB5QBB8eY,TUDO QUE PRECISAVA SABER AOS 19 ANOS,criadores_pt,False,16071.0,0
NG-4vb9VRIs,Como colocar os TESTÍCULOS NO SOL da forma correta ( na prática ),criadores_pt,False,27065.0,0
lkh3kUzeQ2E,NENHUMA MULHER QUER UM CRISTÃO ( NEM AS DA IGREJA ),criadores_pt,False,70956.0,-1
_YgFim255DE,vendo Gabriel Breier falar b0sta,criadores_pt,False,30210.0,0
XDh3DO8Yxno,segue página 👇 #gabrielbreier #breier #conselho #reflexion #mensagem #fy #fypシ゚viral,criadores_pt,False,1224.0,0
2JaVxF4NXuA,Breier jr fedendo a testosterona,criadores_pt,False,23072.0,2
xWwBHwpfS9Q,SUPER XANDÃO REAGINDO a GABRIEL BREIER DEFENDE a TERRA PLANA e MANDA RECADO PARA O XANDÃO,criadores_pt,False,8776.0,0
dVWcOplAWYs,SUPER XANDÃO REAGINDO - REVIRAVOLTA: SUPER XANDÃO CONVENCEU GABRIEL BREIER (AGORA ELE VIROU ALFA),criadores_pt,False,18610.0,0
3C8JILwZWMo,COMO ACABAR COM A LUXÚRIA E NÃO SER DESTRUÍDO PELA TENTAÇÃO,criadores_pt,False,15715.0,-1
Qv78y76iN14,SER FEIO É SER TRATADO IGUAL MERDA PELAS PESSOAS,criadores_pt,False,22331.0,0
U5J7YsAvk4c,LUXURIA O DESEJO INCONTROLAVEL,criadores_pt,False,13421.0,0
9lUxAOu3su4,"Faturamos R$ 9,5 Milhões com Lançamentos e Perpétuos | Gabriel Breier e Marcos Paulo - Kiwicast #502",criadores_pt,True,5231.0,0
XHy8IhqjnCw,Morar na Praia é LENDÁRIO! #shorts #breier,criadores_pt,False,4898.0,-1
KXaS-jzpp24,SEJA RESPONSÁVEL PELAS SUAS AÇÕES - GABRIEL BREIER #cortes #motivação #cuts #motivational #breier,criadores_pt,False,1149.0,0
k5d_HGTpQy0,A ESCOLA ESCRAVIZA OS SEUS FILHOS - GABRIEL BREIER #cortes #motivação #motivacional #motivation,criadores_pt,False,2568.0,0
CPdt-uqh9dM,BREIER DO ZERO A ESTÉTICA LENDÁRIA,criadores_pt,False,12579.0,0
AGHuWxlA1kw,PROCRASTINAÇÃO É COISA DE VAGABUNDO - GABRIEL BREIER #cortes #breier #gabrielbreier #motivação,criadores_pt,False,1342.0,0
pcUGwBShUM0,SUPER XANDÃO REAGE A FELCA FALOU DEMAIS.. REPOSTA DO GABRIEL BREIER AO FELCA,criadores_pt,False,27489.0,0
QYUFFaiuW9Q,Gabriel Breier está ao vivo!,criadores_pt,False,4091.0,0
qMQWQGXfykk,Gabriel Breier faz cr1tica aos cristãos,criadores_pt,False,1682.0,-1
A_7ogwVoruQ,Como os filmes moldam a sua mente para a Vida! - GABRIEL BREIER e FE ALVES,criadores_pt,False,3694.0,0
o09yyGgmpy0,BREIER e LUIZ DUTKAS,criadores_pt,False,8836.0,0
vDAE24mpCQ8,reagindo ao orochinho analisando as mitadas de gabriel breier | cortes da carolbalds (REACT),criadores_pt,False,9438.0,0
9S_RP-A6O_o,A ESTETICA SEMPRE VENCE,criadores_pt,False,21107.0,0
SoqF8Pw2Pn4,BREIER e ICARO LERMEN sem cortes,criadores_pt,False,16596.0,0
Oxujwq7Xqys,Super xandao Estompou O Gabriel breier #edit #superxandao #gabrielbreier,criadores_pt,False,627.0,0
kBeYNht58sk,"SUPER XANDÃO MANDOU O PAPO RETO PARA O GABRIEL BREIER, RAIAM E RUYTER",criadores_pt,False,34643.0,0
2jqeQIVAA5s,Gabriel Breier está ao vivo!,criadores_pt,False,9971.0,0
8w2rgxpSAh8,Gabriel Breier está ao vivo lendo a Bíblia,criadores_pt,False,4753.0,0
4xUxdYfxANI,"VAMO DESTRUIR A ANSIEDADE, VEM COM O BREIER",criadores_pt,False,6842.0,4
cHddtIKgaOo,Só pessoas bem sucedidas tem inimigos ☕️🚬,criadores_pt,False,2081.0,-1
yod98NA53WQ,O homem precisa de uma válvula de escape e a homem que não entende isso vai perder o homem ☕️🚬,criadores_pt,False,3408.0,3
1gRJcOC1O-c,3 contradições da Taliria Petrone ☕️🚬,criadores_pt,False,2221.0,3
noLfT5Hc3zU,O maior castigo pra uma menina ☕️🚬,criadores_pt,False,2975.0,-1
v_ujJzBXzLQ,Feminismo pra vocês e familia tradicional pra ela ☕️🚬,criadores_pt,False,4062.0,3
MBQsRElgXpY,A mulher que fica com homem casado é amaldiçoada automaticamente ☕️🚬,criadores_pt,False,3127.0,3
BBKjZ8HEnOs,Breno Faria - Café com Teu Pai #podcast #entrevista #cafecomteupai,criadores_pt,False,154.0,3
CPwQhFLj3Iw,Breno Faria - Café com Teu Pai #podcast #entrevista #cafecomteupai,criadores_pt,False,64.0,3
eVf1Jr80WbU,Breno Faria - Café com Teu Pai #podcast #entrevista #cafecomteupai,criadores_pt,False,74.0,3
heNEGZVPXHU,Breno Faria - Café com Teu Pai #podcast #entrevista #cafecomteupai,criadores_pt,False,98.0,3
2AdCMZQFLjo,Breno Faria - Café com Teu Pai #podcast #entrevista #cafecomteupai,criadores_pt,False,88.0,3
g0jkytatUBw,Breno Faria - Café com Teu Pai #podcast #entrevista #cafecomteupai,criadores_pt,False,126.0,3
1eGbqyCc5Xw,"🔥 BRENO FARIA, DO CAFÉ COM TEU PAI, ESTEVE NO ALEMÃO ILIMITADO!",criadores_pt,False,1274.0,0
6gG37NqDILM,MC Smith candidato a Deputado Estadual pelo Rio de Janeiro,criadores_pt,False,3114.0,-1
McfzSKFXU1w,"""MC SMITH CANDIDATO A DEP ESTADUAL"" - BRENO FARIA no MAROMBA CAST",criadores_pt,False,6084.0,-1
EYcUSZhdkn4,ESSA GAROTA TRABALHA VENDENDO BALA NA NOITE - BRENO FARIA no MAROMBA CAST,criadores_pt,False,1049.0,-1
O6RvkFxNzWQ,Café com Teu Deputado,criadores_pt,False,1122.0,0
0bP41gtaxs0,"CAFÉ COM TEU PAI: OS CANCELAMENTOS, MACHOSFERA E A CANDIDATURA A DEPUTADO FEDERAL | MAROMBA CAST 98",criadores_pt,False,222.0,0
jeb0Z5EmUbo,SE A MULHER JÁ FEZ ISSO NO PASSADO... SE LIGA! ISSO ACABA COM A REPUTAÇÃO DO CARA / Breno Faria,criadores_pt,False,631.0,0
WEQNYu5wF3o,☕ Como surgiu o “Café com Teu Pai”?,criadores_pt,False,1064.0,3
6ArAIFXNUQE,Todo homem procura sexo?,criadores_pt,False,325.0,0
RKk0S9rsW8c,Feminicidio ou crime passional?,criadores_pt,False,1487.0,0
L28nD7xm4Kc,MULHER QUE SE COMPORTA ASSIM ESTÁ DESESPERADA E TROCA S3XO POR ATENÇÃO /BRENO FARIA,criadores_pt,False,827.0,0
SpaqgM0mUI0,Breno Faria - 70º episódio - Cortadas do Firmino,criadores_pt,False,4969.0,0
VFhLycCZkyA,As Leis feministas não protegeram a mulher em nada EP.1,criadores_pt,False,753.0,0
WEO757SnGtI,16 ANOS JÁ DEVE IR PRESO?,criadores_pt,False,645.0,0
F-UbmxK5yfY,A melhor coisa que a mulher pode fazer pelo relacionamento é se manter magra e bonita,criadores_pt,False,7679.0,3
M2j2L1yLNVg,Café com Teu Pai 2221,criadores_pt,False,3649.0,3
rn90KXijZrs,O problema da sociedade hoje em dia é a falta de obediência,criadores_pt,False,4548.0,3
VIjH4loWDNc,"BRENO FARIA: Polícia, Paternidade, Fé e os Bastidores da Estrada",criadores_pt,False,119.0,0
OOTaXdYIEho,ALL PODCAST - BRENO FARIA - CAFÉ COM TEU PAI #148,criadores_pt,False,62.0,3
O-vhYwJzd4E,"Mulher, a única forma de você mudar os homens é não ficando com homem rodado",criadores_pt,False,5165.0,0
XdDfSfM4eXA,"Se você não consegue sair de um relacionamento que te faz mal, o problema ta em você",criadores_pt,False,3735.0,-1
GTZ7-CV7bhY,CÍNTIA CHAGAS: A GRANDE CONTRADIÇÃO QUE NINGUÉM QUERIA MOSTRAR,criadores_pt,False,48202.0,0
j-1wDvIFhUo,Mulher também precisa aprender a lidar com a rejeição ☕️🚬,criadores_pt,False,5824.0,3
DN7bmd7JAUk,O homem maduro sempre observa o passado da mulher antes de ter algo sério,criadores_pt,False,3655.0,3
ImOwhFrzlIw,O padrão de beleza das mulheres dos jogadores de futebol,criadores_pt,False,13895.0,-1
NRXszNmxcmA,Quantas BARRAS eu faria com o PESO do TENENTE BRENO!? (113KG),criadores_pt,False,391506.0,-1
trWm86Nm2q0,"Se um cara te chama para sair só durante a semana, você é nota 6.",criadores_pt,False,6437.0,3
fxWTJjUR3E8,A mulher que está INFELIZ com a sua preciosa NÃO É FELIZ em outras áreas da sua vida.,criadores_pt,False,1099.0,3
r9-IQEpP_pg,A mulher moderna vive um grande dilema.,criadores_pt,False,4428.0,3
d_73yFfGgOU,"Meninas, cuidado com a comparação nas redes sociais ☕️🚬",criadores_pt,False,4837.0,3
q8kAr72y7Cs,"Aquela pessoa que diz que te odeia, mas é obcecada por você, na verdade TE AMA.",criadores_pt,False,1677.0,3
46vAsBJl0VQ,Uma familia formada somente por uma mãe é uma fatalidade e não um modelo ideal ☕️🚬,criadores_pt,False,6691.0,3
LuiRVeHg40Q,O homem não está buscando a mulher independente ☕️🚬,criadores_pt,False,8599.0,3
BQ11opSHYvo,A ÚNICA MULHER QUE TE AMA MESMO VOCÊ SENDO UM BOSTA É A SUA MÃE ☕️🚬,criadores_pt,False,4302.0,3
O31yEYXlcpc,"FAÇA O QUE QUISER DA SUA VIDA, MAS VOCÊ NÃO IRÁ ESCAPAR DAS CONSEQUÊNCIAS",criadores_pt,False,3248.0,4
XWLBZVJt8Sg,Casar errado é muito pior que envelhecer solteira ☕🚬,criadores_pt,False,7598.0,-1
aXAnytv-UfU,HOMENS FRACOS E MULHERES PERDIDAS? | Conversa Paralela com Breno Faria - Café com Teu Pai,criadores_pt,False,141914.0,0
D6y3cA1dQJ4,A mulher que passou por 3 divórcios falando mal de casamento ☕️🚬,criadores_pt,False,9859.0,3
3AM_nc3EVgo,O que te faz mais feliz uma carreira ou uma familia?,criadores_pt,False,30988.0,8
HAVAVqe1pto,"O homem que te trata como namorada sem pedir, não vai fazer o pedido nunca",criadores_pt,False,4623.0,0
sQVEKg_gL8E,Por que eles atacam a familia o tempo inteiro?,criadores_pt,False,3121.0,8
W3CoOY6pT9M,SEJA ÚNICA E FAÇA O HOMEM FICAR OBCECADO POR VOCÊ!,criadores_pt,False,752.0,3
Y7JpA1ED3gg,"Padrões de homens para você reconhecer e anotar na sua lista, minha filha",criadores_pt,False,21352.0,3
GCjqMU45gy8,Breno Faria comenta sobre os Ataques que o Juliano Cazarré Sofreu!,criadores_pt,False,570.0,11
Kk_xuUYsgaI,Breno Faria Revela o porque Tretou com a Anitta!,criadores_pt,False,900.0,11
-yCOygQV_f0,Mari Cantarelli empurra Breno Faria (café com teu pai) para o abismo da ignorância e fundamentalismo,criadores_pt,False,14.0,3
JfdJiYCL-Vw,CASEI COM O HOMEM CERTO... ATÉ DESCOBRIR QUEM ELE ERA,criadores_pt,False,2263.0,0
4EEF9R6WE7A,"Quanto mais você busca atingir um padrão, mais preso você fica",criadores_pt,False,5096.0,3
wtbkZSd5K3s,BRENO FARIA - CAFÉ COM TEU PAI / SNIDER CAST #490,criadores_pt,False,4955.0,0
_Bc4WWYYxlg,"Eu sigo meus principios, não sigo nenhuma sigla ou ideologia",criadores_pt,False,1722.0,-1
2QCI9A7xtzg,Derrubada de perfil,criadores_pt,False,1651.0,-1
046Ls04se3A,ELE É RED PILL? Breno Faria rebate críticas e manda a real sobre o comportamento masculino,criadores_pt,False,675.0,0
McQ2_S-gY58,CANCELAMENTO,criadores_pt,False,14669.0,0
vyIO31YyttI,PASSOU DOS LIMITES? O AVISO DE BRENO FARIA PARA AS MULHERES QUE SE EXPÕEM DEMAIS | EM OFF,criadores_pt,False,3590.0,0
4zRQvwiElpk,"""'Café com Teu Pai' é uma forma de redenção"", afirma criador Breno Farias #shorts",criadores_pt,False,1322.0,0
cQlI3jxwgtY,"CONSELHOS, CRÍTICAS E A MASCULINIDADE DE BRENO FARIA, CRIADOR DO CAFÉ COM TEU PAI | EM OFF - 19/6/26",criadores_pt,False,35189.0,0
GBFgiELpX9w,"Breno Farias escolhe quem tomaria ou não, um 'Café com teu pai' #shorts",criadores_pt,False,1484.0,0
bFK7gbiRcyA,Concordar ou discordar é diferente de fazer uma acusação grave como essa ☕🚬,criadores_pt,False,3851.0,0
XbTRGLIeb38,Homens do mundo moderno,criadores_pt,False,14119.0,3
RmjrZfhWvB0,Mulher trans negra ou patricinha de beverly hills?,criadores_pt,False,13620.0,0
_qdDb_grUVM,NINGUÉM ACREDITOU QUE ELA DISSE ISSO KKKK #treta #cortes #politica #shorts,criadores_pt,False,152342.0,0
V1WirH9bDVg,O NÚMERO DE PARCEIROS S3XUAIS QUE A MULHER JA TEVE IMPORTA MUITO PARA OS HOMENS,criadores_pt,False,4501.0,3
RJ5l9sE2-NY,mãe solteira no brasil esta passando perrengue - Breno e Pietra #relacionamento #reconquista,criadores_pt,False,910.0,-1
VcEI7RMG1Zg,ACUSAÇÕES E PROCESSOS! MELHORES MOMENTOS: CAFÉ COM TEU PAI x 20 SOLTEIROS,criadores_pt,False,82189.0,0
O0qpn2PZsDE,uma mãe não consegue criar um homem sozinha - Breno Faria e Pietra Bertolazzi,criadores_pt,False,697.0,0
9aEiyZ8q_RU,ACUSAÇÕES GRAVES E PESADAS DURANTE DEBATE! #treta #cortes #politica #shorts,criadores_pt,False,280609.0,0
Lz648J2-IzI,ESSA É A OPINIÃO MAIS POLÊMICA QUE VOCÊ VAI VER HOJE! #treta #cortes #politica #shorts,criadores_pt,False,20780.0,0
mNip_aY9-68,HOMEM E MULHER TRAEM POR MOTIVOS DIFERENTES | CAFÉ COM TEU PAI X 20 SOLTEIROS,criadores_pt,False,6243.0,0
dbwSJ5JnHfQ,HOMEM DE VERDADE NÃO QUER MULHER INDEPENDENTE | CAFÉ COM TEU PAI X 20 SOLTEIROS,criadores_pt,False,35126.0,0
bPNJ0Ot9OYM,"é por isso que homem não melhora, continua traindo - Breno Faria e Pietra Bertolazzi",criadores_pt,False,722.0,-1
gj-9EKJvl6A,"Se alguem te colocou no close friends, essa pessoa quer te pegar",criadores_pt,False,3835.0,-1
RM-L0s9EYx4,O HOMEM QUE PEDE SEU NUMERO TEM INTENÇÕES TOTALMENTE DIFERENTES DO CARA QUE TE DA O NUMERO DELE,criadores_pt,False,4405.0,2
T5DHB6iTPKk,o feminismo copiou a pior parte que tem nos homens - Breno Faria e Pietra Bertolazzi,criadores_pt,False,589.0,0
KWNVOcvkKXI,porque o passado da mulher importa e do homem não - Breno Faria e Pietra Bertolazzi,criadores_pt,False,1203.0,0
nkX-zwFp9w4,CAFÉ COM TEU PAI x 30 SOLTEIROS - Exclusivo no Canal Copacabana Talks,criadores_pt,False,13362.0,0
cwnFObLvnUI,CAFÉ COM TEU PAI x 30 SOLTEIROS - Especial Dia dos Namorados - Breno Faria no Copacabana Talks,criadores_pt,False,331244.0,0
TSGUSVf7Pts,por esse motivo os relacionamentos acabam - Breno Faria e Pietra Bertolazzi,criadores_pt,False,1086.0,0
qC4MKOCCXMs,como saber se o homem presta ou não - Breno Faria e Pietra Bertolazzi,criadores_pt,False,627.0,-1
lLZFNyHKqAw,por isso ninguem consegue mais ter um relacionamento longo - Breno Faria e Pietra Bertolazzi,criadores_pt,False,953.0,11
tAJM8lZYSdw,É POR ISSO QUE TODO MUNDO TÁ SOLTEIRO E OS HOMENS PARARAM DE TENTAR,criadores_pt,False,10539.0,-1
wyfrlmri0ww,Breno Faria do Café com Teu Pai no Podcast do Bebezão - EP.67,criadores_pt,False,87.0,0
n7hHcUkIBzY,"""Você Não Precisa Ter Medo Comigo"" Foi a Maior Mentira Que Já Ouvi",criadores_pt,False,1855.0,0
nsvVo4yLT4c,"Se uma mulher tem 30 anos, é bonita, bem resolvida financeiramente e está solteira... ☕🚬",criadores_pt,False,12058.0,3
HyYhaS51Kko,O CAFAJESTE É NA VERDADE O CARA MAIS INSEGURO QUE EXISTE,criadores_pt,False,5383.0,3
yyZccQ5KtIA,Você não é Harry Potter pra ficar experimentando varinha por ai minha filha ☕🧙🏻‍♂️,criadores_pt,False,6078.0,3
jGEMQYXGEkE,Mulher bonita pode QUASE TUDO ☕🚬,criadores_pt,False,9558.0,3
4Gz7mNnw3pQ,O Que Estão Fazendo Com Nossas Crianças?,criadores_pt,False,2687.0,0
XZ_2FDKjjm0,Homem nenhum aguenta mulher que fica reclamando por coisa boba ☕🚬,criadores_pt,False,8160.0,3
QfBJQuHT0vU,Mulher não liga se você é independente ou bem sucedido financeiramente ☕🚬,criadores_pt,False,1209.0,3
vR4oiSDEpuA,“10 anos tentando sobreviver ao passado”,criadores_pt,False,2680.0,0
95sRlyfoLPA,Homem pra bagunça X pra relacionamento ☕🚬,criadores_pt,False,3798.0,0
QLgtEOscfiU,"Se todas suas ex são loucas, então o problema é você ☕🚬",criadores_pt,False,2839.0,3
L9DFFySsESo,FIM DA ESCALA 6x1 O BRASIL VAI DAR PT #cafecomteupai,criadores_pt,False,12472.0,0
DP2Pp93juz0,🔥ARTHUR DO VAL (MAMÃE FALEI) E BRENO (CAFÉ COM TEU PAI) FALAM A VERDADE SOBRE RELACIONAMENTOS🔥!,criadores_pt,False,3645.0,0
UQzxU1lv9rQ,Fama de rodado não se perde ☕🚬,criadores_pt,False,4863.0,3
f92fx7G2nEc,"IronTalks ao vivo com Ricardo Ventura, Breno Faria e Dr. Felipe Sestaro",criadores_pt,False,18515.0,-1
0j4kXDTch9g,"Feminismo pra você, familia tradicional pra ela",criadores_pt,False,15218.0,0
ZHumdM6nse0,"Se um cara disser que não quer nada sério com você, acredite nele",criadores_pt,False,6045.0,3
gxkLpNgj2Gw,Arthur e Breno Faria discutem se mulheres pobres são mais fáceis!,criadores_pt,False,24065.0,0
bzvazneh_T8,O X9 mais amado do Brasil ☕🚬,criadores_pt,False,3585.0,3
aZvvSIW1qM8,A sua prioridade não deve ser seus filhos e sim sua mulher ☕🚬,criadores_pt,False,3537.0,8
eEO1a0W_f14,Arthur do Val debate regulação das redes com Breno Faria!,criadores_pt,False,623.0,0
MjSYZa7Kw1E,Mulher funciona exatamente igual dragão ☕🚬,criadores_pt,False,4698.0,3
3fLCdVsjwPc,Café com Teu Pai: Breno Faria e O Fim do Comportamento Forçado? #shorts #machista #machismo #podcast,criadores_pt,False,767.0,0
fJa_mCATSoo,O Motivo Que Leva Um Homem A Querer Ser Melhor - Breno Faria e Pietra Bertolazzi | Papo Milgrau,criadores_pt,False,265.0,0
ox6gkF_0CO4,React: A revoltante e covarde entrevista com Juliano Cazarré sobre masculinidade,criadores_pt,False,15057.0,0
TIUbNJqXMzE,"“Quando Minha Filha Me Contou, Meu Mundo Acabou”",criadores_pt,False,3875.0,0
Q4K2mZsK7go,"No privado ele te ama, em público ele te ignora ☕🚬",criadores_pt,False,3224.0,-1
x9Zq4Z2N2BY,A Verdade Polêmica Sobre Mulheres E Roupa Curta - Breno Faria e Pietra Bertolazzi | Papo Milgrau,criadores_pt,False,455.0,0
VkGh9-0mIr4,Breno Farias - Mundo Dos Sonhos #samba,criadores_pt,False,2041.0,0
-4XYqpUfboI,Isso Está Destruindo Muitas Mulheres Em Silêncio- Breno Faria e Pietra Bertolazzi | Papo Milgrau,criadores_pt,False,485.0,0
tFASZS9kTck,"Música ""Mundo dos Sonhos"" Cantor Breno Faria #mundodossonhos #brenofaria #katinguele #pagode #samba",criadores_pt,False,1888.0,0
-NM8zBxdaFk,A verdade por trás da bariátrica de Thais Carla,criadores_pt,False,23730.0,0
qqv1ji-aHGI,A Chave Que Transforma Um Homem Fraco Em Masculino - Breno Faria e Pietra Bertolazzi | Papo Milgrau,criadores_pt,False,2830.0,0
E68pnyneiOo,O Perfil De Mulher Que Um Homem Nunca Assume - Breno Faria e Pietra Bertolazzi | Papo Milgrau,criadores_pt,False,1642.0,0
hcsMYiv-TXk,Se o cara ta te enrolando é porque você ta deixando ele te enrolar ☕🚬,criadores_pt,False,2561.0,0
SxtcxLa5nk4,O homem nunca vai respeitar uma mulher que mente pra ela mesma ☕🚬,criadores_pt,False,3311.0,3
aeep1gRbzzA,Como O Discurso Feminista Está Afetando Relacionamentos - Breno Faria e Pietra Bertolazzi,criadores_pt,False,1579.0,-1
72uh73J1dOU,A Mentira Masculina Que Mais Engana Mulheres - Breno Faria e Pietra Bertolazzi | Papo Milgrau,criadores_pt,False,1103.0,0
LBwxuxJZQ_8,O Segredo Feminino Que Mexe Com A Mente De Um Homem - Breno Faria e Pietra Bertolazzi | PapoMilgrau,criadores_pt,False,1380.0,0
ooqz2X4psUw,O Que As Mulheres Não Entendem Sobre Masculinidade - Breno Faria e Pietra Bertolazzi,criadores_pt,False,514.0,0
B643dzRKLKw,Como viver uma vida de presença,criadores_pt,False,3320.0,0
Q11hMeWlaHc,A Verdade Difícil Que Toda Mãe Solteira Precisa Ouvir - Breno Faria e Pietra Bertolazzi,criadores_pt,False,545.0,0
FhcDtQwF1Xc,Não confunda o pateta do seu lado com o principe encatando ☕,criadores_pt,False,4247.0,3
SQWjKXrsQ3c,Se ela não teve uma boa referencia masculina como ela vai saber escolher um homem bom? ☕🚬,criadores_pt,False,2716.0,3
aU3Afm0ip3Y,Como Entrar Na Mente Dele E Se Tornar Uma Mulher Inesquecível - Breno Faria e Pietra Bertolazzi,criadores_pt,False,4471.0,0
vS7KzlTD4uw,Por Que Dormir No Primeiro Encontro Pode Estragar Tudo - Breno Faria e Pietra Bertolazzi,criadores_pt,False,205.0,0
sZS3QiUr9Zc,Por Que O Discurso Feminino Atual Está Entrando Em Colapso - Breno Faria e Pietra Bertolazzi,criadores_pt,False,243.0,0
JFE1XGbNnrM,Video completo no canal ☕🚬,criadores_pt,False,1559.0,3
RUgOu6LTcKw,Mulher não tem que conquistar homem ☕🚬,criadores_pt,False,2622.0,3
z2C-WbgyCpE,Por Que Você Sempre Atrai O Mesmo Tipo De Homem Problemático? - Breno Faria e Pietra Bertolazzi,criadores_pt,False,280.0,0
FLm27Idm8H8,O Segredo Dos Homens Para Evitar Encontros Sem Futuro - Breno Faria e Pietra Bertolazzi,criadores_pt,False,614.0,0
l_eqm613Ouc,IGNOREI OS SINAIS E COMETI O MESMO ERRO,criadores_pt,False,5222.0,0
Iw7ipPJyC4U,O homem faz isso pra validar a história dele de não estar pronto pra um relaciomento sério ☕🚬,criadores_pt,False,3880.0,3
Ju56TZ8aJaU,Como sua mente é manipulada (e você nem percebe),criadores_pt,False,6231.0,-1
l1RkV7QxC0g,"SE UMA MULHER FAZ ISSO , CAI FORA ! MULHER ASSIM ACABA COM A REPUTAÇÃO / BRENO FARIA",criadores_pt,False,3300.0,0
5q5kCXPVZjk,"Nesse corte do podcast Irin Studios, o polêmico Breno Faria (Café com teu Pai) abre o jogo:",criadores_pt,False,988.0,0
s-nZcFbbZv8,O Brasil registra mais de 400mil divórcios por ano ☕🚬,criadores_pt,False,3059.0,-1
nN20A2MDsG8,É só a vida acontecendo ☕🚬,criadores_pt,False,3237.0,3
N2P-cW8Pk-g,A unica privacidade que casal tem é fazer cocô de porta fechada ☕🚬,criadores_pt,False,5880.0,-1
gxsMujalTg4,Video completo no canal ☕🚬,criadores_pt,False,1437.0,-1
JLXBjHXdVyA,POLICIAL QUE DEFENDEU “CAFÉ COM TEU PAI” RESPONDE A PROCESSO POR USO INDEVIDO DAS REDES | PLANTÃO,criadores_pt,False,15553.0,0
W2MTWKWEiEQ,Como consertar um cafajeste ☕🚬,criadores_pt,False,2971.0,3
wBsSxNAqZH0,Video completo no canal,criadores_pt,False,2968.0,3
zKrQKy_UzRc,Eu fui dos 16 até os 30 anos... #cafecomteupai #relacionamentos #ofimdaficada #amulherqueeleassume,criadores_pt,False,4400.0,3
dN1uXSTCVgE,Convites que você nunca deve aceitar de uma mulher que está conhecendo ☕🚬,criadores_pt,False,6654.0,3
L9MpOqk1duQ,Porque mulheres boas se apaixonam por homens ruins,criadores_pt,False,16823.0,0
hRP6f0m6GN8,Café com Teu Pai: Breno Faria pode ser preso? Análise criminal do caso.,criadores_pt,False,230.0,-1
g8OM73Axp1M,Você nunca vai ver uma feminista vindo de familia estruturada ☕🚬,criadores_pt,False,3021.0,3
XQMe1A636S0,O TESTE QUE ELAS SEMPRE FAZEM PRA AVALIAR A MASCULINIDADE DO CARA. PSICOLOGIA FEMININA / BRENO FARIA,criadores_pt,False,40596.0,0
pF0syfEUPP0,Esse é o nosso Brasil #cafecomteupai,criadores_pt,False,4290.0,0
JQtAVzCeVVw,"""ELA ME ACUSOU… E EU QUASE PERDI TUDO""",criadores_pt,False,10089.0,0
4CgF_-ir06E,"Se você entrega tudo pro ficante, ele nunca vai querer ter um relacionamento sério com você ☕️🚬",criadores_pt,False,3249.0,3
D7hBti_Ztsc,POR QUE ELAS SE ILUDEM E SE APAIXONAM TÃO FÁCIL POR HOMEM ASSIM . PSICOLOGIA FEMININA / BRENO FARIA,criadores_pt,False,10071.0,0
QiRPheBWO3E,Pronunciamento 2: Como funciona a mente do ideologista,criadores_pt,False,9036.0,-1
M7KUvFTXKxI,Só assim a MULHER para de ser USADA pelos HOMENS - Breno Faria e Pietra Bertolazzi | #371,criadores_pt,False,58837.0,-1
PEyKud2jhA0,"Se você é um adulto e vive essa vida você não é feliz, só está mentindo pra você mesmo. ☕️🚬",criadores_pt,False,15050.0,-1
vM76KObFf3k,O grande problema da ideologia ☕️🚬,criadores_pt,False,22800.0,3
OWZ9kSFpVR4,Onde a filha chora e o pai lê ☕🚬,criadores_pt,False,3870.0,-1
uYT_vrr9xnQ,CASO CAFÉ COM TEU PAI — PIETRA BERTOLAZZI E BRENO ANALISAM O QUE ACONTECEU!,criadores_pt,False,14643.0,0
woX8Wsyu2Rs,TODO HOMEM PRECISA OUVIR ISSO,criadores_pt,False,2093.0,0
xDe4MrwT-h0,"Primeiro volume, depois qualidade",criadores_pt,False,2899.0,13
OGHlx3a5DGw,"IronTalks ao vivo com Breno Faria, Adrilles Jorge e Dr. Felipe Sestaro",criadores_pt,False,30146.0,0
C93KM62aubk,As pessoas vão te amar e te odiar pelo mesmo motivo ☕🚬,criadores_pt,False,7251.0,3
9aXCB3vWn9g,5 LIÇÕES PARA APLICAR EM 2026,criadores_pt,False,1735.0,0
e5e-fIfa2hY,O CANCELAMENTO DO CAFÉ COM TEU PAI (BRENO FARIA),criadores_pt,False,32734.0,3
YeiIPXVc7D0,BRENO FARIA (CAFÉ COM TEU PAI) DESAFIA TODOS OS H4TERS E CHAMA PRO COMBATE,criadores_pt,False,106.0,0
7uoajkLCkRw,GURU DE MULHERES FOI CANCELADO PELA ANITTA?,criadores_pt,True,8492.0,0
NrvgSFpNN30,Não seja mandona e controladora igual a Hermione ☕🧙‍♂️,criadores_pt,False,5609.0,-1
J-1e9xw1hdU,BRENO FARIA FAZ DECLARAÇÃO OFICIAL,criadores_pt,False,274.0,0
jSiazUxa4Zc,"""Café com teu pai"" é redpill? Breno Faria não pensa exatamente assim...",criadores_pt,False,1297.0,-1
y1OFp7-x8h4,"A CRESCIDA ABSURDA DO PERFIL ""CAFÉ COM TEU PAI"" EXPLICADA POR BRENO FARIA",criadores_pt,False,641.0,-1
CM7GLWhFaqc,"BRENO FARIA ABRE O JOGO SOBRE A AÇÃO DO MP CONTRA O ""CAFÉ COM TEU PAI"" E DEPUTADA DO PSOL ENVOLVIDA!",criadores_pt,False,1137.0,-1
X0RT3e-W74w,Você será julgado pela forma como se veste querendo ou não ☕🚬,criadores_pt,False,8090.0,-1
oXoqmaR4D1A,"BRENO FARIA (CAFÉ COM TEU PAI) | Criador de conteúdo, misógino ou mais uma vítima da censura?",criadores_pt,False,10688.0,0
F84KX_NN-SE,"""ATÉ QUANDO VALE A PENA LUTAR POR UMA FAMÍLIA SOZINHO?""",criadores_pt,False,3772.0,0
msZp0LN-4KU,CAFÉ COM TEU PAI PERDE PERFIL NO INSTA DEPOIS DE BRIGA COM FÃ CLUBE DA ANITTA | PLANTÃO,criadores_pt,False,19572.0,-1
T2jjhogg1pw,ARTHUR DO VAL REAGIU! O que ele pensa sobre o caso BRENO FARIA?,criadores_pt,False,143.0,0
35ViMg82UN8,"Breno Faria volta às redes e acusa ""assassinato de reputação"" após suspensão por misoginia",criadores_pt,False,714.0,0
NQqYXqsSGY0,"Quem defende mulher nessa p*rr4 aqui, sou eu! ☕️🚬",criadores_pt,False,5307.0,3
hvbR_OCukcY,Só fala mal de casamento quem casou mal ☕️🚬,criadores_pt,False,5210.0,3
99TCna7N-t4,3 conselhos do @nicolasgavelino para um pai de primeira viagem #cafecomteupai #paternidade,criadores_pt,False,3754.0,-1
oebSVeeCkSM,TCAR QUER 550 MIL NA BMW I8 THIAGO NIGRO ACHOU UMA PEXINXA #tcar #thiagonigro,criadores_pt,False,19905596.0,0
__X8Oi39c2c,A HISTÓRIA DO REI SALOMÃO (Rodrigo Silva) | PrimoCast 286,criadores_pt,False,6311903.0,0
v_Pr-2qFb20,A HISTÓRIA DE JOSÉ DO EGITO (Rodrigo Silva) | PrimoCast 208,criadores_pt,False,5550882.0,0
bTj5oC9YdtQ,Depois dessa o PRIMO RICO entendeu que o liquido da carne não é sangue. Né @primorico ? Thiago Nigro,criadores_pt,False,9147096.0,-1
FwRw-UruKgE,O PATEK PHILIPPE DE THIAGO NIGRO FOI UM BOM NEGÓCIO? - INSCREVA-SE NO CANAL #Shorts,criadores_pt,False,10432935.0,-1
in0XbfQEm2A,COMO ORGANIZAR SUAS FINANÇAS E GUARDAR DINHEIRO | Planejamento financeiro FÁCIL,criadores_pt,False,4738796.0,-1
CvqE6vATDwA,VENDAS | COMO VENDER MAIS E MELHOR | O Conselho 01,criadores_pt,False,4708199.0,0
5WMmnLo-xTo,A HISTÓRIA DO REI DAVI (Rodrigo Silva) | PrimoCast 276,criadores_pt,True,3794646.0,0
xjNwnIfVKfo,QUANTO RENDE R$ 1.000 NA CAIXINHA DO NUBANK? | VALE A PENA INVESTIR?,criadores_pt,True,3536311.0,0
o_WXG5dTYEs,A HISTÓRIA DE ABRAÃO: O PAI DA FÉ (com Rodrigo Silva) | PrimoCast 316,criadores_pt,False,3382534.0,0
tpOQn-YZ5Ag,COMO GANHAR 1 MILHÃO DE DIVIDENDOS POR ANO (com R$300 por mês)?,criadores_pt,True,3263965.0,0
Ilt9EtsMwhM,A HISTÓRIA DE MOISÉS: DE PRÍNCIPE DO EGITO A LIBERTADOR DE ISRAEL (Rodrigo Silva) | PrimoCast 336,criadores_pt,False,3126217.0,0
dxrBLjhZKxY,"A HISTÓRIA DE JESUS CRISTO, O MESSIAS (Rodrigo Silva) | PrimoCast 301",criadores_pt,False,3124007.0,0
jrx1kIOBDHI,"A HISTÓRIA DE JUDAS ISCARIOTES, O HOMEM QUE TRAIU JESUS (Rodrigo Silva) | PrimoCast 372",criadores_pt,False,2882507.0,0
ABS4ctRXigA,Danilo Gentili não esperava por essa... 😱😱 #danilogentili #sbt #mairacardi #primorico #thiagonigro,criadores_pt,False,3117444.0,-1
UbQVMxPq-Yo,ESTADOS UNIDOS VS IRÃ | O QUE ESTÁ ACONTECENDO? (Brasil vai ser impactado?),criadores_pt,False,2646614.0,-1
UAbC0h86cYc,24 HORAS COM LUIZ BARSI | A ROTINA DO MAIOR INVESTIDOR DO BRASIL,criadores_pt,False,2540634.0,-1
1YXmvcLH6ow,É O FIM DA SONEGAÇÃO DE IMPOSTOS NO BRASIL (O SPLIT PAYMENT CHEGOU...),criadores_pt,False,2141969.0,-1
Gw2HTCcVeVo,3 ANOS DE GOVERNO LULA EM 13 MINUTOS (c/ foco na economia),criadores_pt,True,2179153.0,0
eMDgWLWOX84,COMO MONTAR UMA CARTEIRA DE INVESTIMENTOS PARA INICIANTES (NA PRÁTICA),criadores_pt,True,2085364.0,0
VcHwoDchvBI,COMPREI A CASA DE R$ 40 MILHÕES DO NEYMAR,criadores_pt,True,1888134.0,-1
FaGfW6r71jk,A ECONOMIA DO JAPÃO PODE COLAPSAR O MUNDO (eis o porquê),criadores_pt,False,1893412.0,0
lvafkS0Ugf4,Investir Publicamente - Thiago Nigro,criadores_pt,False,1853270.0,0
T4Z6AyofGYc,LEVEI O TCAR PARA VENDER O CARRO DO LUIZ BARSI (Ele tentou vender uma Porshe pro Barsi),criadores_pt,True,1822817.0,-1
4BmVmSd-frM,A HISTÓRIA DE DANIEL: O PROFETA E A COVA DOS LEÕES (Rodrigo Silva) | PrimoCast 408,criadores_pt,False,1760073.0,0
BQw0Hg3y6o8,Como tudo começou entre Maíra Cardi e Thiago Nigro 👀 #danilogentili #sbt #mairacardi #primorico,criadores_pt,False,1928997.0,-1
kGGRX6Id8Xg,"GANHAR DINHEIRO É PECADO? | Thiago Nigro, Flávio Augusto e Rodrigo Silva Arqueólogo em Jerusalém",criadores_pt,False,1685674.0,-1
f6-Ncx1hMMU,1º MILHÃO | MINHA EXPERIÊNCIA e 7 DICAS pra chegar lá,criadores_pt,False,1627755.0,0
Zx70hRZ4I3c,VALE A PENA FAZER CONSÓRCIO EM 2026? (O que ninguém te conta),criadores_pt,False,1627357.0,0
1X8qMKwChno,A HISTÓRIA DE ADÃO E EVA: O PRIMEIRO PECADO (Rodrigo Silva) | PrimoCast 428,criadores_pt,False,1592050.0,0
MevoYr4fsu0,Entrevista com Thiago Nigro | The Noite (26/06/20),criadores_pt,False,1553710.0,-1
2Fahh4D-f-I,COMO GANHAR DINHEIRO COM O CARTÃO DE CRÉDITO (não faça PIX),criadores_pt,True,1567270.0,0
hShphECYn0I,ONDE ELE INVESTE 4 BILHÕES DE REAIS? (c/ Luiz Barsi) | O MAIOR INVESTIDOR DA BOLSA,criadores_pt,False,1520361.0,-1
bA6yMpDzsWU,SALVANDO AS FINANÇAS DO RICHARD RASMUSSEN (ELE TEM ZERO GUARDADO!),criadores_pt,False,1584517.0,0
599pUgsmhPQ,Maíra Cardi revela ter se casado com Thiago Nigro por interesse! #domingolegal #celsoportioll #sbt,criadores_pt,False,1478490.0,-1
m7uZS4R0Aww,AJUDANDO O MAIOR VENDEDOR DE CARROS DE LUXO DO BRASIL A INVESTIR | (TIAGO T-CAR),criadores_pt,False,1458851.0,-1
PHH-BMCuES0,"A MÁGICA DOS R$9.205,20 VAI MUDAR SUA VIDA (Eu vou te provar!)",criadores_pt,True,1477950.0,0
pCSOUfnQu1M,THIAGO NIGRO QUESTIONA FÉ DE THIAGO FINCH (e recebe resposta) | PrimoCast 257,criadores_pt,True,1287160.0,0
LWzqlBHJ8wc,THIAGO NIGRO (PRIMO RICO) - Flow Podcast #353,criadores_pt,False,1270604.0,0
YHODkOqUwNc,"O SUPER EL NIÑO ESTÁ CHEGANDO | Toda vez que aconteceu, o Brasil quebrou (se prepare)",criadores_pt,False,1284259.0,0
VxKAc5oBeng,POR QUE O BRASIL NÃO QUEBROU... AINDA?,criadores_pt,False,1283412.0,0
NbEoxqJEwTw,"COMO JUNTAR R$7.740,11 COMEÇANDO COM R$20 | Todo mundo consegue",criadores_pt,True,1245777.0,0
fczLMe5DOPI,A BOLHA DA I.A. ESTÁ ESTOURANDO! (E é BEM PIOR do que você imagina),criadores_pt,True,1198438.0,0
pb0oh7Y6c7U,A HISTÓRIA DE RUTE: UMA DAS MAIORES MULHERES DA BÍBLIA (Rodrigo Silva) | PrimoCast 348,criadores_pt,False,1138574.0,0
B0IRXCb6NTM,"A GERAÇÃO QUE NÃO VAI TER CARRO, CASA E NÃO VAI SE APOSENTAR",criadores_pt,False,1185633.0,-1
2_eR7MCVRlQ,A HISTÓRIA DE PAULO | DE PERSEGUIDOR A LÍDER DO CRISTIANISMO (Com Rodrigo Silva) | PrimoCast 462,criadores_pt,True,1086791.0,0
JjO4MyRPv9g,PATEK PHILIPPE: FOI ISSO QUE ACONTECEU COMIGO QUANDO FUI COMPRAR UM RELÓGIO #shorts,criadores_pt,False,1796613.0,-1
Nyms4ooHFYg,O FIM DO BRASIL | A BOMBA-RELÓGIO DAS EMPRESAS BRASILEIRAS (chegamos no limite!),criadores_pt,True,1049526.0,-1
nX5nPjcVP_I,7 DICAS PARA QUEM GANHA POUCO ECONOMIZAR DINHEIRO,criadores_pt,True,1052369.0,-1
hMT1lWP0OvM,Eliana visita Maíra Cardi e Thiago Nigro | Programa Eliana (24/09/23),criadores_pt,False,1009820.0,-1
3ffMyLHiC3o,BARSI REVELA COMO SE APOSENTAR EM 6 ANOS!,criadores_pt,False,1062339.0,-1
ApS_M0eonTY,COMO TIAGO TCAR VAI FATURAR MAIS DE R$100 MILHÕES USANDO O DIGITAL | O Plano Perfeito #4,criadores_pt,True,995776.0,0
IfimX-Ym3A8,O ELON MUSK MENTIU PRA VOCÊ (a verdade por trás da SPACEX),criadores_pt,False,1025641.0,-1
Vfr6ZNWXejo,MAÍRA CARDI E THIAGO NIGRO | PODCATS 4ª TEMP #01,criadores_pt,False,951235.0,0
p1Q508uIiaQ,TESTEMUNHO DO THIAGO NIGRO - O PRIMO RICO - Podcast Jesuscopy,criadores_pt,False,918406.0,-1
748NVPFG0Ow,CARROS DO THIAGO NIGRO #tcar #tcarimportsprimorico,criadores_pt,False,1922237.0,0
szloQieZ248,A BOMBA-RELÓGIO DO BITCOIN | Michael Saylor quebrou sua promessa (é só o começo),criadores_pt,True,919142.0,-1
5gl4hHwfAro,"Se eu quisesse ter meus primeiros R$100 mil investidos, eu faria isso",criadores_pt,True,914361.0,0
qBgK1tRAPzA,COMO INVESTIR COM POUCO DINHEIRO EM 2026 (para iniciantes e não iniciantes),criadores_pt,False,898239.0,0
2MDCWqgT0pM,A HISTÓRIA DE ELIAS: O PROFETA DO FOGO (Com Rodrigo Silva) | PrimoCast 481,criadores_pt,False,895295.0,0
DvsLXKSwNuE,MELHORES INVESTIMENTOS PARA FICAR RICO COM 100 REAIS,criadores_pt,False,938062.0,0
dgqAHfvcPYs,POR QUE O DÓLAR ESTÁ CAINDO TANTO? (vai cair ainda mais?),criadores_pt,True,825835.0,-1
Y-uClOP5d7Q,A CASA DE 80 MILHÕES DE THIAGO NIGRO O PRIMO RICO,criadores_pt,True,862800.0,-1
f2iYi2DkSw0,FUI CONHECER E TENTAR VENDER UMA PORSCHE PRO BILIONÁRIO LUIZ BARSI,criadores_pt,True,829327.0,-1
-xn9sHtQBs0,QUANTO RENDEU A CARTEIRA DO BRINO EM 5 MESES? GANHOU ou PERDEU dinheiro?,criadores_pt,False,812530.0,0
p2zBlahf-sA,JUNTAR R$ 100 MIL VAI MUDAR SUA VIDA PRA SEMPRE,criadores_pt,True,819429.0,4
SBZMSMMPscQ,VISITEI A CASA DO BRUNO PERINI | Ele pagou 7M e hoje vale...,criadores_pt,False,795599.0,0
zUYYBCQAilA,COMO GANHAR DINHEIRO ONLINE | Guia Completo com Passo a Passo e Cases Reais,criadores_pt,False,788190.0,0
XtNDaFIb93Y,AJUDANDO A CELA A INVESTIR | Ela é a MAIOR HERDEIRA DO BRASIL?,criadores_pt,True,813452.0,0
uDWxuzxzuuQ,"DA ÚLTIMA VEZ QUE ISSO ACONTECEU, PESSOAS COMUNS FICARAM MILIONÁRIAS",criadores_pt,False,777911.0,-1
wBohSlq8p6w,"SE PREPARE, TUDO VAI FICAR MAIS CARO (de quem é a culpa?)",criadores_pt,False,763336.0,-1
4ZDthkgb8sc,TAIWAN PODE CAUSAR A TERCEIRA GUERRA MUNDIAL (Antes que você imagina),criadores_pt,False,759902.0,-1
7aYMkwgRRn0,TCAR BATEU R$ 1 MILHÃO INVESTIDOS | Comprei um carro dele?,criadores_pt,True,760313.0,-1
oihjrqYwKvw,POR QUE OS BANCOS ODEIAM QUEM TEM R$ 21.912 GUARDADOS (esse é o segredo…),criadores_pt,True,799345.0,-1
ik0axJfoF5s,A HISTÓRIA DE JOSUÉ: O LÍDER QUE CONQUISTOU A TERRA PROMETIDA (Com Rodrigo Silva) | PrimoCast 500,criadores_pt,False,740086.0,0
NjHoE_zLpXY,7 SINAIS DE QUE VOCÊ VAI FICAR RICO (mesmo que não pareça agora),criadores_pt,True,725767.0,-1
qKyWfL9QgGs,6 DICAS PARA JUNTAR OS SEUS PRIMEIROS R$ 100 MIL (passo a passo),criadores_pt,True,688137.0,0
3SIoDoFDPG4,24 HORAS COM THIAGO NIGRO | COMO É A ROTINA DO PRIMO RICO,criadores_pt,False,675115.0,-1
lc-A_Cd_OyU,AJUDANDO O CEROL A INVESTIR (quanto dinheiro ele realmente tem?),criadores_pt,False,742997.0,0
nkONw0gjmiY,QUANTO RENDE CAIXINHA NUBANK E PORQUINHO INTER | TESTEI 40 MIL REAIS NA PRÁTICA,criadores_pt,True,662746.0,-1
EAB6_W2FcDE,AJUDANDO O CARIANI A INVESTIR | Quanto dinheiro ele tem?,criadores_pt,True,653783.0,0
NMGmeNwj4lo,18 MINUTOS DE CONSELHOS BRUTALMENTE HONESTOS SOBRE INVESTIMENTOS (C/ LUIZ BARSI),criadores_pt,True,742215.0,-1
kSY2YHSLBCw,PAGAR NO CARTÃO DE CRÉDITO OU DÉBITO? | COMO USAR SEU CARTÃO DA FORMA CORRETA,criadores_pt,False,653831.0,0
vqaqYUDeAlY,MONTEI A CARTEIRA DE INVESTIMENTOS DO RENATO CARIANI | Vai Render Quanto?,criadores_pt,False,646042.0,-1
tjrTLC195_w,A HISTÓRIA DE SANSÃO E DALILA | SANSÃO O HOMEM MAIS FORTE DA BÍBLIA (Rodrigo Silva) | PrimoCast 444,criadores_pt,False,647682.0,0
HEFngcQ3mSA,FIQUE RICO COM AS ELEIÇÕES EM 2026 | Onde investir durante a CRISE?,criadores_pt,False,629277.0,-1
fExg-yjnO1s,O FIM do casamento de Maíra Cardi e Thiago Nigro?,criadores_pt,False,607964.0,0
s9Xw5PmwIeU,FUI ATÉ O ESCRITÓRIO DO BTG ABRIR UMA CONTA (E investir R$1 MILHÃO num fundo),criadores_pt,True,605572.0,-1
EA2aFfOXPA8,Como funciona a economia em menos de 15 minutos,criadores_pt,False,622977.0,0
EzbVasyImdU,AJUDANDO NETÃO BOM BEEF A INVESTIR | Empresa vale mais de R$100 milhões,criadores_pt,True,595778.0,0
7pw1Ct3LAec,4 MANEIRAS DE FAZER RENDA EXTRA SEM SAIR DE CASA EM 2026,criadores_pt,False,591693.0,0
cHe5ZUbM3NU,COMO MONTAR UMA CARTEIRA DE DIVIDENDOS PARA VIVER DE RENDA,criadores_pt,False,583769.0,0
j1ATvGZ7CK8,LUIZ BARSI: A ENTREVISTA MAIS SINCERA QUE VOCÊ VAI VER,criadores_pt,False,589754.0,-1
fm-fnL8PMh8,COMPRAR À VISTA OU PARCELADO (como usar o seu dinheiro da forma correta),criadores_pt,False,602211.0,0
6WqR-AMr8Vw,COMO VENDER ABSOLUTAMENTE QUALQUER COISA PARA QUALQUER UM,criadores_pt,False,563850.0,0
qKX3HWMc_0U,Entrevista com Maíra Cardi e Thiago Nigro | The Noite (12/06/23),criadores_pt,False,529259.0,0
KhIrMKcH6PA,VOCÊ ENTENDEU A BÍBLIA ERRADO (E NÓS VAMOS TE PROVAR) | com WJ | PrimoCast 515,criadores_pt,False,578699.0,0
wxXpdPSTeGI,"ANTES DE INVESTIR R$ 100 MILHÕES, PRECISEI FAZER ISSO | Não seja um escravo do seu dinheiro",criadores_pt,True,520466.0,0
59UHpFigDxs,A HISTÓRIA DE JACÓ: O HOMEM QUE LUTOU COM DEUS (Com Rodrigo Silva) | PrimoCast 516,criadores_pt,True,546435.0,0
qq04tKJan-0,COMO DOBRAR O SEU DINHEIRO DORMINDO | A REGRA DOS 72,criadores_pt,False,515958.0,-1
9X_FyFd_5Ao,PRIMO RICO (THIAGO NIGRO) VAI COMPRAR UM CARRO NA TCAR? #2,criadores_pt,False,499654.0,0
azYcqCmGpbw,MEU DEUS! A SITUAÇÃO DO THIAGO NIGRO É PIOR DO QUE IMAGINÁVAMOS,criadores_pt,False,499117.0,0
uICFFuWKg_s,Como abrir um negócio e sair da CLT em 14 MINUTOS (5 passos),criadores_pt,False,504051.0,0
E5JbattVnjs,Por Que POUCAS Pessoas Mudam de Vida? (THIAGO NIGRO) | JOTA JOTA PODCAST #265,criadores_pt,False,498565.0,0
Id4VU3vBHEM,COMO IR DO MIL AO MILHÃO | Planejamento financeiro FÁCIL,criadores_pt,False,485569.0,0
ocMwv6izo98,O MAIOR EDUCADOR FINANCEIRO DO MUNDO (Thiago Nigro - O Primo Rico) | JOTA JOTA PODCAST #018,criadores_pt,True,481471.0,-1
xL1FUlnyc70,3 MELHORES FUNDOS IMOBILIÁRIOS PARA 2023 #thiagonigro #primorico #fiis,criadores_pt,True,486011.0,0
QG0J4jlDDwI,COMPREI O CHARIZARD MAIS CARO DO MUNDO POR 4 MILHÕES DE REAIS!,criadores_pt,False,481485.0,-1
O92gsfPP6i4,FIZ UM PIX DE R$1 MILHÃO PRO MEU TIME (e eles fizeram isso…),criadores_pt,True,475777.0,0
j4r5iHsbhIA,TESOURO RESERVA | O RIVAL DAS CAIXINHAS DO NUBANK CHEGOU,criadores_pt,True,474590.0,0
h5jiPzasg_g,A MAIOR TRANSFERÊNCIA DE RIQUEZA DA HISTÓRIA COMEÇOU (se prepare),criadores_pt,True,471165.0,-1
9d-iSF6cyYs,AJUDANDO O RODRIGO PANTERA A INVESTIR (vai ficar RICO de verdade?),criadores_pt,True,468154.0,0
3NGOkZ9wcS4,O OURO ESTÁ PREVENDO UMA GRANDE CRISE | Prepare-se.,criadores_pt,False,454973.0,-1
6TjcQwKgeDY,O PATEK PHILIPPE DO THIAGO NIGRO - INSCREVA-SE NO CANAL #shorts,criadores_pt,False,496358.0,-1
fgsdGmD-8pc,RESPOSTA - Thiago Nigro (PRIMO RICO) x MESTRES DO CAPITALISMO,criadores_pt,False,447928.0,-1
KNXcaCLSDTQ,HÁBITOS DE MILIONÁRIOS: O QUE RICOS FAZEM PARA TER SUCESSO? (Flávio Augusto e Thiago Nigro) | 230,criadores_pt,False,448762.0,0
8MlnXmME0N8,Maíra Cardi dispara em relação a divisão de bens com Thiago Nigro,criadores_pt,False,448675.0,0
ZM460bF8kic,VISITANDO O ESCRITÓRIO DA XP INVESTIMENTOS | Eles gastaram R$170 MILHÕES para fazer!,criadores_pt,True,453364.0,0
pk6b-sO-sdM,COMO INVESTIR EM CDB (AULA COMPLETA PARA INICIANTES),criadores_pt,False,482262.0,-1
WuYrqpTV2dg,COMO FAZER A CAIXINHA DO NUBANK RENDER MAIS (5 passos!),criadores_pt,False,459545.0,0
RKxfClN2Rus,"ELA INVESTE EM GADO, CAVALO E TERRAS! | AJUDANDO A CHEF JU LIMA A INVESTIR",criadores_pt,False,432828.0,0
J6XfvkZAhM8,"ANALISEI TODAS AS CRISES DOS ÚLTIMOS 400 ANOS, E ISSO SEMPRE ACONTECE...",criadores_pt,False,462722.0,0
hz0dvsG-5c4,PRIMO RICO GASTOU MAIS DE 2 MILHÕES EM PISO NA SUA CASA! #renatocariani #juliobalestrin #thiagonigro,criadores_pt,False,808417.0,-1
ZdZGlLF6HM8,MONTE UMA CARTEIRA DE AÇÕES PARA RECEBER DIVIDENDOS TODOS OS MESES,criadores_pt,False,431796.0,0
AZRkt4euXlo,AJUDANDO O MELHOR LUTADOR DE JIU-JITSU DO MUNDO A INVESTIR (MICA GALVÃO),criadores_pt,False,431665.0,0
zKCVu9Gxbpk,O NETÃO CONSEGUIU INVESTIR R$ 10 MILHÕES? | Fui na casa dele ver quanto a carteira rendeu,criadores_pt,True,449768.0,0
g_1Ok2JRcz0,O BANCO DO BRASIL VAI QUEBRAR? #shorts,criadores_pt,False,589565.0,-1
gOuYvRw5kE4,COMO MONTAR UMA CARTEIRA DE FUNDOS IMOBILIÁRIOS (COM R$1.000),criadores_pt,True,420990.0,0
t5ZJxacH9Q8,"O PODER DA PERSUASÃO (com Thiago Nigro, Junior Neves e Juvenal Valentim) | Os Sócios Podcast #60",criadores_pt,False,395547.0,-1
lUUVz9_ClsA,"Eu tenho 34 anos. Se você tem 20 e poucos, ASSISTA ESSE VÍDEO!",criadores_pt,False,392240.0,0
TF_OCf8Mh6k,25 LIVROS QUE VOCÊ PRECISA LER EM 2025!,criadores_pt,False,390133.0,-1
SNFFHqWerf8,THIAGO NIGRO (O PRIMO RICO) - Inteligência Ltda. Podcast #184,criadores_pt,False,380824.0,0
ywhqpQWjYSM,MAÍRA CARDI & THIAGO NIGRO - PODDELAS PODCAST SHOW #452,criadores_pt,False,379265.0,-1
4L5TpgqNytw,COMO GANHAR R$3.634 TODOS OS MESES COM FIIs (sem trabalhar),criadores_pt,True,404567.0,0
MncxyFxaoG0,LEVEI 5 MILIONÁRIOS PRA CONHECER O WILL SMITH (deu nisso…),criadores_pt,False,423580.0,0
4WBadlbEJw0,TCAR APRENDEU COM THIAGO NIGRO COMO COMPRAR RELÓGIO DE 1 MILHÃO FORA DO BRASIL #tcar #primorico,criadores_pt,False,686010.0,-1
6eoEKKYg7hA,COPIEI AS AÇÕES DO BARSI (o resultado foi absurdo!),criadores_pt,False,386476.0,0
LDHtOcEQ2b4,AJUDANDO O DORIVAL JÚNIOR A INVESTIR | COMO INVESTE UM DOS TÉCNICOS MAIS VENCEDORES DO BRASIL,criadores_pt,False,372434.0,0
EAzfr09heQQ,COMO OS PRIMOS AGRO VÃO SAIR DE R$10 MILHÕES PARA R$60 MILHÕES DE FATURAMENTO | PLANO PERFEITO #7,criadores_pt,True,368423.0,0
VRbQJvfTSuY,A SITUAÇÃO DE THIAGO NIGRO ESTÁ FICANDO PREOCUPANTE,criadores_pt,False,363528.0,-1
0eaS0IB3sDs,COMO AUMENTAR O LIMITE DO CARTÃO DO NUBANK EM 2026 (consiga ainda hoje),criadores_pt,False,361652.0,0
5EiF4pfE08M,NINGUÉM PODE CONSERTAR O BRASIL (nem mesmo a Selic),criadores_pt,False,353166.0,0
4N1CF5wwTD0,3 MELHORES FUNDOS IMOBILIÁRIOS PARA 2026 | INVISTA com POUCO dinheiro,criadores_pt,False,351454.0,-1
jNj5o9ppSO4,CARIANI NÃO GOSTOU DO RESULTADO DOS INVESTIMENTOS? | Vai GANHAR MUITO dinheiro em 2026?,criadores_pt,False,346737.0,0
lC4II4vWlW0,AJUDANDO ÍDOLO DO PALMEIRAS A INVESTIR! | Como o RAPHAEL VEIGA cuida do dinheiro?,criadores_pt,False,371319.0,0
odXLHLztF6Q,FERRARI PUROSANGUE OU LAMBORGHINI URUS! THIAGO NIGRO JÁ ESCOLHEU A MELHOR #ferrari #lamborghini,criadores_pt,False,607716.0,0
sVJwwQt5QtU,THIAGO NIGRO FALA DO SEU PATEK PHILIPPE | PrimoCast 326,criadores_pt,False,325281.0,-1
v5ZIT2T1IPA,TCAR GOSTOU DA CARTINHA DO MICKEY DO THIAGO NIGRO #tcar #tcarimports #thiagonigro,criadores_pt,False,543314.0,0
mRmKuWjN7KY,URGENTE! TAXA SELIC CAIU PARA 14% | O BRASIL ESTÁ MELHORANDO?,criadores_pt,False,320680.0,0
xXkgSgiXT9k,Maíra Cardi MUDOU TODO o guarda roupa do Thiago Nigro,criadores_pt,False,519645.0,0
76kGbEqP3gw,O NOVO ESCRITÓRIO DE R$ 5 MILHÕES DO GRUPO PRIMO | Tour na Faria Lima,criadores_pt,True,315646.0,0
_Qc9r8j7YAI,COMPRAR IMÓVEL OU MORAR DE ALUGUEL | QUAL VALE MAIS A PENA?,criadores_pt,False,316956.0,0
VqbEB58-Z74,SEJA PARCEIRO DE GRANDES NEGÓCIOS (e não dono de pequenos negócios),criadores_pt,False,318405.0,0
cmNLbBJeIAk,A Situação do Thiago Nigro Não Para de Piorar (Pra ele!),criadores_pt,False,312942.0,-1
OIauH7pa0LI,THIAGO NIGRO CONTA PARA TCAR O VALOR ABSURDO DA REFORMA DE SUA CASA #tcar #primorico,criadores_pt,False,572685.0,-1
keWSH0bMbng,Maíra Cardi expõe a ex do noivo Thiago Nigro #maíracardi #thiagonigro #primorico #fofoca #famosos,criadores_pt,False,358059.0,0
TbRUqvCshwk,Maíra Cardi expõe segredos de ex esposa de Thiago Nigro,criadores_pt,False,364614.0,0
sEhIEsW2Ft0,COMO INVESTIR IGUAL A MIM USANDO INTELIGÊNCIA ARTIFICIAL,criadores_pt,False,288957.0,0
fEp2ANi7dXk,"SE VOCÊ NÃO ENTENDE RENDA FIXA, VOCÊ NÃO ENTENDE DINHEIRO",criadores_pt,True,299808.0,-1
9QHhs09wWhc,THIAGO NIGRO (PRIMO RICO) VAI COMPRAR A FERRARI PURO SANGUE?,criadores_pt,False,276878.0,0
LOu50egypys,TCAR VAI VENDER A LOJA E INVESTIR COM O BILIONÁRIO BARSI #tcar #tcarimports #thiagonigro,criadores_pt,False,464754.0,0
Q9GoULmu3OY,"QUAL CARTEIRA DE INVESTIMENTOS EU TERIA COM R$1.000, R$10.000 e R$100.000",criadores_pt,True,281365.0,0
HU49kSZccHw,THIAGO NIGRO E MAÍRA CARDI - Inteligência Ltda. Podcast #1181,criadores_pt,True,271625.0,-1
FjsCrpvVjyo,HAMBURGUERIA FATURA R$150 MILHÕES (Mas não sobra NADA de LUCRO) | Plano Perfeito #8,criadores_pt,True,288059.0,0
m05vxHTAuaI,"TAXA SELIC EM 14,50% | O Brasil é o melhor país pra investir no mundo?",criadores_pt,True,259062.0,-1
g4mrR6QOAws,"MÁS NOTÍCIAS, THIAGO NIGRO SE REÚNE COM CARIANI !!!",criadores_pt,False,254997.0,0
q6ig7rl0Q5U,"DEPOIS DE LER 137 LIVROS DE FINANÇAS, ISSO É O QUE TE FARÁ RICO!",criadores_pt,True,244199.0,-1
OsyC_KLnTdc,VOCÊ FOI PROGRAMADO PRA SER POBRE (e eu vou te provar),criadores_pt,False,235880.0,4
3-5Ujc5dyhE,COMO GANHAR MUITO DINHEIRO COM RENDA FIXA EM 2027 | Marcação a Mercado no TESOURO DIRETO,criadores_pt,True,222887.0,0
S9Dpgi7XvZY,Thiago Nigro: Me Senti HUMILHADO na Patek Philippe! | React Primocast,criadores_pt,False,216072.0,0
2fq46Bm49bA,RICARDO VENTURA FALA SOBRE CASAMENTO DE MAÍRA CARDI E THIAGO NIGRO,criadores_pt,True,214916.0,-1
mETmCOzd4V8,MAÍRA CARDI E THIAGO NIGRO VÃO SE SEPARAR ?,criadores_pt,False,216108.0,-1
YvMnYPuYPik,O MÉTODO DE THIAGO NIGRO PARA INVESTIR R$ 700 (OU R$ 7 MILHÕES) | Rumo ao Bilhão 65 - PARTE 1,criadores_pt,True,210817.0,0
68g2anwRysY,"Ex de Thiago Nigro, o Primo Rico, manda indireta após Maíra Cardi ser pedida em casamento - #shorts",criadores_pt,False,214564.0,0
QnQPHvSx9X0,VOCÊ NUNCA FICARÁ MILIONÁRIO! (com Thiago Nigro e Murilo Duarte) | Os Sócios Podcast #105,criadores_pt,False,204601.0,0
R2NiLXTvk4s,COMO MONTAR UMA CARTEIRA DE INVESTIMENTOS PARA INICIANTES (simples e rápido),criadores_pt,False,216499.0,0
Q73QazSxHI4,Thiago Nigro (Primo Rico) com seu novo Patek de 300 mil reais 🔥💰 Inscreva-se ⬆️,criadores_pt,True,283226.0,-1
m7NlAkJxr5Y,''O FIM DO CASAMENTO DE MAÍRA CARDI E THIAGO NIGRO'',criadores_pt,False,606921.0,-1
4hmfNEvbfkc,COMO É SER RICO NO BRASIL / FODCAST FEAT THIAGO NIGRO #Shorts,criadores_pt,False,190140.0,-1
6qS6OdoLFa4,Thiago Nigro emagreceu 23KG no meu programa,criadores_pt,False,205078.0,0
KTvtJUyQ8I8,THIAGO NIGRO MOSTRA PELA PRIMEIRA VEZ SEU PATEK PHILIPPE | PrimoCast 350,criadores_pt,False,189797.0,-1
oeFkjKryYNU,ULTRA BLACK FRIDAY INFINITA FOI UM FRACASSO,criadores_pt,False,188635.0,-1
bceKmEw18Qc,A Casa da Maíra Cardi e Primo Rico Dá Mais Lucro Quando Dá Prejuízo,criadores_pt,False,194843.0,0
2oDS3LtjIhM,POR QUE NEM TODO MUNDO VAI FICAR RICO INVESTINDO (juros compostos é uma farsa?),criadores_pt,True,191609.0,-1
vHR9KayWYE8,A VERDADE SOBRE O DINHEIRO DA CHEF JU LIMA | Ela me pediu ajuda pra investir...,criadores_pt,False,139958.0,0
it9_oP4nJyo,O Que Ninguém Ensina Sobre Dinheiro,criadores_pt,True,137139.0,0
U9cgMXr0dZs,Como Mudar de Vida com Conselhos Certos | Thiago Nigro no Brunetcast,criadores_pt,False,118244.0,-1
3tAidsfRFwQ,OS 7 PILARES DE UM NEGÓCIO DE SUCESSO (ft. THIAGO NIGRO E CARLOS BUSCH) | Os Sócios Podcast 124,criadores_pt,False,116098.0,0
rS_krLK70zI,Quem vai vestir a Casa da Maíra Cardi de do Thiago Nigro? #shorts,criadores_pt,False,205808.0,0
JdL6am8v3FI,“Vergonha alheia”: Internautas detonam troca de votos de Maíra Cardi e Thiago Nigro em casamento.,criadores_pt,False,121357.0,0
h562skhrXm4,"A pequena Eloáh, filha de Maíra Cardi e Thiago Nigro, já está conquistando a internet!",criadores_pt,False,368082.0,0
5nVofpKLz6s,EMPRESA DE SUPLEMENTOS FATURA R$300 MILHÕES (mas não consegue mais crescer) | Plano Perfeito #10,criadores_pt,True,114406.0,0
RAjuFXRzNoE,COMO MUDAR DE VIDA EM 5 ANOS (THIAGO NIGRO) | PrimoCast 307,criadores_pt,False,105349.0,-1
ZCdsRQcP0k4,o casamento da maira cardi e thiago nigro chegando ao fim,criadores_pt,False,106646.0,0
sZeOOyTTFq4,COMO É A CABEÇA DE QUEM NÃO PODE ERRAR FINANCEIRAMENTE? FT. PRIMO RICO | #ACHISMOS PODCAST #427,criadores_pt,False,110764.0,0
-PiUnFEf0vw,TCAR EXPLICA PARA THIAGO NIGRO QUAIS OS CARROS DOS RICO DE VERDADE #tcar #vendas,criadores_pt,False,189997.0,0
PfE0kq64cUo,O HOMEM QUE COMPROU O TEMPO (Thiago Nigro) | Os Sócios 238,criadores_pt,False,100541.0,-1
CJhfS6tDA70,CORRETOR DAS ESTRELAS FATURA MAIS DE R$15 MILHÕES (Mas não consegue ESCALAR) | Plano Perfeito 09,criadores_pt,True,99843.0,0
cxsAotcndIc,A BIZARRA RELAÇÃO DE MAÍRA CARDI E THIAGO NIGRO,criadores_pt,False,98141.0,0
vfyp4uu4Yks,POR QUE O ATEÍSMO NÃO FAZ O MENOR SENTIDO? (com Tassos Lycurgo) | PrimoCast 525,criadores_pt,False,107771.0,0
I-IvtQs64nQ,"COMO GANHAR DINHEIRO NA INTERNET (Thiago Nigro, Erico Rocha e Leandro Ladeira) | Os Sócios 263",criadores_pt,False,93958.0,0
Zg3XOaC1Jfo,VIREI SÓCIO DO PRIMO RICO (Thiago Nigro) | Entenda o motivo,criadores_pt,True,90820.0,-1
rXYz77H6mms,MAÍRA FALA SOBRE EX DE THIAGO NIGRO!,criadores_pt,False,90427.0,-1
lpMivlBLkcA,COMO THIAGO NIGRO VIROU SÓCIO DE GUILHERME BENCHIMOL,criadores_pt,False,90218.0,0
YI8IeDXKc0g,COMO THIAGO NIGRO FICOU MILIONÁRIO ANTES DO PRIMO RICO | PrimoCast 251,criadores_pt,False,84282.0,0
8hukcqtN_T8,O DIA QUE THIAGO NIGRO MOSTROU SEU PATEK PHILIPPE PELA PRIMEIRA VEZ - INSCREVA-SE NO CANAL #Shorts,criadores_pt,False,135795.0,-1
lyldk_VBIh4,RUYTER FALA SOBRE SEU FATURAMENTO BILIONÁRIO E CHOCA THIAGO NIGRO DO PRIMOCAST,criadores_pt,False,82605.0,-1
FUoIyPYAsbs,VISITANDO O MAIOR ESCRITÓRIO CRIPTO DA FARIA LIMA (A exchange de R$170 bilhões),criadores_pt,True,86163.0,-1
nfJB3QVLEKI,TCAR REVELA QUE MULHER DO THIAGO NIGRO PROÍBE ELE DE TOMAR COCA COLA #tcar #tcarimports #vendas,criadores_pt,False,158343.0,0
4udFQ4i3jDg,THIAGO NIGRO SOFRE DA SÍNDROME DO IMPOSTOR?,criadores_pt,False,81089.0,-1
EKD7NmCmb8g,DESCUBRA QUAL É O CARRO DOS SONHOS DO PRIMO RICO #tcar #thiagonigro,criadores_pt,False,149610.0,0
VN71_YyKkhA,VALORIZOU MAIS QUE AÇÃO (Cartas de Pokemon) #fyp #shorts,criadores_pt,False,132394.0,-1
SXkxbFUx9N4,O MÉTODO PRÁTICO PARA VENCER NA VIDA (com Tiago Brunet) | PrimoCast 514,criadores_pt,False,80266.0,-1
im0lOBzrPoo,"Maíra Cardi proíbe açúcar e revela regra para Thiago Nigro ""Faz o que quiser fora da minha casa""",criadores_pt,False,140573.0,-1
mZVu4IcS9QE,MAÍRA CARDI PROIBIU THIAGO NIGRO DE TOMAR COCA-COLA | Não Minta Pra Mim #686,criadores_pt,False,71335.0,0
2F9m7LkYWsI,Thiago Nigro presenteia Flávio Augusto com Rolex🚨,criadores_pt,False,124970.0,-1
6ZJ99nXcfH0,QUANDO THIAGO NIGRO FICOU RICO?,criadores_pt,False,66591.0,-1
6FWHRZt1rtI,Thiago ficou bravo com a privada de R$80.000. #mairacardi #gravidez #bemestar #casal #arquitetura,criadores_pt,True,110375.0,0
8KDvZsseO6o,"CHEGUEI AO PRIMEIRO MILHÃO, E AGORA? (Thiago Nigro e Flávio Augusto explicam) | Os Sócios 230",criadores_pt,False,63661.0,0
9T4H0evmf2s,COMPREI R$ 50 EM BITCOIN NA PRÁTICA | Como investir em Bitcoin do ZERO!,criadores_pt,True,69700.0,-1
emBUxpV6wgs,Veja o que a ex de Thiago Nigro disse sobre comparação que fizeram,criadores_pt,False,63327.0,0
EEH1-U2Sjm8,COMO ALAVANCAR SEU NEGÓCIO E FATURAR MILHÕES (Com THIAGO NIGRO) | Os Sócios Podcast 141,criadores_pt,False,62042.0,-1
nOcfUKB6npw,"Maíra Cardi pede anel para Thiago Nigro: ""Só 1,6 milhão""",criadores_pt,True,73379.0,-1
xaIp7LXabxM,Palestra Thiago Nigro | Investimento Familiar (FINDAY 2023),criadores_pt,False,61930.0,-1
x4Tld5VL9sM,PONDÉ E THIAGO NIGRO DISCUTEM SOBRE LIVROS DE AUTOAJUDA | PrimoCast 295,criadores_pt,False,59798.0,-1
6nOewFgXIy4,Thiago Nigro Alavancagem Otimizada com Consórcio,criadores_pt,False,159223.0,0
rky9qBpHAJ0,FAÇA ISSO E VEJA SEU FATURAMENTO EXPLODIR (em menos de 18 minutos),criadores_pt,False,70220.0,-1
w4CQ9iItGEA,INVESTINDO O DINHEIRO DO MAIOR DONO DE ACADEMIAS DO BRASIL (ele me pediu ajuda),criadores_pt,False,69415.0,0
O1A_4874Qqc,TCAR FOI VISITAR THIAGO NIGRO E FALAR SOBRE RESENHA DO BARSI #tcar #tcarimports #barsi,criadores_pt,False,96594.0,0
6f6376oJX3g,um resumo da treta do relacionamento de mayra cardi e thiago nigro,criadores_pt,False,58020.0,0
YwipFkIsGRc,NETÃO ENSINOU O THIAGO NIGRO A FAZER CHURRASCO - NETÃO BOM BEEF,criadores_pt,False,58524.0,0
ONsWQyelYbg,Thiago Nigro fala sobre o livro MAIS ESPERTO QUE O DIABO no Flow (canal de podcast),criadores_pt,True,56907.0,-1
TQ8r0neh9Ts,prioridades familia de família | Maíra Cardi e Thiago Nigro,criadores_pt,False,68792.0,0
tRGBR5UX55I,GANHAR DINHEIRO É PECADO? | CORTES DA VIDA REAL | INTELIGÊNCIA LTDA | THIAGO NIGRO,criadores_pt,False,52214.0,-1
05Uoxk2kUBA,COMO É SER PAI DE MENINA #mairacardi #thiagonigro #eloah,criadores_pt,False,80821.0,0
wK6slAgjz2c,Thiago Nigro “Primo Rico” anuncia fim do casamento com Camila Ferreira,criadores_pt,False,51473.0,0
02vas7O0xA0,Split Payment: a nova ferramenta que pode mudar a arrecadação de impostos no Brasil,criadores_pt,False,86478.0,-1
WThTCL7GwLU,O Que Thiago Nigro e Camila Ferreira Pensam Sobre o Futuro,criadores_pt,True,49490.0,-1
xsGhbsAlAAg,Academia da obra esta pronta. #MairaCardi #ThiagoNigro #Obra #Academia #Fitness,criadores_pt,False,49034.0,0
nGfAy0ZR6k0,TCAR AGORA VAI VENDER DENZA PAR THIAGO NIGRO #tcar #tcarimports #thiagonigro,criadores_pt,False,96445.0,-1
rEQ2Q5mqL_c,"Gurus Vendendo Curso juntos VALE A PENA? | Thiago Nigro, Erico Rocha, Leandro Ladeira e Perini",criadores_pt,False,49105.0,-1
EHNn63Vm2To,THIAGO NIGRO (PRIMO RICO) CHEGOU DE HELICÓPTERO NO DREAM CAR EM SÃO ROQUE - SERÁ QUE FUI CONVENCIDO?,criadores_pt,False,45886.0,-1
Lt4O_JoezI8,VOCÊ PREFERE UMA G63 NA GARAGEM OU UM PIKACHU ILLUSTRATOR | O QUE O TCAR ESCOLHEU? 👀,criadores_pt,False,101564.0,3
3HyuudTAZa4,THIAGO NIGRO (PRIMO RICO) O VALOR DO DINHEIRO ! #primorico #rico #thiago #motivacional #shorts,criadores_pt,False,44238.0,-1
uJp1nYwY7nc,VEREDITO FINAL Obra esta cheia de GOTEIRAS ja resolveu ! #MairaCardi #ThiagoNigro #Obra #Reforma,criadores_pt,False,43700.0,-1
I4_Jiyrsv54,História do 1° RELÓGIO do THIAGO NIGRO 🤌 Um Bulova Classic 🔥 #primorico #thiagonigro #relogios,criadores_pt,True,48620.0,-1
ebQ98JPogs0,as ideia desse cara kkkkkkkkkkkkk,criadores_pt,False,5417100.0,-1
MM_PYyXsnrg,gabriel breier mim destruiu,criadores_pt,False,1752073.0,0
uc4Y0mZ7_VA,ouvindo os conselhos do maior ALFA da historia,criadores_pt,False,1567634.0,-1
TxEgETiG3Gg,BREIER VS BAKI No circuito de Calistenia!,criadores_pt,False,1473157.0,-1
37hDo9ohkwY,GABRIEL BREIER | WOMEN DON'T LIKE ROMANTIC MEN!#shorts,criadores_pt,False,1100983.0,0
RiFyCm9ZWuA,"GABRIEL BREIER, WHAT IS YOUR HEIGHT? #shorts",criadores_pt,False,1086725.0,0
HfI0_T-SPxw,analisando o filme do gabriel breier,criadores_pt,False,1016858.0,0
X761RSjtiB8,super xandao vs gabriel breier,criadores_pt,False,940384.0,0
hB7lRyWLY8s,O macho alfa Gabriel Braier ensina como pegar mulher na praia,criadores_pt,False,939679.0,0
RaAhwV6n3us,as mitadas de gabriel breier,criadores_pt,False,861276.0,0
FACTUTg9BYY,resposta do gabriel breier pro mitinho,criadores_pt,False,850713.0,0
sdCu7M5NxXI,GABRIEL BREIER DEBATE FILOSÓFICO! #shorts,criadores_pt,False,713051.0,0
qasAqTea4Jk,A mulher que humilhou o Gabriel Breier ao vivo 😂 #livestreaming #pegador #aparência,criadores_pt,False,711189.0,0
nMJPZmZ3Mjg,CARAS BONITOS COM OS MESMOS PROBLEMAS DOS BETAS... | Gabriel Breier RedCast #shorts #redpill,criadores_pt,False,596041.0,0
MHU0Z_IX1bI,GABRIEL BREIER | 15 ANOS E 17 CM É BOM ?#shorts,criadores_pt,False,546552.0,0
B_WgANhzuAs,O QUE O BREIER ACHA DO XANDÃO? #xandao #superxandao #breier #gabrielbreier #entretenimento #shorts,criadores_pt,False,441412.0,-1
cna2-xltUMA,GABRIEL BREIER O QUE ACHA DO TRÁFEGO PAGO ?#shorts,criadores_pt,False,540222.0,0
zASxhlg7Z9I,FESTA OU IGREJA? [Gabriel Breier]#shorts,criadores_pt,False,454682.0,0
HZ3FyaEM1Zs,GABRIEL BREIER PEGARIA UMA GORDA ?#shorts,criadores_pt,False,438757.0,0
g8uERiHL8Ag,GABRIEL BREIER A VERDADEIRA ESTÉTICA NATURAL! #shorts,criadores_pt,False,497135.0,0
vR54LSGFjJY,GABRIEL BREIER TADALA OU BREIER ?#shorts,criadores_pt,False,374822.0,0
IMcnQfU1x0E,COMO CHEGAR EM MULHER NA PRAIA,criadores_pt,False,372420.0,4
-g0x5VSgsRw,O dia q eu encontrei o gabriel breier na rua #Shorts,criadores_pt,False,365096.0,0
x1V9JggkfJM,ME ENTREGUEI A JESUS CRISTO,criadores_pt,False,359187.0,0
6lFhLy8zZo4,COMO ACABAR COM A TIMIDEZ EM 34 MINUTOS,criadores_pt,False,350782.0,0
uSSIeS7m3BY,"GABRIEL BREIER | FALA A REAL SOBRE SUA ALTURA 1,56 ??#shorts #breier",criadores_pt,False,358243.0,0
IOs7sbx9e84,AGORA QUE VOCÊ TÁ FICANDO FORTINHO VIROU UM BABACA #breier #gabrielbreier #baki #sigma #gym #motiva,criadores_pt,False,330646.0,0
P0dkcE344PI,ESSE ASSUNTO PEGA MULHERES SOZINHO #shorts #shortsvideo #sedução #brasil Gabriel breier,criadores_pt,False,290041.0,-1
C7yoUYuY3Rw,GABRIEL BREIER MEU PÊNIS NÃO FICA ERETO ?#shorts,criadores_pt,False,276598.0,0
Ks-GmUY0QJE,SUPER XANDÃO REAGINDO A RESPOSTA DO GABRIEL BREIER,criadores_pt,False,259337.0,0
G2HLyT719N4,Ninguém precisa de padrão #breier #motivation,criadores_pt,False,346671.0,0
Z1oMgP7NlSA,"NANDO MOURA Tem Razão! Vira homem, moleque! #shorts",criadores_pt,False,273462.0,0
POZqkyP5oUo,Bem vindo ao mundo real #breier #gabrielbreier,criadores_pt,False,229045.0,0
NI23f_YWRhU,Gabriel Breier - Sem Groselha Podcast,criadores_pt,False,224856.0,0
RwGzDd4GVcM,BREIER PLAYLIST OF THE GODS PART 2,criadores_pt,False,222275.0,0
yJr2xOahFJ8,fui CANCELADO pelos fãs do Gabriel Breier,criadores_pt,False,219706.0,0
MLsxfgnDczI,Super Xandão Vs Gabriel Breier | Battle #shorts,criadores_pt,False,211660.0,0
PS_XbzyLCxQ,Orochinho Reagindo ao Super Xandão Reagindo a Resposta do Gabriel Breier,criadores_pt,False,186606.0,0
JxFUl1IL1tA,GABRIEL BREIER PEGUEI UMA INFECÇÃO O QUE EU FAÇO ?#shorts,criadores_pt,False,183873.0,0
3lQUj1sLRPQ,"GABRIEL BREIER, POR FAVOR, NÃO ABRA MAIS A BOCA! ( Red Cast )",criadores_pt,False,174976.0,0
a6oX9YK9uf8,REAÇÃO DELAS AO VEREM O BREIER NA RUA,criadores_pt,False,168548.0,4
NT1ruLwoev0,SUPER XANDÃO VS GABRIEL BREIER,criadores_pt,False,168221.0,0
rinOd7anx_o,GABRIEL BREIER RESPONDEU E PIOROU TUDO,criadores_pt,False,156539.0,-1
mtHXHhiWWfU,GABRIEL BREIER | A VIDA DE UMA MULHER FEIA É PIOR DO QUE HOMEM FEIO!#shorts,criadores_pt,False,154970.0,0
vqq9ZbztVog,GABRIEL BREIER | COMO CHUPAR O PROPRIO PAU ?#shorts,criadores_pt,False,163465.0,0
UtZOjsWOQgU,TREINO COMPLETO DE PEITO / BREIER ULTRA ESTÉTICO,criadores_pt,False,148742.0,4
VBoS8gr9rQ0,BREIER #breier #evolução #transformation #gym #gabrielbreier,criadores_pt,False,157029.0,0
w0o1qToaHaI,Gabriel Breier - Sem Groselha Podcast #106,criadores_pt,False,143652.0,0
nTHlWnPqxxM,Analisando Gabriel Breier: O MACHO ALPHA DO TIKTOK,criadores_pt,False,142821.0,-1
VytHv8O5l_M,GABRIEL BREIER O QUE VOCÊ ACHA DO SUPER XANDÃO? #shorts,criadores_pt,False,154891.0,0
DeXpfQDk4mQ,BREIER MOTIVATION,criadores_pt,False,137866.0,0
I4wDKs7v77Q,TREINO LENDÁRIO PARA ATIVAR A ESTÉTICA SUPREMA,criadores_pt,False,134980.0,4
PDjAvmPBGpg,ACORDA CARA! O QUE VOCÊ TA FAZENDO,criadores_pt,False,134108.0,4
X5pclvvZRfg,BREIER DAY | BACK TRAIN,criadores_pt,False,121634.0,0
kO07M2gpeqk,NÃO SEJA BONZINHO CARA!,criadores_pt,False,117862.0,0
2HAdKWm5NGc,super xandão vs gabriel breier: duelo de alfas,criadores_pt,False,117716.0,0
z6aHgij_mw8,PLAYLIST DOS DEUSES GABRIEL BREIER E ZYZZ,criadores_pt,False,117661.0,0
nm17A5vAU2w,Viu o NANDO MOURA falando de você ?#shorts #nandomoura,criadores_pt,False,125298.0,0
ddMD6V8uUlQ,ODEIE SER MAGRO POR ESSE MOTIVO,criadores_pt,False,108750.0,0
OrJpUFzjgvM,"GABRIEL BREIER MY GIRLFRIEND DOESN'T DRINK MY MILK, WHAT DO YOU THINK? #shorts",criadores_pt,False,110855.0,0
w1H2vWE39JI,GABRIEL BREIER COMO MELHORAR A DICÇÃO? #shorts,criadores_pt,False,103464.0,0
1FipAgEVnRU,GABRIEL BREIER | TENHO VERGONHA DE CHEGAR EM MULHER! O QUE EU FAÇO?#shorts,criadores_pt,False,99995.0,-1
NpPHkL3EjjQ,TUDO QUE EU QUERIA SABER AOS 16 ANOS,criadores_pt,False,98343.0,4
iGWYNER6xqM,GABRIEL BREIER | COMO LIDAR COM O PASSADO DA NAMORADA?#shorts,criadores_pt,False,123681.0,0
XuWBTLh3Qn8,GABRIEL BREIER COMO LIDA COM HARTES ?#shorts,criadores_pt,False,102746.0,0
7PSnlsrKYKU,PLAYLIST DOS DEUSES GABRIEL BREIER PART 3!!,criadores_pt,False,95780.0,0
aeyab8IMiZg,MORRA INVEJANDO OU VIVA A ESTÉTICA,criadores_pt,False,90190.0,0
PLPGBA-JxrU,GANHE MASSA MUSCULAR NO ESTILO BREIER,criadores_pt,False,83006.0,0
bLkXpUnDIpI,GABRIEL BREIER NOFAP VALE APENA ?#shorts,criadores_pt,False,81378.0,0
myIxpqRhd74,GABRIEL BREIER MOTIVATION 🇩🇪⚡️ ROYALTY #gymmotivation #academia #breier #shapes,criadores_pt,False,79460.0,0
-FR80Ue0-ZU,EVOLUÇÃO GABRIEL BREIER NATURAL,criadores_pt,False,79108.0,-1
__fQ7U4n9xA,NÃO SEJA MAIS CONTROLADO PELOS SEUS PENSAMENTOS,criadores_pt,False,78050.0,-1
Ar8bx9HQIgI,GABRIEL BREIER COMO GANHAR MASSA MUSCULAR SENDO POBRE ?#shorts,criadores_pt,False,78909.0,0
MuAfAWna0_4,GABRIEL BREIER WHY DON'T YOU DATE FAT WOMEN? #shorts,criadores_pt,False,78987.0,0
sSdO8K8ZlJQ,frases Breier🔱 Motivação é o breier em ação,criadores_pt,False,75869.0,0
wvvcueb4Rdc,GABRIEL BREIER | EVOLUÇÃO DA ESTÉTICA NATURAL #shorts #breier,criadores_pt,False,76739.0,0
yx7mTBM_wMc,BREIER e DUDUFIT TREINANDO PEITO COMPLETO,criadores_pt,False,75526.0,0
PagVR7oeUG0,GABRIEL BREIER QUAL FOI O MAIOR CONSELHO JA RECEBEU ? #shorts,criadores_pt,False,75626.0,0
DP8YhMX0rx8,GABRIEL BREIER SE EMOCIONA E FALA SOBRE SEU PASSADO!#shorts,criadores_pt,False,72741.0,0
ljEIM7YWWyY,COMO CHEGAR NAS MINA? - GABRIEL BREIER,criadores_pt,False,69459.0,-1
2tTaSl-nqcE,"TENHA METAS, ISSO TE TORNA ACIMA DA MEDIA",criadores_pt,False,64932.0,0
MdVRG3j_6jM,GABRIEL BREIER VOCÊ É GAY ?#shorts,criadores_pt,False,70620.0,0
zexlhh10mfo,CELULAR ESTÁ TE DEIXANDO EXTREMAMENTE MISERAVEL,criadores_pt,False,61851.0,0
YJw1b0wFdZA,Gabriel Breier - Viva La Vida Hardstyle - Motivação,criadores_pt,False,61822.0,0
EtzhDu7JibA,SUPER XANDÃO REAGINDO A BELEZA IMPORTA? - GABRIEL BREIER,criadores_pt,False,59981.0,0
xNhx8QUJ5os,( Super Xandão💪🗿 Vs Gabriel Breier🔱💀 ) A batalha Dos deuses 🥶💯🔥 #fyp #gabrielbreier #lendas #Xandão,criadores_pt,False,61758.0,0
LtD-iwhk8Sc,GABRIEL BREIER SEXO COM OU SEM CAMISINHA ?#shorts,criadores_pt,False,55931.0,0
0i4FJOY1ilk,GABRIEL BREIER QUAIS ABDOMINAIS VOCÊ FAZ ?#shorts,criadores_pt,False,56737.0,0
_G4-bEoHe8g,SE DESISTIR VÃO RIR ETERNAMENTE DA SUA CARA,criadores_pt,False,54366.0,0
qEvl0kj9e60,GABRIEL BREIER FALA SOBRE MASTURBAÇÃO!#shorts,criadores_pt,False,53996.0,0
LJZV3VHT-TY,"GABRIEL BREIER LIVE AESTHETICS | AESTHETICS ATTRACTS, AND KNOWLEDGE CONQUERS! #shorts #zyzz",criadores_pt,False,62107.0,0
ZfR1ARYwunc,GABRIEL BREIER | O QUE ACHA DO SUPER XANDÃO DE VERDADE SEM ZOEIRA?#shorts #superxandão,criadores_pt,False,52832.0,0
wtNBHm3ergQ,PLAYLIST DOS DEUSES GABRIEL BREIER PARTE 2 DJCOREA,criadores_pt,False,51956.0,0
1niDzF2z4Zs,BIANA REAGE: analisando o filme do gabriel breier | orochidois,criadores_pt,False,50324.0,0
6cLXbO8EHSs,NINGUÉM DEVE TER PENA DE HOMEM... | Gabriel Breier RedCast #shorts #redpill,criadores_pt,False,49509.0,0
hTaVD_-ZGgU,GABRIEL BREIER ESSA É A ESTÉTICA NATURAL #shorts,criadores_pt,False,50789.0,0
Mj1jxsF51ZY,GABRIEL BREIER É PRECISO TER SHAPE PARA PEGAR MULHER ?,criadores_pt,False,49252.0,0
FsrNkNIazEo,Uma vida é tudo que você precisa #gabrielbreier #breier,criadores_pt,False,52296.0,0
mgqTJFES_6g,GABRIEL BREIER COMO LIDAR COM MULHER EMOCIONADA ?#shorts,criadores_pt,False,46774.0,0
5SaAteTlE2E,PLAYLIST DOS DEUSES GABRIEL BREIER PART 4 !! DJCOREA,criadores_pt,False,46456.0,0
JB1wOhNyRgo,SUPER XANDÃO - Reagindo GABRIEL BREIER - ME ENTREGUEI A JESUS CRISTO,criadores_pt,False,43981.0,0
ibF1x-dgxp4,SÓ ISSO JÁ RESOLVE MUITA COISA NO RELACIONAMENTO... | Gabriel Breier RedCast #shorts #redpill,criadores_pt,False,43514.0,0
b2Eti_YRba4,MULHER PEGA RANÇO DE HOMEM ASSIM | Gabriel Breier,criadores_pt,False,43222.0,0
_i2ZJ1NpiB8,GABRIEL BREIER SPEAKS THE TRUTH ON SEM GROSELHA PODCAST!#shorts,criadores_pt,False,42931.0,-1
EfNL0bg4S7g,#breier #motivação #deus #motivacional #reflexao #gabrielbreier #motivacao #jesus #motivation,criadores_pt,False,47123.0,0
UIKawBBf9-Q,GABRIEL BREIER O QUE FALA PARA UMA MULHER ?#shorts,criadores_pt,False,41033.0,0
fmlrUxNYBZY,GABRIEL BREIER TER AMIGO GAY ATRAPALHA ?#shorts,criadores_pt,False,41202.0,0
Y2ye6KzfMfA,GABRIEL BREIER CONHECEU O ZYZZ ?#shorts,criadores_pt,False,40843.0,0
4bKiqUVBF-Y,GABRIEL BREIER PRETENDE TER FILHOS ?#shorts,criadores_pt,False,37652.0,0
0ZbeKRfbyoU,TREINO PÓS TERMINO DE RELACIONAMENTO,criadores_pt,False,37446.0,0
hQ_VdWDNTqg,VIVA A ESTÉTICA! [Gabriel Breier]#shorts,criadores_pt,False,39685.0,-1
v3sa9kGYNjM,GABRIEL BREIER NOFAP AJUDA NA ATRAÇÃO ?#shorts,criadores_pt,False,61182.0,0
VSxKgmc-sW8,GABRIEL BREIER É POLITICAMENTE CORRETO ?#shorts,criadores_pt,False,36290.0,0
Nc5QIoqUW-I,DEPOIS OS CARAS COMEÇAM A RECLAMAR POR PERDER A MULHER... | Gabriel Breier RedCast #shorts #redpill,criadores_pt,False,35115.0,0
EqGqpQebrx4,DESISTIR É PARA FRACO #breier #gabrielbreier #foco #inspiração #ficarrico #persistência,criadores_pt,False,37956.0,0
hoeqnJ0IRjU,Gabriel Breier seguiu o Melhor Caminho ☠️‼️ #edit #shorts #jesus #fyp #fy #trending #gabrielbreier,criadores_pt,False,48220.0,0
HcBwVeM6YdI,GABRIEL BREIER TENHO MUITAS ESPINHAS O QUE EU FAÇO?#shorts,criadores_pt,False,33972.0,0
GvvsjrUXOkc,Breier edit/ Zyzz - Shameless Hardstyle remix,criadores_pt,False,32700.0,0
y54oFYRdlXM,PARE DE PENSAR EM MULHER,criadores_pt,False,32533.0,0
jZbuOVb9Q6I,VANTAGENS DE TER NARIZ GRANDE | GABRIEL BREIER | #shorts,criadores_pt,False,33866.0,-1
AqLigtGJHsA,GABRIEL BREIER: a busca pela excelência e por uma vida lendária | Papito Talks #089,criadores_pt,False,32356.0,0
QqfBIaQ9zoQ,SUPER XANDÃO VS GABRIEL BREIER,criadores_pt,False,30237.0,0
wndVwHJMETY,O que te motivou a mudar de vida?! [Gabriel Breier] #shorts,criadores_pt,False,34684.0,0
2ZXUFIFslJA,TR3TA de Zé Felipe x Gabriel Breier - MINHA OPINIÃO,criadores_pt,False,28186.0,0
jwepTxLINNo,GABRIEL BREIER O DIA EM QUE EU APARRECER COM UMA MULHER FEIA#shorts,criadores_pt,False,28583.0,0
YXYd1OQM168,GABRIEL BREIER SE ESFORÇA PRA GOSTAR DE MULHER 😂,criadores_pt,False,27942.0,0
Wh2varxhdr8,Web namoro #gabrielbreier #breier,criadores_pt,False,29139.0,-1
tCQsNsjRbic,"Sem regras para cumprir, apenas a liberdade para curtir #breier",criadores_pt,False,31837.0,-1
vQl9qx7OyEU,GABRIEL BREIER MANDOU A REAL SOBRE ESSE TIPO DE HOMEM #shorts,criadores_pt,False,27946.0,0
XJVmIFd_Sdo,GABRIEL BREIER BONS HÁBITOS É UMA GRANDE DIFERENÇA ?#shorts,criadores_pt,False,27775.0,0
ZnDhaz0X_GY,AHAHAH #conquista #sedução #motivação #namoro #casamento #breier #gabrielbreier,criadores_pt,False,56529.0,0
6TM5zPXvons,OROCHI REAGINDO A GABRIEL BREIER NO RED CAST,criadores_pt,False,27166.0,0
1BWU-te53kc,MULHER NÃO TR4NSA COM ESSE TIPO DE CARA | Gabriel Breier,criadores_pt,False,26795.0,0
6nrFu36_4D0,GABRIEL BREIER EU CONSIGO SER COMO VOCÊ ?#shorts,criadores_pt,False,27554.0,0
GFQPK_4_4DA,GABRIEL BREIER LEITE DE BOI É BOM PARA MASSA MUSCULAR ?#shorts,criadores_pt,False,26753.0,0
ToV2TPkrx0s,Gabriel Breier Edits motivação do mundo 🙏🤙,criadores_pt,False,39467.0,0
yiYDtQSrQPc,Você é CAPITALISTA Ou SOCIALISTA ? #breier #gabrielbreier #shorts,criadores_pt,False,39681.0,-1
4Ok5sRgFDRo,Aula de GAP temos!#funcional#funcionalcombreier#academia #gabrielbreier #breier,criadores_pt,False,46070.0,-1
R-b325MqAAs,GABRIEL BREIER COMO LEVAR NAMORADA PRA CAMA ? #shorts,criadores_pt,False,24687.0,0
dDJq1Xj5bTg,VOCÊ É BONZINHO DEMAIS #breier #gabrielbreier,criadores_pt,False,30386.0,0
E1txFiiveZ0,QUE VIDA #breier #motivation #gabrielbreier,criadores_pt,False,28413.0,0
dSI2iHcWrwU,"15 anos e 17 cm é bom, mocinha? #breier #gabrielbreier #fy #fyp #shorts #shortsvideo #breierpower",criadores_pt,False,43562.0,0
PqnyG7tJWfU,GABRIEL BREIER QUAL É SUA DIETA ?#shorts,criadores_pt,False,26259.0,0
7n9MgOom53g,"GABRIEL BREIER COMO TER DÍSCIPLINA, ESTUDAR, TREINAR ?#shorts",criadores_pt,False,23994.0,0
-PBkYTu99jw,VOCÊ TÁ LEGAL MESMO? - GABRIEL BREIER/ REFLEXÃO SAD STATUS,criadores_pt,False,23602.0,0
CRDgs_mShr0,VIVA #breier #gabrielbreier,criadores_pt,False,24371.0,0
kgKEv7Hq7Ms,GABRIEL BREIER COM QUE IDADE COMEÇOU A TREINAR ?#shorts,criadores_pt,False,23568.0,0
Jab-F-tGSJI,GABRIEL BREIER FALA SOBRE O NOFAP!#shorts,criadores_pt,False,24077.0,0
TE8TaKVE6S8,EVOLUÇÃO DOS DEUSES - GABRIEL BREIER,criadores_pt,False,22220.0,0
BORqD-6EcE4,Gabriel Breier e Felca #felca #humor #meme #comedia,criadores_pt,False,23591.0,-1
6mcwhGHbAVI,GABRIEL BREIER SE A MINA SENTE CIÚMES ?#shorts,criadores_pt,False,22330.0,0
pmyEssnGYAw,VIVA A ESTÉTICA! - GABRIEL BREIER #shorts,criadores_pt,False,25819.0,-1
3_KHl_davYg,ABDÔMEN #breier #gabrielbreier,criadores_pt,False,22236.0,0
fL6PoPU8jww,DO ZERO A ESTÉTICA 💪 - Gabriel Breier #shape #aesthetics #transformação,criadores_pt,False,21329.0,0
PLXIslAEPs4,GABRIEL BREIER VAI PARTICIPAR DO ´´ VAI DA NAMORO `` ?#shorts,criadores_pt,False,21358.0,0
LawUSiYI5-U,SUPER XANDÃO REAGINDO AO GABRIEL BREIER FALANDO SOBRE APARÊNCIA,criadores_pt,False,26076.0,0
WyymQd518xg,Gabriel Breier - Momento Hardstyle - Motivação,criadores_pt,False,20557.0,0
TaJwBzls3yo,Gabriel Breier Se Converteu A Jesus!,criadores_pt,False,20481.0,0
QAw0wF_eqOk,GABRIEL BREIER REMADA UNILATERAL ( REMADA SERROTE ) #shorts #academia,criadores_pt,False,20539.0,0
T2zNl6q2H9c,COMO VENCER A TIMIDEZ EM 18 MINUTOS,criadores_pt,False,20268.0,0
bJk4H_L6VcU,GABRIEL BREIER VOCÊ SE ARREPENDE DE TER FEITO ?#shorts,criadores_pt,False,20280.0,0
8E8RXvZq6cM,Xandão Vs Gabriel Breier #xandão #shorts,criadores_pt,False,20675.0,0
Sy6Y8hE-CWg,TODOS TEM CRISE DE ID #breier #gabrielbreier,criadores_pt,False,20449.0,0
bh6zc-Zb_6o,MUSCULAÇÃO OU CALISTENIA ? GABRIEL BREIER#shorts,criadores_pt,False,19449.0,0
IlxBhk6Uy1A,GABRIEL BREIER É ERRADO TRANSAR COM IRMÃ ? #shorts,criadores_pt,False,19276.0,0
q_TdJj7B7Z0,O que importa é para onde vou #breier #gabrielbreier,criadores_pt,False,19381.0,0
5rITn_33ydA,GABRIEL BREIER SHAPE ATUAL COMENDO DE TUDO!#shorts,criadores_pt,False,18848.0,0
MMqWSiMqdGo,GABRIEL BREIER COMO MELHORA A QUALIDADE DA PELE?#shorts,criadores_pt,False,20120.0,1
irmO1XxUb5w,#breier #motivacional #gabrielbreier #reflexão #cortesdobreier #motivation #vencedor #deus #reflexao,criadores_pt,False,17502.0,0
OK7BVREFT90,BUSQUE A DEUS #breier #gabrielbreier,criadores_pt,False,17503.0,0
W3tyyolDosE,GABRIEL BREIER TRANSFORMAÇÃO DA ESTÉTICA NATURAL!#shorts,criadores_pt,False,18609.0,0
vUu0GfKBM9I,COMPILADOS GABRIEL BREIER (Motivação),criadores_pt,False,16889.0,0
ub6tp17u1PQ,COMO DURAR MAIS NA CAMA?! [Gabriel Breier] #shorts,criadores_pt,False,16819.0,0
vGAS-7pjaJ0,"O que você acha do @orochidois1692, breier?#shorts",criadores_pt,False,17853.0,0
9q8BkMcGXQM,GABRIEL BREIER X FEIAS E FEMINISTAS! - TIKTOKS MAIS POLEMICOS DA SEMANA,criadores_pt,False,15822.0,-1
smBrULKeLYo,Viva sem medo #breier #gabrielbreier,criadores_pt,False,16381.0,0
7dvGpsjNdpc,Apenas agradeça #breier #gabrielbreier,criadores_pt,False,16289.0,0
5jUckHDAv98,Essa Carne de Petista ? #breier #gabrielbreier #shots,criadores_pt,False,17095.0,0
z3x6iYhcPhs,GABRIEL BREIER VS SUPER XANDÃO,criadores_pt,False,16070.0,0
apYPByHRxQg,GABRIEL BREIER O QUE VOCÊ ACHA DAS FEMINISTAS ?,criadores_pt,False,16075.0,0
rY7s2rDytWw,"17 anos BV e virgem,será que é algum problema ? #breier #gabrielbreier #shortsdobreier",criadores_pt,False,22282.0,0
hZZYWbeyyTo,GABRIEL BREIER PARA MAGRECER RAPIDO QUAL É O MELHOR ? CADIO OU MUSCULAÇÃO #shorts,criadores_pt,False,15132.0,0
laIHW9-MFfM,SUPER XANDÃO REAGINDO - GABRIEL BREIER FAZ CONVITE INUSITADO AO XANDÃO E A JAQUE!!!,criadores_pt,False,14735.0,0
AamCypgC6fE,O SONHO DE INFÂNCIA DO GABRIEL BREIER#shorts,criadores_pt,False,14985.0,0
HsmVi1Te_10,GABRIEL BREIER FALA SOBRE PAULO MUZY É CHAMADO DE C0RNO,criadores_pt,False,14573.0,0
3O4764N-kwk,"Geração de ""homens"" fracos, ""homens"" betas. #breier #motivational #gabrielbreier #academia #gym",criadores_pt,False,15555.0,0
XdwvB9e_qJI,GABRIEL BREIER: HOW TO EVOKE EMOTIONS IN WOMEN? #shorts,criadores_pt,False,18398.0,0
-uXR3MZUEC8,Ele terminou com a mulher #breier #academia #evolução #terminodenamoro,criadores_pt,False,22584.0,-1
OfSc03vI1dE,A missão #breier #gabrielbreier,criadores_pt,False,14896.0,0
Si1buEtcY6I,GABRIEL BREIER O MELHOR EXERCÍCIO PARA O ABDÔMEN!#shorts,criadores_pt,False,14499.0,0
KRnGofOQO6c,Por que Começou a TREINAR ? #gabrielbreier #breier #musculação #academia,criadores_pt,False,14726.0,0
5KGRYj3PzeQ,"POR QUE ANDAR COM CAMISA, BREIER ? #shorts",criadores_pt,False,14133.0,0
I2HT9m7CXXI,GABRIEL BREIER O INSTRUMENTO DA VERDADE! #shorts #breier,criadores_pt,False,13629.0,0
wh_jpmrAcY0,"BREIER, Você acredita que Homem foi a LUA ?#breier #gabrielbreier #shorts",criadores_pt,False,16042.0,-1
LarDGOvMLS4,GABRIEL BREIER VOCÊ É GAY ?#shorts,criadores_pt,False,13163.0,0
eQv_o6Ng7vY,GABRIEL BREIER NASCEU FODA!?#shorts,criadores_pt,False,13141.0,0
o0DOGXtXyGk,GABRIEL BREIER COMO COMEÇAR UMA RENDA DIGITAL?#shorts,criadores_pt,False,13583.0,-1
5wVVRNKFtLM,"""FALA SOLDADO, BELEZA?""",criadores_pt,False,13800.0,-1
MjMtTniUL60,"É VERDADE QUE A ESTÉTICA ATRAI, E O CONHECIMENTO CONQUISTA? | Gabriel breier",criadores_pt,False,12218.0,0
C0F4iTw6VAs,GABRIEL BREIER JÁ BROXOU?#shorts,criadores_pt,False,12205.0,0
eGwJ1E6NULQ,GABRIEL BREIER DESAFIA O SUPER XANDÃO REI DOS BETAS,criadores_pt,False,11881.0,0
7pR0iJ_eTxg,GABRIEL BREIER RESPONDE O NANDO MOURA SOBRE VIDEO REDPILL E COACH CAMPARI,criadores_pt,False,11790.0,0
Z419WzKZRmE,GABRIEL BREIER A MINA NÃO RESPONDE ?#shorts,criadores_pt,False,11927.0,0
0dTW-m-YX-g,GABRIEL BREIER | COMO PERDER A TIMIDEZ ?,criadores_pt,False,13115.0,0
LjVcODjE38g,ELA ESTÁ CONFUSA SOLDADO? #breier #gabrielbreier #cortesdobreier #namoro,criadores_pt,False,17691.0,0
1UsrLxibloU,#breier #motivação #gabrielbreier #motivacional #reflexão #deus #motivation #jesus #cortesdobreier,criadores_pt,False,11574.0,0
XUhvLN9YZDk,SUPER XANDÃO RESPONDE DESAFIO DE GABRIEL BREIER,criadores_pt,False,11199.0,0
cs4iU-auyeM,TENHO 19 ANOS E NUNCA NAMOREI. ISSO É UM PROBLEMA? #breier #gabrielbreier #soldadosdobreier,criadores_pt,False,21196.0,0
ntNFytfERos,VIVA A ESTÉTICA - GABRIEL BREIER #shorts,criadores_pt,False,11164.0,-1
RliFhDYyzec,NAMORAR SEM TER EMPREGO? [ GABRIEL BREIER ],criadores_pt,False,11962.0,0
AiTX8s6DuTU,GABRIEL BREIER COMO ALCANÇAR O SHAPE DOS DEUSES ?#shorts,criadores_pt,False,11218.0,0
5GLDoNtyqEw,Bom dia soldados! #breier #gabrielbreier #motivacional #treino #dieta #reflexão,criadores_pt,False,10956.0,0
5DZ6l8_xoG0,GABRIEL BREIER JA LEU A BÍBLIA ?#shorts,criadores_pt,False,12468.0,0
rafMCQVRtcY,GABRIEL BREIER FEMINISTA PRESTA PRA FICAR UMA VEZ ?#shorts,criadores_pt,False,11463.0,0
ppPU4oTIfCk,"“A estética atrai, o conhecimento conquista” #gabrielbreier #breier #shorts",criadores_pt,False,10706.0,0
9DoXlHerzHA,MUITOS CARAS ESTÃO NESSA SITUAÇÃO E NÃO SABEM | Gabriel Breier,criadores_pt,False,10487.0,0
vL_LYhNxB7o,2024 MELHOR PLAYLIST PARA TREINO COM GABRIEL BREIER (hardstyle),criadores_pt,False,10288.0,0
OOEdeujHf3A,Gabriel Breier nas antigas,criadores_pt,False,10171.0,0
qJICvx6QExU,GABRIEL BREIER MULHER NÃO QUER DINHEIRO!#shorts,criadores_pt,False,10236.0,0
TXNCulbvoFE,GABRIEL BREIER | QUAL É SEGREDO DA AUTOESTIMA ?#shorts,criadores_pt,False,10564.0,0
pL2mbk0Yd5s,GABRIEL BREIER | COMO SER MAIS OUSADO?,criadores_pt,False,10438.0,0
-1tuP_CJ4is,"BREIER Minha NAMORADA BEBE E JA FUMOU, O que eu faço ?#shorts",criadores_pt,False,10466.0,0
ygPFicg0p6k,GABRIEL BREIER SE FOSSE FACIL NÃO TEM GRAÇA! #shorts,criadores_pt,False,9774.0,0
AxSl9iknmvU,"Breno Faria: Relacionamentos, Masculinidade & Diálogo Verdadeiro| Café com Ferri #88",criadores_pt,False,1195566.0,0
PwLA4_eATo4,‘Café com teu pai’ xinga Anitta e toma EXPOSED,criadores_pt,False,406411.0,0
SSwlt1o7uD4,BRENO FELIPE SALES - O QUE VOCÊ FARIA SE FOSSE O SEU FILHO?,criadores_pt,False,322971.0,8
e_qZtC8eAAI,CAFÉ COM TEU PAI: BRENO FARIA - Inteligência Ltda. Podcast #1542,criadores_pt,False,90168.0,0
GZzzu5jzZWw,Live do Templo com Marquinhos Sensação feat. Breno Faria e Fogaça,criadores_pt,False,73880.0,0
aZRKL8fgyAY,PRONUNCIAMENTO Oficial Café Com Teu Pai,criadores_pt,False,68677.0,3
upsXFz4JiOc,“Café com teu pai”: O que as MULHERES PRECISAM SABER sobre os homens | Ep #200 | com Breno Faria,criadores_pt,False,33241.0,0
iQ7BDzbO6ik,O problema não é que homem tem medo de mulher de 30 anos... #cafecomteupai #relaciomento,criadores_pt,False,49106.0,0
sCsk56zOwj4,ESCOLHAS TÊM CONSEQUÊNCIAS: A VISÃO DE BRENO FARIA SOBRE RELACIONAMENTOS,criadores_pt,False,32650.0,0
cNaqI9w1Kw4,"Breno Faria (Café com teu pai): mais um ""redpill"" derrubado das redes sociais (censura?)",criadores_pt,False,31406.0,-1
N0zYTqA1cpQ,"BRENO FARIA, DO CAFÉ COM TEU PAI, SE REVOLTA POR COMPARAÇÃO COM CALVO DO CAMPARI | PLANTÃO",criadores_pt,False,27941.0,0
7RxJFShsXx8,A escolha mais importante da sua vida não é a sua carreira. Feat @lnesteruk #cafecomteupai,criadores_pt,False,38795.0,3
OO6KX4MryQw,Wagninho Negritude Ft. Breno Faria,criadores_pt,False,26919.0,0
V7yKp4sqp_E,A MULHER BONITA É FACIL DE CONQUISTAR SABE PORQUE ? BRUNO GIGLIO E BRENO FARIA,criadores_pt,False,24454.0,-1
jhVNppMoUiI,"Uma mulher pode até gerar um menino, mas ela não é capaz de criá-lo para se tornar um homem.",criadores_pt,False,36476.0,-1
aGhY87ksuqg,Pagode do Nego Branco - Part Vitão - Breno Faria - Jeffinho - Rodrigo Aita,criadores_pt,False,22986.0,0
m-agAuGJfM0,Homem com mais de 30 e solteiro: bem sucedido ou imaturo? #cafecomteupai #relaciomento,criadores_pt,False,34268.0,-1
5tg8O8oezZA,"BRENO FARIA, O ""COACH"" FEMININO QUE ESTÁ ENGANANDO ATÉ MESMO PRODUTORES ""RED PILL""!",criadores_pt,False,22776.0,-1
yZQlloFM_xY,ANITTA COMEMORA DENÚNCIA CONTRA MASCULINISTA DO “CAFÉ COM TEU PAI” E ELE RESPONDE EM VÍDEO | PLANTÃO,criadores_pt,False,20457.0,-1
KgpzA0AXjBU,“Café com Teu Pai”: influenciador é denunciado ao MPF por misoginia nas redes sociais | #AquiAgora,criadores_pt,False,30777.0,0
Evl6uRfNpMo,BRENO FARIA ATACOU A ANITTA APÓS CANTORA COMEMORAR AUA DENÚNCIA POR MISOGINIA AO MPF! #fy,criadores_pt,False,24941.0,11
4RC-XNgcUxQ,Breno Faria: Por Que As Mulheres Se Desvalorizam? | Com Café com Teu Pai - Doctor Castt #46,criadores_pt,False,16564.0,0
HzVQvmYOvi4,BRENO FARIA COMENTA SEU INÍCIO DE CARREIRA NA POLÍCIA RODOVIÁRIA FEDERAL,criadores_pt,False,15716.0,0
pzxMxfjK5K4,Conquistar X Ser conquistada. #cafecomteupai #relacionamentos #cafécomdeuspai #fimdaficada,criadores_pt,False,26680.0,3
lFHwuQpnf8o,Camilla Araujo e Breno Faria - Samba ao Vivo no 50vintecinco Corpo Lúcido e Inarai,criadores_pt,False,15097.0,0
eKtbr3VzBBc,Café com Teu Pai e com Breno no IronTalks | As Verdades que Ninguém Contou Sobre os Relacionamentos,criadores_pt,False,16349.0,0
E7PFIW4iuVo,"Se o pai do seu filho é um bosta, a culpa é sua. #cafecomteupai",criadores_pt,False,19702.0,-1
QRe8Tf4YqSg,🔥CHOCANTE: Breno soltou sobre Red Pill no Café com Teu Pai no IRONTALKS #cafecomteupai #redpill,criadores_pt,False,23197.0,3
u8lc2o2oRVw,Breno Ktg e Péricles Cantando Juntos no Esquenta,criadores_pt,False,12498.0,0
yGna0NbWGx8,"TÉRMINO DA VIRGÍNIA E O ZÉ FELIPE, A GRANDE VERDADE! - BRENO FARIA - CAFÉ COM TEU PAI",criadores_pt,True,11553.0,-1
a_JayLjZq08,BRENO FARIA - Café com Teu Pai • #FalaGuerreiro280,criadores_pt,False,10861.0,0
Xp3_mBPrxAI,Mulher fubanga e baixa renda X Mulher bonita e elegante,criadores_pt,False,17784.0,3
_F9nntJzdRs,"""Não temos relacionamento de pai e filha..."" EP.11 completo no canal.",criadores_pt,False,19485.0,-1
l5VdQ1ErJMI,MULH3RES DESSAS PROFISSÕES SÃO MAIS S4FADAS E FACILMENTE VÃO TE TRAIR / BRENO FARIA CAFÉ COM TEU PAI,criadores_pt,False,9670.0,-1
hY2fLFBPdrs,Mulher baixa renda X mulher chique e elegante,criadores_pt,False,18041.0,3
JeO02pDPknY,Breno Faria Ex Katiguele no Programa Diego Paredão Convida,criadores_pt,False,9102.0,-1
8uQcLv3atkg,"Perdi 7 anos num namoro errado, ainda tenho tempo aos 33? - Onde a filha chora e o pai lê EP. 6",criadores_pt,False,9262.0,0
W1wITw3bCqE,“Café com Teu Pai”: influenciador é denunciado ao MPF por misoginia nas redes sociais | #AquiAgora,criadores_pt,False,7568.0,0
2UiIo7XKSVU,"Depois dos 30 a coisa fica mais difícil, minha filha. #cafecomteupai #cafécomdeuspai #relaciomento",criadores_pt,False,12269.0,-1
c6iLLmYPw0I,'Café com teu pai' é o novo Monark? #shorts,criadores_pt,False,12938.0,0
2K5iuCcqiQ0,O corte que eles usam pra enganar vocês VS O vídeo completo ☕🚬,criadores_pt,False,11266.0,-1
QF8Aa8Tl15k,A ESCOLHA MAIS IMPORTANTE da sua VIDA não é a CARREIRA! - Lara Nesteruk e Breno Faria ☕,criadores_pt,False,10514.0,-1
tOmZwPctY0U,Mulher quer ser desrespeitada. #cafecomteupai #cafécomdeuspai #relacionamento #ofimdaficada,criadores_pt,False,11678.0,3
CAt7G4LNIBk,Breno Faria e Ousadia cantam juntos,criadores_pt,False,6843.0,-1
ahEGZ2gfhmY,"Homem aguenta qualquer coisa, menos mulher chata! #relacionamentos #cafecomteupai",criadores_pt,False,11173.0,0
7RJoc2u8Jw4,Marquinha de fita X Marquinha natural #cafecomteupai #cafecomdeuspai #relacionamentos #denada,criadores_pt,False,11095.0,3
OiiWRrnUzL0,As mulheres não se importam mais em agradar os homens,criadores_pt,False,11763.0,3
w3MTGpAbP1c,"Quanto mais bem sucedida você for, menor sua chance de ter um bom relacionamento. #cafecomteupai",criadores_pt,False,10366.0,-1
AYirMjzI_5U,5 HÁBITOS RUINS QUE EU CORTEI DA MINHA VIDA,criadores_pt,False,6031.0,0
Z-302pgqYrQ,As mulheres estão seguindo os padrões estéticos dos travestis ☕️🚬,criadores_pt,False,9338.0,3
GifxWPTGJDg,ELAS GOSTAM DOS CAFAJESTES? BRENO FARIA COMENTA O MITO DO HOMEM BONZINHO X HOMEM CAFAJESTE,criadores_pt,False,5649.0,0
xSA_8ubPOz8,Homem maduro não é intenso. #cafecomteupai #relacionamentos #cafecomdeuspai #denada,criadores_pt,False,10036.0,3
-iX-LLTdJcg,CAFÉ COM TEU PAI MANDA A REAL PARA AS MULHERES,criadores_pt,False,5528.0,-1
dssNI9qY8Gg,CAFÉ COM TEU PAI: O AMOR PODE SER COMPRADO? BRENO COP SEM FILTRO!,criadores_pt,False,5781.0,0
gWacqVYBst0,"""CAFÉ COM TEU PAI"" REBATE ANITTA APÓS COMEMORAÇÃO DE DENÚNCIA",criadores_pt,False,5425.0,3
1LwdL-UAJjU,"Breno Faria(CAFÉ COM TEU PAI), Dá Dica Para Manter O Relacionamento Com Um Homem kkk Você Concorda?",criadores_pt,False,8545.0,0
eQolytz5HKQ,"BRENO DO CAFÉ COM TEU PAI EXPLICA: ""MEU CONTEÚDO CHOCA PORQUE A IDEIA É ACORDAR A PESSOA!""",criadores_pt,False,8649.0,0
ukb0gC7Es4c,O corte que usam pra te enganar X o vídeo completo ☕️🚬,criadores_pt,False,9751.0,3
yzgVvzShL78,"Se você costuma dormir com seu ficante, pode se preparar para sofrer. #cafecomteupai #ofimdaficada",criadores_pt,False,8367.0,-1
OOQM8ZCKNRs,Mulheres sendo enrolada há anos pelo cara | Café com teu pai (Breno Faria),criadores_pt,False,8619.0,3
0fHzms4NqJw,Mulheres preferem homens altos. #cafecomteupai #relacionamento #ofimdaficada,criadores_pt,False,8681.0,0
G0sIv8hlQJA,Botecando #16 | Como Entrei no Katinguelê - Prosa com Breno Faria,criadores_pt,False,5090.0,0
Aqz1hA8zKi0,A REVOLTA DAS MULHERES com BRENO FARIA | MANRASTA CONNECTION #062,criadores_pt,False,4964.0,-1
GRl3i_SbQaQ,"A beleza é algo sutil e simples, não seja uma fubanga ☕🚬",criadores_pt,False,7869.0,3
AYQ3fjSamFo,"Não é machismo, é estatística. #cafecomteupai #cafécomdeuspai #relaciomento #ofimdaficada",criadores_pt,False,7636.0,3
87eW6CLx7jE,Ele foi a primeira pessoa que me apaixonei - EP1: Todo mundo tem uma história,criadores_pt,False,4501.0,0
wOuL9TPMnMk,Xuxa e o seu baixinho preferido #cafecomteupai,criadores_pt,False,7766.0,3
sEWdOjBzdI0,VERDADES INCÔMODAS com BRENO FARIA (CAFÉ COM TEU PAI) | Tubacast (538),criadores_pt,True,4385.0,-1
c6vyqHXIqDE,Se você se veste assim a única magia que você vai usar é EXPELIHOMEM 🧙🏼‍♂️☕️🚬,criadores_pt,False,7060.0,3
HhjbM2MPoYk,Você é só uma rapariga espiritual #cafecomteupai #cafécomdeuspai #ofimdaficada #relacionamento,criadores_pt,False,6696.0,3
kSb-ciPzyjA,"A mulher que tenta mandar na relação, destróia a relação",criadores_pt,False,7447.0,-1
L-64OQ7yd4Q,Você é mãe solteira e namora? #cafecomteupai #cafécomdeuspai #relacionamento #ofimdaficada,criadores_pt,False,6960.0,3
Wh_VmTXP9gE,"Terminamos e eu voltei de lá fumante, depr3***va e an0r3xica - Onde a filha chora e o pai lê EP.9",criadores_pt,False,3951.0,0
SPlLNqe4XhM,O homem pode ser um principe com voce pra provar pra ele mesmo que ele nao é tao ruim assim,criadores_pt,False,7049.0,3
qOl92ZVcK3g,"Se um homem não é capaz de tornar sua vida melhor, não perca seu tempo com ele",criadores_pt,False,7371.0,3
5JHZklV3-Fs,"O cafajeste reformado é um ótimo homem para você se relacionar, mas e a quenga reformada?",criadores_pt,False,7850.0,-1
5-hc_19jvGk,Existem 3 tipos de mulheres na cabeça do homem. Qual deles você acha que é? #cafecomteupai,criadores_pt,False,6238.0,-1
9RV8hefCuGQ,Mulheres Solteiras +30: O Segredo Que Ninguém Tem Coragem de Falar! 💥 #cortescast #cortespodcast,criadores_pt,False,5999.0,0
iJCOJq0QmVk,Hoje em dia é muito comum a mulher tentar conquistar o homem,criadores_pt,False,7114.0,3
VvNSDEzmwGM,O homem que larga a esposa pra ficar com a amante é porque não se sente homem ao lado da mulher ☕🚬,criadores_pt,False,7218.0,0
XsRVY3BPHBg,Restaurante caro (pra você que é pobre) #cafecomteupai #relaciomento #ofimdaficada #cafécomdeuspai,criadores_pt,False,6039.0,3
jyIECy_aCqU,Ele fez planos comigo e terminou por mensagem - Onde a filha chora e o pai lê EP.11,criadores_pt,False,3764.0,0
Ij9Zr1sqkSk,Homem de verdade não quer mulher carreirista. #relacionamentos #cafecomteupai #cafecomdeuspai,criadores_pt,False,6423.0,3
wOfdkpQc1ck,"""CAFÉ COM TEU PAI"" REBATE ANITTA APÓS COMEMORAÇÃO DE DENÚNCIA",criadores_pt,False,6085.0,3
ZU4lr8uxCQo,A mulher não tem segunda chance #cafecomteupai #relaciomento #ofimdaficada,criadores_pt,False,5732.0,-1
wtRa1A8muos,Ele diz que não quer nada sério mas na sai de cima de você?,criadores_pt,False,6710.0,3
HzjfostoDNk,"Se você está se relacionando com um homem, pare de exigir que ele se comporte como uma mulher.",criadores_pt,False,6140.0,0
ksvxYRh5tPc,Por isso que mulher bonita é atacada pelas feias o tempo todo #cafecomteupai #relacionamentos,criadores_pt,False,6231.0,0
p8BC7XvBdbc,Não escute divorciados sobre casamento e nem gordos sobre se exercitar,criadores_pt,False,5820.0,3
6VNmJ1YcqGs,Wilsinho Malicia e Convidados - Breno Faria e Grupo Um Toque a Mais / 21 de março de 2018,criadores_pt,False,3368.0,0
pSgW_V1z-jo,Em Barco Que Navega Malandro,criadores_pt,False,3239.0,9
HoyGeAwtJJg,"Cuidado com o cara rico que só quer te usar, minha filha",criadores_pt,False,6357.0,-1
bYqglzRMfpk,Por que eu criei o Café Com Teu Pai?,criadores_pt,False,3298.0,0
pRam-UciZOM,Café com Teu Pai: influenciador é denunciado ao MPF por misoginia,criadores_pt,False,5928.0,0
re6WgjaARvo,O cafajeste reformado é o melhor homem pra você se relacionar. #cafecomteupai #cafécomdeuspai,criadores_pt,False,4961.0,3
kXovpMFV_l0,Breno Faria ex-katinguelê,criadores_pt,False,3792.0,0
eX-HwlFNxao,É ASSIM que os HOMENS veem as EX-NAMORADAS,criadores_pt,False,3150.0,-1
n1irnXqSGmk,"Quem trata namoro como casamento, trata casamento como namoro. #cafecomteupai #ofimdaficada",criadores_pt,False,6005.0,-1
7_yVFg2u1ko,Depois de 3 anos casada descobri que meu marido era g4y - Onde a filha chora e o pai lê EP. 5,criadores_pt,False,3148.0,0
0gLX99M_n_0,Se você se veste assim nenhuma mulher vai te levar a sério,criadores_pt,False,5029.0,3
cTK3mNEsHD4,A mulher que fura o olho da amiga ou pega homem dos outros tem problemas de autoestima,criadores_pt,False,5791.0,3
ortzJFlury0,Homem é simples igual cachorro. #cafecomteupai #cafécomdeuspai #ofimdaficada #relaciomento,criadores_pt,False,5201.0,3
EElGIw6j3TA,Não seja uma v4g4bund4 #cafecomteupai #cafécomdeuspai #ofimdaficada #relacionamento,criadores_pt,False,4901.0,3
jxTauJLZQh8,Manual do Cafajeste Profissional ☕🚬,criadores_pt,False,5435.0,3
5gHf0fgXWQU,Mulher forte = homem fraco #cafecomteupai #cafécomdeuspai #relaciomento #ofimdaficada,criadores_pt,False,5094.0,3
ASkmnsz5tqg,"Homem pra ser amado precisa ser útil. Mulher, bela. #cafecomteupai #relaciomento #ofimdaficada",criadores_pt,False,5075.0,0
6hvfr1_qMcM,Vício em pornografia destruiu minha vida sexual,criadores_pt,False,2976.0,0
2ME48IAWhf8,O homem da um levante na mulher pobre. Mas o contrário acontece? #cafecomteupai #cafécomdeuspai,criadores_pt,False,4547.0,3
vlE5F2IDNc8,A roupa que voce usa diz o tipo de mulher que voce é. #cafecomteupai #relacionamentos,criadores_pt,False,5606.0,0
u0bVMvDJsUc,Não adianta reclamar com homem. #cafecomteupai #cafécomdeuspai #ofimdaficada #relaciomento,criadores_pt,False,4660.0,3
nG0FdREQX-A,Homem tem que ser trabalhador. #cafecomteupai #relacionamentos #cafécomdeuspai #ofimdaficada,criadores_pt,False,4658.0,3
f64jZrAidho,DETOX I - DR. Eduardo e Breno Faria -,criadores_pt,False,2831.0,11
y43PQ4nJifk,Roupa importa? #cafecomteupai #cafécomdeuspai #ofimdaficada #relacionamentos,criadores_pt,False,4858.0,3
UztXr7uTLZA,Me entreguei de corpo e alma e me senti usada - Onde a filha chora e o pai lê EP.10,criadores_pt,False,2809.0,0
bfePePEiEw8,Você não deveria pular etapas se pretende se casar. #cafecomteupai #cafécomdeuspai #relaciomento,criadores_pt,False,4701.0,-1
TeBGNs9Fjf8,A beleza que seduz não é a que faz ele ficar. #cafecomteupai #relaciomento#ofimdaficada,criadores_pt,False,4764.0,-1
E7EK9JD5f9c,Homem trai pra buscar o que não tem em casa. #cafecomteupai #cafécomdeuspai #relaciomento,criadores_pt,False,4432.0,3
tsOoJUu_L7o,Respeitei os princípios dele e ele me chamou de jugo desigual - Onde a filha chora e o pai lê EP.8,criadores_pt,False,2732.0,0
beEDXVDHipE,"Muita gente diz que tatuagem de borboleta é redflag, você concorda?",criadores_pt,False,4985.0,12
yLqCNZr-tmk,"Engravidei uma do Tind3r, casamento sem pedido - Onde a filha chora e o pai lê EP.14",criadores_pt,False,2699.0,0
VWu0G91JWMo,Se você transa no primeiro encontro você nunca será escolhida para um relacionamento sério.,criadores_pt,False,4899.0,3
97h8kYb76bw,INFLUENCIADOR DENUNCIADO! 🚨 Breno Faria do 'Café com Teu Pai' na mira do MPF,criadores_pt,False,7914.0,0
pfjpyHHOENc,A beleza não é relativa #cafecomteupai #relacionamentos #ofimdaficada #amulherqueeleassume,criadores_pt,False,4497.0,3
EAe8LX1a2HA,Depois de namorada voltei a ser ficante - Onde a filha chora e o pai lê EP. 2,criadores_pt,False,2632.0,0
P2R4xgtnnss,Parte 1: Breno Faria do Café com Teu Pai é denunciado ao MPF e responde Anitta #anitta #brenofaria,criadores_pt,False,4278.0,0
hEtGgdXEqyM,EP#100 0 Katinguelê sempre Fará parte da minha Vida - BRENO FARIA,criadores_pt,False,2566.0,-1
SjJYSNSSQaQ,Dá pra GENERALIZAR os HOMENS de HOJE? - CAFÉ COM TEU PAI: BRENO FARIA,criadores_pt,False,2562.0,0
uoJWj8sVjyI,Descobri que ele era casado e ajudei a esposa a pegar ele no flagrante,criadores_pt,False,2528.0,0
SNsCGkM3G-w,Mulheres preferem homens altos e homens preferem mulheres magras,criadores_pt,False,4042.0,3
oWQV10lUZrI,"A diferença entre ser ficante e namorada, está nos limites que você impõe. #cafecomteupai",criadores_pt,False,4471.0,-1
tXp1vRuURzY,Café com Teu Pai: influenciador é denunciado ao MPF por misoginia,criadores_pt,False,2452.0,0
r4_PT9FIx3k,"Perfil de Breno Faria, o 'Café com Teu Pai', sai do ar após críticas a cantora Anitta",criadores_pt,False,2441.0,-1
ee2EWoQbbKU,O mundo não julga homens e mulheres da mesma forma e ninguém admite,criadores_pt,False,2400.0,0
0Ok8sQxIzrE,"Você não é independente e bem resolvida, é só medrosa. #cafecomteupai #ofimdaficada #relaciomento",criadores_pt,False,3976.0,3
VD8mUYDWcjA,BRENO FARIA - Café com Teu Pai • #FalaGuerreiro280 [REPRISE],criadores_pt,False,2376.0,-1
-eFlhWtPkYU,Você só ta chata e carente porque esqueceu como é ser solteira. #cafecomteupai #relaciomento,criadores_pt,False,3403.0,-1
ht3xhfgCFBg,A mulher que tenta conquistar o cara é a que acaba descartada #cafecomteupai #relacionamentos,criadores_pt,False,3841.0,0
2gJbRtgsFWs,Entender que ele é só um manipulador profissional vai te evitar muito sofrimento. #cafecomteupai,criadores_pt,False,3772.0,-1
HDZXd8lMWbE,Você que é tóxica. #cafecomteupai #relaciomento #ofimdaficada #cafécomdeuspai,criadores_pt,False,4180.0,-1
oIa-w484Eg8,Enquanto você ficar andando com timão e pumba você nunca vai se tornar o rei ou rainha da selva,criadores_pt,False,3761.0,-1
8Jzdu29gYwM,"O rico come o que quer, pobre come o que pode. #cafecomteupai #cafecomdeuspai #relacionamentos",criadores_pt,False,3842.0,3
GGoaZUxayR4,Seus pais não souberam te amar. #cafecomteupai #cafécomdeuspai #relacionamentos #ofimdaficada,criadores_pt,False,4159.0,3
KsEY60Nne-U,Renato Amoedo com Breno Faria (CAFÉ COM TEU PAI) e Sr. Saldanha - Renato Trezoitão Podcast,criadores_pt,False,2260.0,0
vfNKIQFngmM,Não confie em homem sheipado se o shape não tiver relação com a profissão dele ☕️🚬,criadores_pt,False,3590.0,-1
NbCmjhbsRCE,"""EU ACREDITEI QUE ELE TINHA MUDADO""",criadores_pt,False,2196.0,0
qoP5SolVIvM,"BRENO FARIA CONTA COMO FOI A CRIAÇÃO DO ""CAFÉ COM TEU PAI"" E LEMBRA DO PRIMEIRO VÍDEO VIRALIZADO",criadores_pt,False,2177.0,-1
F5JePGgu1UE,"Pra te assumir, não pode sentir vergonha. #cafecomteupai #relacionamentos #ofimdaficada",criadores_pt,False,3708.0,-1
VCHqagLifws,Mulher pra comer x mulher pra assumir. #cafecomteupai #cafécomdeuspai #relacionamento,criadores_pt,False,3930.0,3
Xh-uzlvdfao,Homem bem sucedido só fica com mulher bonita. #cafecomteupai #relacionamento #cafécomdeuspai,criadores_pt,False,3708.0,-1
eltizCg6FYc,Cafajeste não gosta de s3xo,criadores_pt,False,3750.0,3
7DTZY4LkYBE,"Ao invés de pedir pro seu marido largar o celular e te dar atenção, prepare um climinha.",criadores_pt,False,3757.0,3
SjRvOybkX1M,Homem imaturo? Culpa da mãe! #cafecomteupai #relaciomento,criadores_pt,False,3472.0,-1
YsUoB8fkloc,Manual do Cafajeste Profissional #1,criadores_pt,False,4086.0,3
URav4rhS2N0,Elogie a ação positiva do seu marido | Café com teu pai (Breno Faria),criadores_pt,False,3405.0,3
wTNBuYeEypA,"A pessoa que tá interessada em você, imita seus movimentos ☕️🚬",criadores_pt,False,3625.0,3
FmP-dDs0tZU,"A mulher que é viciada em flertar, é perigosa pra todo mundo ao redor dela - inclusive ela mesma.",criadores_pt,False,3863.0,3
67yem8lyNjU,Qualquer semelhança com tigrinho é coincidência. #cafecomteupai #cafécomdeuspai #relacionamentos,criadores_pt,False,3323.0,3
KAXEC9l8rbo,O feminismo é o melhor amigo do homem moderno #cafecomteupai #relaciomento #ofimdaficada,criadores_pt,False,3759.0,-1
WtL-JnO1nR0,Todo mundo ja traiu o pareceiro e eu vou te provar isso ☕🚬,criadores_pt,False,3556.0,3
RZ7XY1l9HiU,"FALA GUERREIRO E BRENO FARIA COMENTAM AS REAÇÃO DAS PESSOAS COM OS VÍDEOS DO ""CAFÉ COM TEU PAI""",criadores_pt,False,2077.0,0
LDavdbrTjOg,O cafajeste e o conquistador na verdade são homens inseguros ☕🚬,criadores_pt,False,3734.0,3
ljgbfhc20cU,A relaçao que a mulher teve com o pai dela afeta diretamente na escolha por um marido.,criadores_pt,False,3729.0,-1
T2Ck62KVDeM,As advogadas são as mulheres mais difíceis de se relacionar e eu vou me casar com uma!,criadores_pt,False,3471.0,0
vlyB3v5Fccs,Ele terminou comigo dizendo que eu era “humilde demais”,criadores_pt,False,1978.0,-1
dRBwjzOXAyM,"Quando você compra uma bolsa, você leva a da vitrine ou só pega pra experimentar e quer um novinha?",criadores_pt,False,3569.0,-1
O-sWpwGrgxM,Ser bonita te dá mais oportunidade que ser inteligente. #cafécomdeuspai #cafecomteupai,criadores_pt,False,2985.0,-1
DH5wuFTppjw,Fãs da Anitta derrubam o Perfil do Instagram do Breno Faria - Café Com Teu Pai.,criadores_pt,False,1911.0,-1
YVXR7oVl3Po,Homem é prático e objetivo. O que pode ser um problema… #cafecomteupai #cafécomdeuspai #publi,criadores_pt,False,2933.0,3
GPaVXJX6ZPM,Deixar acontecer naturalmente. Confia. #cafecomteupai #relaciomento #ofimdaficada,criadores_pt,False,3442.0,3
-x4sOL1ZEBo,Bora ajustar essa régua. #cafecomteupai #cafécomdeuspai #ofimdaficada #relacionamento,criadores_pt,False,3165.0,3
qSVwhaIsaHA,Ele dizia que gostava de mim e depois me bloqueou de tudo - Onde a filha chora e o pai lê EP. 7,criadores_pt,False,1878.0,0
rQwDLkJ8rmw,Você pode transar com quem você quiser e isso só vai te fazer bem ☕🚬,criadores_pt,False,2999.0,3
pGYTFUrN3TE,O Problema de Ter Pais Superprotetores (Virgem Aos 20),criadores_pt,False,1858.0,0
_6RTnA0vz8g,Nem toda mulher que te chama de amiga ta torcendo por você. #cafecomdeuspai #cafecomteupai,criadores_pt,False,3113.0,3
7paJNLAicEM,Ele me mandou calar a boca e me deixou com medo depois de um jogo do time de futebol dele.,criadores_pt,False,1826.0,0
qaoyQAgKOwc,Aprenda a se posicionar e a parar de assustar os caras minha filha. #cafecomdeuspai #cafecomteupai,criadores_pt,False,2727.0,-1
JOrQEpY5eJ4,Descobri que meu noivo tinha outra pelo story da mãe dele,criadores_pt,False,1795.0,-1
gsAcv0ooDUM,Cafezinho espresso ☕ #cafecomteupai #relacionamentos #ofimdaficada #amulherqueeleassume,criadores_pt,False,3606.0,3
YLMLz_P5tEc,A diferença é absurda minha filha! #cafecomteupai #cafecomdeuspai #relacionamentos,criadores_pt,False,3250.0,-1
zVKxzfXI4_I,Homem é simples igual cachorro. #relacionamentos #cafecomteupai #cafecomdeuspai #ofimdaficada,criadores_pt,False,3633.0,3
lN6g3rjFeeA,Seu cabelo fica lindo molhado e horrível seco? #cabelo #haircare #looksmaxxing,looksmaxxing,False,509159.0,1
VrC3mmulaME,Omoggle me odeia... #mewing,looksmaxxing,False,2862775.0,0
JVkEiRTcA24,O que acontece quando você não fica mewing,looksmaxxing,False,1005163.0,0
3tvF94PBZWY,por que isso funcionou #mewing,looksmaxxing,False,1386615.0,0
ultVG5G1HGU,MEWING - BÁSICO para INICIANTES 😁 plano prático,looksmaxxing,False,709433.0,1
NcD3zK07m6I,El Chavo Del 8 Mewing 🗿🗣🔥 (Usen Mi Nuevo Funk Porfa 🤑).#humor #messi #cr7 #video #edit #fypppppppppp,looksmaxxing,False,1449017.0,0
Y3BydqUhUJM,GRU MOSTROU COMO SE FAZ MEWING,looksmaxxing,False,289377.0,-1
ortsMCDOWOw,Não consigo ganhar no Omoggle #mewing,looksmaxxing,False,433759.0,0
7EZi473xGFg,Descobri a meta no Omoggle #mewing,looksmaxxing,False,296016.0,0
CTdpce_uPzw,HOMENS que tentaram LOOKSMAXXING,looksmaxxing,False,20866.0,1
hmh2VoHwNKY,Como cuidar da pele sendo homem,looksmaxxing,False,5358.0,1
oGb5eyTJDAk,homem faz amizade fácil demais🤣 #mindset #motivação #inspiração #felicidade #viral #divertido #humor,manosphere/ideologia,False,17443199.0,0
RzNVhKxYMYU,A eterna 5ª série do homem😂#mindset #motivação #inspiração #felicidade #viral #divertido #humor,manosphere/ideologia,False,12877113.0,0
2qZb-oFaQtk,Por que todo homem é assim?🤣#mindset #motivação #inspiração #felicidade #viral #divertido #humor,manosphere/ideologia,False,171315.0,0
I09GDA9c5oA,GABRIEL BREIER COMO SER O CARA MAIS FODA DA ESCOLA ? #shorts,criadores_pt,False,301731.0,0
Rgs2QYZwRX4,O CARA QUER ENCONTRAR UMA NAMORADA EM UMA SURU... | Gabriel Breier RedCast #shorts #redpill,criadores_pt,False,40016.0,0
wShNOFC5bjU,POR QUE NINGUÉM ESCUTA ROCK EM 2026?,criadores_pt,False,59159.0,5
mtYRd4jndGw,O MAIOR PROBLEMA DO BRASIL,criadores_pt,False,57460.0,0
wl5q5hhQ75E,VOCÊ PRECISA SER DEMITIDO,criadores_pt,False,45683.0,5
6pwP144f9NQ,NUNCA NAMORE UMA ESQUERDISTA (COMER PODE),criadores_pt,False,138344.0,5
rnmhDK4ODV4,FEZ TATUAGEM = TEVE PAI AUSENTE,criadores_pt,False,97728.0,12
j3Ak3aTPcGc,NEYMAR CALOU TODO MUNDO,criadores_pt,False,76824.0,5
WYFQL0f-_nk,ISSO É 100x PIOR QUE TIGRINHO / APOSTA,criadores_pt,False,28897.0,5
8eQxwMnPg9M,SUA VIDA TÁ UMA M €RDA? FAÇA ISSO URGENTEMENTE,criadores_pt,False,201404.0,-1
-mjwZ-hM_Y0,CUIDADO COM A “MINA ERRADA”,criadores_pt,False,79988.0,5
5vHcPmX8HyA,O ÚNICO JEITO DE GANHAR ALGUM DINHEIRO EM 2026,criadores_pt,False,136353.0,5
xIJkS4i0mb4,TRETA! VIRGINIA TERMINA COM VINI JR,criadores_pt,False,119718.0,5
M_RbvArZlJs,NEYMAR JOGOU MUITO MAL,criadores_pt,False,30089.0,5
n2oGMLVHyB0,BRASIL X JAPÃO - MINHA OPINIÃO,criadores_pt,False,157270.0,0
bM-1c_wSGTM,BRASIL X MARROCOS - MINHA OPINIÃO,criadores_pt,False,251269.0,0
a7sirfJUikQ,os brancos vao ser extintos do praneta,criadores_pt,False,1485934.0,-1
uxLqMjyRP5M,JOÃO FONSECA E A REVOLUÇÃO DA INTELIGÊNCIA ARTIFICIAL,criadores_pt,False,32958.0,5
PkiKpTyJarc,NÃO FALA INGLÊS = ANALFABETO,criadores_pt,False,83165.0,5
BSe9UoZEZyU,ESTUDANTE DEPOIS DOS 25 = BURRO,criadores_pt,False,41064.0,5
GVf6FdiYbrA,SOBRE ENDRICK NA SELEÇÃO,criadores_pt,False,102179.0,5
UW5fPh3ArFI,Olha o que ele falou pro Raiam Santos! 🤯💀 #redcast,criadores_pt,False,823316.0,0
rnt_CvWM-bs,BRASIL x NORUEGA - MINHA OPINIÃO,criadores_pt,False,193563.0,0
EDmsbELe9Ic,NÃO TRABALHE HOME OFFICE,criadores_pt,False,45840.0,5
pgsIdZZ2TuE,7 MUDANÇAS PARA VIRAR HOMEM DE VERDADE,criadores_pt,False,296184.0,-1
tZcmkDXvBFg,Raiam Santos fala sobre Jon vlogs,criadores_pt,False,10751.0,-1
tbVxM_lZSj0,TRUMP VAI ACABAR COM O PIX,criadores_pt,False,42128.0,5
rtoKOfu2dd0,VAI CHEGAR NO NEYMAR…,criadores_pt,False,84657.0,5
CPf4pl_5KLY,NARCISISTA: TODO HOMEM TEM QUE SER,criadores_pt,False,97088.0,5
vUonMOtn8Wc,SEJA INDIVIDUALISTA E LARGUE SEUS AMIGOS,criadores_pt,False,14122.0,5
lQyHK49tDC4,POR QUE O CLT NUNCA CONSEGUE EMPREENDER?,criadores_pt,False,19596.0,5
PMQBvv5RUzE,NÃO EXISTE AUTORIDADE MARROM,criadores_pt,False,24045.0,5
kt9ExhsaawQ,SOBRE A PRISÃO DO MC RYAN E POZE,criadores_pt,False,224517.0,5
DypXBZcEboA,O MELHOR CONCURSO PÚBLICO QUE EXISTE,criadores_pt,False,78552.0,5
uedvVfW2vzk,PSIQUIATRA = DEMÔNIO + SATA NÁS + BEUZEBU,criadores_pt,False,79625.0,5
5z-Zj8awt5Y,CONCURSO PÚBLICO É COISA DE RICO,criadores_pt,False,41992.0,5
EXHKuLkwVsw,MILEI DESTRUIU A ARGENTINA (O CASO ARGENTINA CASTING),criadores_pt,False,99721.0,0
ras0_LREYEI,A INCRÍVEL história de vida de Raiam Santos,criadores_pt,False,364915.0,-1
WmHR140zkRc,O QUE É FELICIDADE PARA VOCÊ | RAIAM SANTOS,criadores_pt,False,76281.0,0
0KAErjf_OkU,FUMOU UMA VEZ? NUNCA TERÁ SUCESSO,criadores_pt,False,89560.0,4
Hj0kY4wQz6g,POR QUE EU NÃO CONFIO EM MÉDICO JOVEM,criadores_pt,False,74775.0,5
E9IFHMKYRdE,FINJA SER MILIONÁRIO,criadores_pt,False,113910.0,5
kem-oSDx1B8,O MELHOR CONSELHO PARA O JOVEM DE 20 ANOS,criadores_pt,False,116951.0,5
qHAtT4ASzXs,MOUNJARO VAI DESTRUIR VOCÊ,criadores_pt,False,46563.0,5
5OjTn-mhgp4,PARE DE CONSUMIR CANAIS DE POLÍTICA,criadores_pt,False,34946.0,5
jFolZPLiwKw,AS 3 ÚNICAS PROFISSÕES DE 2030,criadores_pt,False,111426.0,-1
7rv8IjubmpM,POR QUE A GERAÇÃO Z NÃO CHEGA EM MULHER?,criadores_pt,False,124455.0,-1
CTVx8ridaSQ,RAIAM FALA SOBRE ELIEZER DO VIA INFINDA!,criadores_pt,False,185970.0,-1
DJ3bFtTIYME,MESSI FEZ PACTO,criadores_pt,False,68661.0,5
60jWIAwLSFo,SOBRE A ESCALA 6 x 1,criadores_pt,False,90814.0,5
hYQe1YjT71Y,NÃO FAÇA TATUAGEM! - RAIAM SANTOS #jumboelite #raisantosmcarn #raiamsantos #shorts,criadores_pt,False,79327.0,12
o5K6voH3HN4,Lula ou Renan Santos? A escolha polêmica,criadores_pt,False,1371.0,-1
pxpBzrxBt_4,Jovem tem que trabalhar | Raiam Santos,criadores_pt,False,7130.0,0
NP07zOV8d2U,ROCK IN RIO: O LADO OBSCURO POR TRÁS DO FESTIVAL,criadores_pt,False,37083.0,5
GxnF8C7a0xE,RAIAM SANTOS REVELA ONDE É MAIS FÁCIL SAIR COM MULHERES LINDAS! Rússia TOP 2?,criadores_pt,False,53542.0,-1
NNsDGnKPzhU,RAIAM SANTOS diz que TOGURO é POBRE,criadores_pt,False,488529.0,-1
3JBFCbycsQ4,A GEOPOLÍTICA DO HEXA,criadores_pt,False,52400.0,5
S2JXxnlMsIY,TEMPESTADE LEVOU O POSTO 😢#chuva #posto #ITAPACI #LEVOU#ventania #perigos #chuvas,criadores_pt,False,925884.0,6
qa4NbCdHv-Q,NÃO TENHA RESTAURANTE! - RAIAM SANTOS #jumboelite,criadores_pt,False,7738.0,3
niNPLKj3ZAs,A NOVA ONDA DOS NEGÓCIOS PRA 2027,criadores_pt,False,222013.0,5
K-OPSowqjkk,NEYMAR VAI PRA COPA POR CAUSA DISSO AQUI…,criadores_pt,False,70851.0,5
QFB_AbIHr8E,FAZ ENGENHARIA DE PRODUÇÃO = BURRO,criadores_pt,False,35585.0,5
LNAdkNsNGw8,NÃO AJUDE SEUS PAIS,criadores_pt,False,43195.0,5
Pqr44s72AiM,ESPECIAL: NIKOLAS FERREIRA E RAIAM NO REDCAST,criadores_pt,False,54419.0,5
eXlNIBBKKcA,TATUAGEM FOBIA☠️,criadores_pt,False,122175.0,12
MCfpGAAO064,#viajar #viagem #turismo #europa #mochilão,criadores_pt,False,51574.0,-1
7_ndenjBQ3I,CHUVA FORTE: asfalto cede e forma um rio de lama #viral #tsunami #chuva #viralshorts,criadores_pt,False,1349264.0,6
s4YpByZm3yo,PABLO MARÇAL ameaça RAIAM SANTOS - EU VOU TE PEGAR! #shorts,criadores_pt,False,302076.0,0
CCJz5Fexcg8,Raiam Santos fala sobre tatuadores #shorts,criadores_pt,False,2362.0,12
_MsM1TVSlBs,MELHORES MOMENTOS RAIAM SANTOS PT.6,criadores_pt,False,29673.0,0
EdyWyTEor7w,JAMAIS FAÇA TATUAGEM,criadores_pt,False,120198.0,12
aA_1idBUo9k,NEYMAR É O HOMEM MAIS FIEL DO BRASIL (confirmado matematicamente),criadores_pt,False,23248.0,0
-EHemuGvQKU,#chuva #gracasadeus ela chegou bem calma graças adeus 🙏@simplicidadenositio,criadores_pt,False,151.0,6
tY_9BRXkwG4,A Verdade Sobre Relacionamentos Hoje! - raiam santos,criadores_pt,False,899.0,-1
R9ITtrEUyvE,SONIC meets T h o m a s T h e T r a i n E n g i n e #shorts,criadores_pt,False,9617467.0,0
XbvlEnnHK5I,AO VIVO COM RENATO TREZOITÃO,criadores_pt,False,156778.0,0
JOK-VH1PAHw,Raiam Santos fala sobre Ruyter #maketingdigital #kobejr #ruyter #ruyterpoubel,criadores_pt,False,20782.0,-1
HsJGwqpprs8,A chuva de chinelo #viral #shorts #chuva,criadores_pt,False,894121.0,0
jidJvUvdpg8,Tatuagem de borboleta = coisa ruim pra sua vida!! #raiamsantos #tatuagemdeborboleta #tatto,criadores_pt,False,232671.0,12
rTsbSY04s1Y,Luan Santana - Chuva De Arroz (Luan Santana Acústico - Vídeo Oficial),criadores_pt,False,187587464.0,0
e6L1FaCFBuk,A Verdade Sobre Tatuagens: São Sinais de Alerta? Raiam Santos Fala sobre red flags,criadores_pt,False,1963.0,12
PIxloTLJg-I,Duas semanas de chuva ☔️ é estão aguentando firmes.,criadores_pt,False,617.0,6
b9i0ip1-zhg,RAIAM SANTOS AMA A RÚSSIA #raiamsantos #russia🇷🇺 #mulheres #women,criadores_pt,False,4679.0,-1
-2xDgMwDl2s,MILITÃO E A MALDIÇÃO DA TATUAGEM,criadores_pt,False,37317.0,12
Du4-MFR9Bgo,URGENTE! O BOTAFOGO FALIU,criadores_pt,False,51475.0,5
pVnGDvd8B6Y,Raio ⚡️ caindo em Biguaçu/SC #raios #chuva #tempestade,criadores_pt,False,1810690.0,6
BMb4IFNF1OA,"BRENO FARIA DO ""CAFÉ COM TEU PAI"" RESPONDE: O QUE PRIORIZAR? CARREIRA OU CASAMENTO?",criadores_pt,False,867.0,0
9GrybBn00QM,QUANTO MAIS VOCÊ CRESCE MAIS INTELIGENTE TEM QUE FICAR #fefranco #academia #thiagonigro #shorts #fyp,criadores_pt,False,2447.0,-1
u8m3yeUx-yM,seja odiado pelas pessoas ( meu conselho de vida),criadores_pt,False,11179.0,4
Lb5nIElGZpM,O VERDADEIRO MOTIVO DO FRACASSO DO MBL,criadores_pt,False,61560.0,5
e3UqxCo-KYQ,COLOQUE EM PRÁTICA A “REGRA DOS 28”,criadores_pt,False,48081.0,5
Lwp2064gx1s,O BRASIL QUEBROU A ARGENTINA,criadores_pt,False,38222.0,0
hnXrtxgBCOE,HARMONIZAÇÃO FACIAL = COISA DE PASSIVO,criadores_pt,False,34025.0,5
vq9MqEckHN4,Fui pra Balada com Messi | Raiam Santos,criadores_pt,False,19793.0,0
A3KQus7heJY,A CULPA FOI DO ENDRICK (e do Neymar),criadores_pt,False,95624.0,5
tqw33s2HVz0,Heitor Santos - Praia de Jacumã (AGONIA DO HS EM CAPELA AO VIVO),criadores_pt,False,43600.0,7
066saFlyxh0,MOMENTOS ANTES DO NEYMAR ENTRAR EM CAMPO! 😍,criadores_pt,False,297268.0,0
ocCHKUds3ig,Natanzinho Lima - Instinto Chuva de Arroz - Na Favela (Ao Vivo no Complexo do Alemão/RJ),criadores_pt,False,2002065.0,0
DsIMdspkCfI,CHUVA DE ARROZ - Natanzinho Lima,criadores_pt,False,2990329.0,0
4SPxPPmKSJI,Rayane e Rafaela - PERIGO / CHUVA DE PRATA / AMANHÃ TALVEZ - [Ao Vivo Em Goiânia] - (Vídeo Oficial),criadores_pt,False,623780.0,0
edFe2w9HEUI,ADORAREI CHUVA | Jonathas Almeida / Os Adoradores Na Praça,criadores_pt,False,7435488.0,6
LeIRyrqHRNo,HIPNOSE para DORMIR com SOM DE CHUVA | Durma a noite inteira e acorde revigorado,criadores_pt,False,521833.0,7
bC6-zSeGgVM,Devolva-me,criadores_pt,False,6081588.0,9
8GQwtYd0tfw,Raul Seixas - Medo da chuva - Karaokê,criadores_pt,False,3643493.0,0
C53u2uxjuDM,Barulho de Chuva para Dormir Profundamente - Som de Chuva e Trovões à Noite #8 Nature White Noise,criadores_pt,False,595236.0,7
4xbBNCDan3U,Barulho de Chuva e Trovoadas para Dormir Profundamente - Durma Sozinho sob Chuva Forte |ASMR,criadores_pt,False,674961.0,7
0hhz7KSEIAE,Atirei o pau no gato - Galinha Pintadinha 2 - OFICIAL,criadores_pt,False,953164855.0,9
gF73KklLX6M,Quando a Chuva Passar - Ivete Sangalo (Karaokê Version),criadores_pt,False,2295588.0,0
mdzB2XmYwb8,"Heitor Santos, Liene Show e Kaelzinho Ferraz - Foi Por Conveniência (Arrocha, Vaquejada e Paredão)",criadores_pt,False,92710.0,-1
sHULpyz9D10,Luan Santana - CHUVA OU CHORO (Ao Vivo na Lua),criadores_pt,False,1787681.0,0
SQAozIai-IA,Raul Seixas Medo da Chuva Legendado,criadores_pt,False,768998.0,0
CxhseevxwA4,Heitor Santos - Né (HS NOS BAIRROS),criadores_pt,False,821259.0,7
oUnRO3hDy98,BANDA MEGA POP SHOW - UNIVERSO DO AMOR / CHUVA FINA / RAIO DE LUZ / TELEPATIA / IMAGEM DO PRAZER,criadores_pt,False,4698882.0,0
mit0icSviNA,Chuva Fina,criadores_pt,False,3633116.0,9
2S6-cm3RA5Y,"Chuva na serra, composição de Carlos Cézar e José Fortuna",criadores_pt,False,3619498.0,0
OHpk68YtI2o,chuva e vento forte na praia grande sp,criadores_pt,False,91722.0,0
95nGUbM2Wmg,Heitor Santos - Amante Não Tem Lar (AGONIA DO HS EM CAPELA AO VIVO),criadores_pt,False,368901.0,7
hkveS2FXekA,Heitor Santos - Moça do Espelho (HS NOS BAIRROS),criadores_pt,False,3228867.0,7
f1QWPKEbeQU,Chuva Chove no Chuveiro | BOLOFOFOS [ Hora do banho ],criadores_pt,False,1347763545.0,0
CVFcB3UMYC0,Medo Da Chuva,criadores_pt,False,3567512.0,9
IwDazs5ScCA,"Maria Gadú - ""Quando fui chuva"" {feat. Luis Kiari} - DVD Multishow Ao Vivo [Vídeo Oficial]",criadores_pt,False,71092534.0,-1
jh0IbIjj54s,"Nikolas, Renan Santos e Tabata: a polêmica sobre conjunto habitacional que virou favela",criadores_pt,False,175186.0,0
Ik_SjSMwVT4,Heitor Santos - Sonho de Amor (HS NOS BAIRROS),criadores_pt,False,2970077.0,7
yQd-EhAXY8Y,Chuva de Honestidade Flávio Leandro com Cícero Mendes e Chico Justino @DaviLeandroOficial,criadores_pt,False,32317404.0,0
K_rKjQ6iIbE,Nocaute,criadores_pt,False,12277419.0,9
o0VLZt5irDc,Gal Costa Chuva de prata,criadores_pt,False,7026570.0,6
S9LA4tEUhKA,Murilo Huff - Quando a Chuva Passar / Sem Ar / Meu Bem Querer (Ao Vivão 3),criadores_pt,False,16235365.0,0
N9mehY-qYsI,O truque pra deixar o bolinho de chuva super redondinho e sequinho!,criadores_pt,False,2824387.0,0
smIz5lRbhqc,"Na Rua, Na Chuva, Na Fazenda (Casinha De Sapê) (Ao Vivo)",criadores_pt,False,4738473.0,9
CYOhKpusvjI,Biquini Cavadão - Chove Chuva (Ao Vivo),criadores_pt,False,2432054.0,6
YZuzzYdnUfk,CUCA | COLETIVA (16/09/26),criadores_pt,False,53808.0,0
tovVtYb8_eA,Som de Chuva sem Trovão para Dormir e Relaxar - Sons Relaxantes da Natureza - Insomnia & Tinnitus,criadores_pt,False,1382379.0,7
l0RG0usm7u4,"SOBRE OS IMIGRANTES DE CEUTA, ESPANHA",criadores_pt,False,35040.0,5
R1nDgInHjYc,A TEORIA DO MACACO,criadores_pt,False,39254.0,-1
EDoegs_6DPs,Breier fala o que acha do Raiam Santos! #breier #gabrielbreier #raiamsantos,criadores_pt,False,7131.0,-1
7AGxdMo4NhI,Ritmo de Chuva - Forró Cintura de Mola 🎙️ Karaokê da Baianinha,criadores_pt,False,478303.0,0
ANNYMkHmFPI,FIZERAM MA CUMBA PARA O NEYMAR...,criadores_pt,False,44042.0,5
vmdupwlExwQ,"Esporte Espetacular Raiam dos Santos (TV Globo, 1.1.2012)",criadores_pt,False,361156.0,-1
Z5GFJ3XzZyY,RAIAM SANTOS É CHAMADO DE MACAC* E DESABAFA....,criadores_pt,False,11031.0,0
rf3kc8Y9rbM,NEYMAR CHEGA AO TREINO FAZENDO EMBAIXADINHA! 😂,criadores_pt,False,7233925.0,0
A7Ua99XqeQs,NEYMAR COMPROU A SAF DO SANTOS?,criadores_pt,False,13898.0,0
P8HqjDpvbDg,TRETA! VAMPETA E RAIAM DISCUTEM SOBRE ZICO E CLIMA ESQUENTA,criadores_pt,False,213713.0,-1
3mxNDCR9nEw,Raiam santos recomenda 48 leis do poder #shorts,criadores_pt,False,19376.0,0
DL9KyXgtDAg,toneladas de lama despencam de 30 metros em fazenda #viral #chuva #natureza #waves #tsunami,criadores_pt,False,1042325.0,6
XU2IT2SJitU,#Chuva passa. Propósito fica.,criadores_pt,False,56923.0,6
FopvIMXBBFk,Mascotes vindo se proteger da chuva,criadores_pt,False,7051.0,6
l0sCyN4yoPM,RAIAM DO SANTOS QUESTIONA VAMPETA E ELE AFIRMA: SOU O QUE MAIS PEGOU EM TODO O MUNDO #raiamdossantos,criadores_pt,False,130725.0,-1
F6_hwiZvVvc,MONARK FALOU UMAS VERDADES NA CARA DO RAIAM SANTOS,criadores_pt,False,2637.0,-1
CqcvFaBGM0c,Primo Rico faz Flávio Augusto trair Raiam Santos #shorts,criadores_pt,False,293878.0,0
F4PgSuZtdZA,ELES ACABARAM COM A CULTURA NEGRA,criadores_pt,False,105887.0,0
5QpMrYKlGvA,CHUVA DE ARROZ - Rey Vaqueiro (O Rey Na Vaquejada),criadores_pt,False,10878686.0,-1
P1vxVTlUMyA,Chuva intensa e ventos fortes na Zona Leste da capital,criadores_pt,False,260023.0,6
mxmvgXAZGQ8,SE O CARA TEM 40+ E NÃO TEM FILHO...,criadores_pt,False,31819.0,0
J6T29srxR9E,muita chuva ☂️ Deus abençoe a todos,criadores_pt,False,1190.0,6
YFM-3BDIY9c,O que explica esse acidente? #carcrash,criadores_pt,False,1729446.0,6
hCJTv9ToM2M,Ruyter manda indireta para Raiam Santos! #ruyter #raiamsantos #shorts,criadores_pt,False,4274.0,0
WIjbnNk2j3E,Quando a Chuva Passar,criadores_pt,False,347010.0,9
ama287I6W44,MC Tuto - Chuva de Arroz - 2T IN HOUSE 🏠,criadores_pt,False,5152583.0,0
-J3yEf-xWq0,Mega Tempestade! Som de Chuva forte com Raios e Trovões para dormir - ASMR Rain sounds for sleeping,criadores_pt,False,1414706.0,7
zMA88Jwcq-o,RUSSAS CHOCAM AO DAR NOTAS AO RAIAM SANTOS,criadores_pt,False,2496.0,0
FMLZ5hB48m8,MULHER BONITA NÃO VAI EM BALADA,criadores_pt,False,101423.0,-1
dh_EmPkhR48,Como Tocar No Violão - MEDO DA CHUVA (Raul Seixas),criadores_pt,False,1512148.0,0
jOu4hD9j51Q,Rio Tietê atinge nível crítico e água invade trecho da Marginal em São Paulo #shorts,criadores_pt,False,387743.0,6
l6zM4cXRX1o,Ventania e chuva causam estrago em cidades da Baixada Santista,criadores_pt,False,41677.0,0
1DzALCQP6iY,Raul Seixas - Medo Da Chuva 1974,criadores_pt,False,980693.0,0
k927UmIRHQs,⛈️ Barulho de chuva para dormi e relaxa/Som de chuva Relaxante 4 horas de som de chuva💤,criadores_pt,False,1747924.0,7
Dt13Wv6Opeo,Marília Mendonça - Foi Por Conveniência (Não Foi Por Amor) (Vídeo Oficial),criadores_pt,False,173625747.0,0
r3TLC6987-4,MANÚ BAHTIDÃO - CHUVA DE CHORO (MELODY 2025),criadores_pt,False,1864955.0,0
znDDuxu2Tu8,"UNHA PINTADA - CHOVE CHUVA CHOVE, VEM LAVAR ESSA SAUDADE (COM GRAVE)",criadores_pt,False,2344305.0,0
bjWAQrnThOY,CHORO NA CHUVA - Pablo 2026 (Música Nova),criadores_pt,False,364428.0,-1
2BEVPuuOqrA,VOZ DA VERDADE - CHUVA DE SANGUE - COM LETRA - CD CHUVA DE SANGUE,criadores_pt,False,6149056.0,0
Mt8RXunvcbw,A ERA DOS MÉDICOS DESEMPREGADOS,criadores_pt,False,40025.0,5
lc5UzRLH5qw,NÃO CONFIE EM PASTORES,criadores_pt,False,64426.0,-1
0y1w1aaFVjA,Te Vivo,criadores_pt,False,1752497.0,9
ymv6-rhyQKc,A vida noturna na tailândia com raiam santos e sergio negão #raiamsantos #humor #tailandia #baladas,criadores_pt,False,5005.0,-1
iZq0u3quAqo,Hungria - Amor e Fé (Official Music Video) #CheiroDoMato,criadores_pt,False,756145308.0,0
e61pQBF9QCY,🚨Treta: Raiam Santos x Renato Cariani,criadores_pt,False,62025.0,0
qtEcNxnnrRc,🎧 RUÍDO BRANCO PARA BEBÉ DORMIR RAPIDAMENTE ⛄ SOM DE CHUVA DE NEVE E GRANIZO 🕒 8 HORAS 💤 WHITE NOISE,criadores_pt,False,6280986.0,7
Ij24sqNGR_8,RAIAM SANTOS VAI CASAR 😳,criadores_pt,False,2149.0,0
anKUf3d64Bc,Elaine Martins - Volte A Sonhar (Clipe Oficial MK Music),criadores_pt,False,314980982.0,0
Z6cONvRUFZQ,GABRIELA ROCHA - ME ATRAIU (AO VIVO),criadores_pt,False,415248427.0,0
A2HvRcZlHvg,Tribo da Periferia - Nosso Plano (Official Music Video),criadores_pt,False,404615869.0,-1
LY7C7DkFF6k,Raiam Santos sobre Vinícius Júnior,criadores_pt,False,1512.0,-1
kBGIf9o4x8Q,Não crie um canal no youtube em 2025! - raiam santos,criadores_pt,False,4515.0,-1
kGGuH06b-C8,Paula Fernandes - Amar De Novo (Set Fire To The Rain) - Clipe Oficial,criadores_pt,False,3723993.0,0
jK2k1P56Cno,"Poesia Acústica #6 - Era Uma Vez - Mc Cabelinho, Orochi, Bob, Maquiny, Azzy, Filipe Ret, Dudu, Xamã",criadores_pt,False,975987946.0,0
APNnPTl14bE,Biquini Cavadão - Chove Chuva (Ao Vivo),criadores_pt,False,3351341.0,-1
MRFNjgKmkm4,Raiam Santos FALA sobre POLÊMICA do PROGRAMADOR!,criadores_pt,False,1225.0,-1
fx29bUnBte4,HIPNOSE para DORMIR com SOM DE CHUVA | Limpeza emocional para acalmar a ansiedade,criadores_pt,False,376099.0,7
7lVxjQCIVBo,Música de meditação e relaxamento | som de água corrente #shorts,criadores_pt,False,2863890.0,7
7EzYn1L8K4Y,Raiam Santos X Vilela #raiamsantos #inteligencialtda #sabedoria #processo #podcast #mudança,criadores_pt,False,54363.0,-1
Ij4cKcsGMrw,CHUVA DE ARROZ - (CLIPE OFICIAL) - IRMÃS PINA,criadores_pt,False,58609976.0,0
oGK5E24zTbI,RENAN SANTOS - Flow News #065,criadores_pt,True,2204761.0,-1
6Tzeh4_zlMs,Raul Seixas - Medo da Chuva #music #musica #raulseixas #medodachuva #hit #pliniofabricio #rock,criadores_pt,False,32134.0,0
4t2KLo9kvNY,A MALD1ÇÃO ESPIRITUAL DAS MULHERES DO J0B,criadores_pt,False,52010.0,-1
pGVByiiL-ec,TODO HOMEM PRECISA COMER UMA GORDA,criadores_pt,False,23348.0,5
eij9DhcctgY,Kelen Santos - Quando Fui Chuva (Luís Kiari com Maria Gadú),criadores_pt,False,80318.0,0
ViIENhmdb4E,Chuva de Meteoros | Câmeras Escondidas (13/08/17),criadores_pt,False,12746158.0,6
jxTMthajHC8,Previsão do Tempo: Chuva diminui mas Sudeste segue em alerta nesta terça (15),criadores_pt,False,105692.0,0
s7KxQRFEL80,São as turbulências 🤣🤣 #shorts,criadores_pt,False,7323292.0,-1
IQXKso6_33A,ELE ENCONTROU ESSES GATINHOS ABANDONADOS NA CHUVA E RESOLVEU AJUDAR! Via: @aziok,criadores_pt,False,74221.0,-1
esCp2B-La3c,AO VIVO: MUDANÇA NO TEMPO HOJE | CHUVA E VENTO NO LITORAL NORTE | CARAGUÁ URGENTE,criadores_pt,False,2728.0,0
m48Bq_oT8R8,Ao Som da Chuva | Lanna & Larissa [Clipe Oficial],criadores_pt,False,478001.0,0
bRR6KF5FOlo,Ismael Júnior Mandarei Chuva (Bolero Volume 3),criadores_pt,False,1922468.0,0
HjH7O62W5y4,RHAY reage ao vídeo do RAIAM SANTOS sobre o MESSI #react #cortes #streamer #rhaychuu #raiamsantos,criadores_pt,False,5348.0,-1
MVVhMZLUMs4,Chove Chuva Chove,criadores_pt,False,3502468.0,9
ULviiMUbt0E,CANTOR ISMAEL SANTOS MANDAREI CHUVA,criadores_pt,False,2785.0,0
LbiozcoaXAs,Previsão do tempo para HOJE (12/06)!,criadores_pt,False,671639.0,-1
PO0Jbd-su4A,Pescamos nas águas proibidas do Porto de Santos e olha o que deu!,criadores_pt,False,45.0,0
ERHyunHcGHw,como andar em #telhado? #kitnet #construção #infiltração #chuva #obra,criadores_pt,False,96346.0,6
6R7W5uEefJc,Chuva Purificadora,criadores_pt,False,382281.0,9
9t33C7TWbAI,Barulho de Chuva para Dormir Profundamente - Som de Chuva Forte e Trovões #2 Nature Rainstorm Sounds,criadores_pt,False,551244.0,7
d3kJafl9RYw,Dalmi Junior - Lágrimas e Chuva (Bagaceira do Dalmi),criadores_pt,False,4648680.0,-1
aHFMtM2TNHo,Calcinha Preta - Faço Chover (It Will Rain) #ATEMPORAL (Ao vivo em Salvador),criadores_pt,False,9704504.0,0
wjjO5xrKPrY,CLIMA ESQUENTOU! JONVLOGS DEBOCHA DE RAIAM SANTOS EM CONVOCAÇÃO DA SELEÇÃO: “MEU MAIOR FÃ AÍ!” 🍿👀🇧🇷,criadores_pt,False,5010.0,-1
Gvi7nUcrFd0,SÓ ACONTECE 1 VEZ POR DÉCADA... A OPORTUNIDADE VOLTOU (GPCA11),criadores_pt,False,169878.0,0
BeDAxXlpMiQ,O TCAR ME VENDEU UM CARRO DE R$1 MILHÃO (fiz um bom negócio?),criadores_pt,True,181615.0,-1
03v-3X8dt1M,Como deixar de ser ESCRAVO do DINHEIRO? (mesmo sendo rico) | Thiago Nigro #EP71,criadores_pt,False,144793.0,-1
P9D2CE1P7q8,ELA FATURA R$200 MIL POR MÊS TE ENSINANDO COMO DIMINUIR A BARRIGA | O Plano Perfeito #5,criadores_pt,True,154997.0,-1
zQwu-mQx1t4,COMO THIAGO NIGRO FICOU MILIONÁRIO antes do Primo Rico (resumo)| PrimoCast 251,criadores_pt,False,10428.0,0
zBMnbvgCoUU,A ESTRATÉGIA dos GRANDES EMPRESÁRIOS pra fazer EMPRESAS CRESCEREM (Alfredo Soares) | PrimoCast 523,criadores_pt,False,127833.0,0
VmA7pTyyMBw,VENDI O TIGGO DO BILIONÁRIO LUIZ BARSI,criadores_pt,True,368006.0,-1
Drhvyvhj62o,O que DEUS espera de VOCÊ? | Construindo para o REINO com Teo Hayashi | PrimoCast 502,criadores_pt,False,106192.0,0
RNKe9-Kmve8,OS SEGREDOS DO SUCESSO DE THIAGO NIGRO! | PODSHAPE #02 - ESTREIA,criadores_pt,False,20498.0,-1
0HDesRDWHvc,A TRANSFORMAÇÃO NO FÍSICO DE THIAGO NIGRO E AS MELHORES DICAS PARA INVESTIMENTOS | PodShape 01,criadores_pt,False,13286.0,0
-GH4499f7cg,MAÍRA CARDI HUMILHA THIAGO NIGRO POR CAUSA DE UM REFRIGERANTE,criadores_pt,False,124391.0,-1
p7nZ8ZL-V60,CONHECENDO O ESCRITÓRIO DA AVENUE | Eles investem em DÓLAR o dinheiro de +1 mi de clientes,criadores_pt,True,126344.0,0
qTr1YO8cDts,THIAGO NIGRO EXPLICA SOBRE O INVESTIMENTO NO REAL! #renatocariani #thiagonigro #investimentos #real,criadores_pt,False,25458.0,-1
-BlI8n4wg2U,CASAMENTO É PARA SEMPRE | Thiago Nigro e Maíra Cardi,criadores_pt,False,3852.0,0
O9rYL4qYzWw,O começo do namoro de Maíra Cardi e Thiago Nigro,criadores_pt,False,27561.0,0
jHEfxFOBbzk,"CONSEGUIRIA RECUSAR? Marido de Maíra Cardi, Thiago Nigro afirma que se a esposa disser não, é não!",criadores_pt,True,39964.0,0
7dRoGvrlDsw,3 INVESTIMENTOS PARA INICIANTES EM FUNDOS IMOBILIÁRIOS (comece a investir do zero),criadores_pt,False,155148.0,0
WU85bmeVah0,Thiago Nigro diz que Maíra Cardi precisa ser estudada #ThiagoNigro #MairaCardi,criadores_pt,False,62307.0,-1
44iUZeIQA14,DEUS FALA COM THIAGO NIGRO | PrimoCast 301,criadores_pt,False,36559.0,0
9RBGrmNs4JY,"Na Onda do Bilhão: A história de Thiago Nigro, O Primo Rico (Documentário Completo)",criadores_pt,False,1698.0,0
iVHpA-uRMyk,Thiago Nigro rebate críticas sobre seu novo relacionamento com Maira Cardi,criadores_pt,False,23980.0,0
6Zvt8_1LUFw,Onde empreender para ficar rico? Thiago Nigro revela o segredo no canal O Empreendedor!,criadores_pt,False,4477.0,-1
UFytd1TfYg4,Maíra Cardi detona ex de Thiago Nigro: “Chega de bancar a vítima”,criadores_pt,False,13216.0,-1
3SZix7rd1bY,THIAGO NIGRO DA LIÇÃO DE VIDA FORTE - INSCREVA-SE NO CANAL #shorts,criadores_pt,False,9168.0,-1
dQfbIsVV1N4,A Fortuna do Thiago Nigro - o Primo Rico,criadores_pt,False,11043.0,-1
3jse5RhKgG8,Audiolivro | Do mil ao Milhão | Thiago Nigro,criadores_pt,False,16183.0,0
3Qt98bCEAMo,Thiago niagro o primo rico fala sobre seu relacionamento #primorico #thiagonigro #maíracardi,criadores_pt,False,7226.0,-1
SWT-mQyTUBk,HISTÓRIA DO THIAGO NIGRO @primorico @PrimoCast #marketingdigital #investimentos #bolsadevalores,criadores_pt,False,3665.0,0
XC6wdi78RYQ,"Quem compra imóvel não erra , Thiago nigro! #poadcast #thiagonigro #financas #dinheiro #seuelias",criadores_pt,False,2878.0,-1
kGdFaY53PNc,MAÍRA CARDI JOGA REFRIGERANTE DE THIAGO NIGRO NO LIXO,criadores_pt,False,531.0,-1
UMsQIYh08Fw,É normal? Maira Cardi expõe hábitos do marido Thiago Nigro,criadores_pt,False,19253.0,-1
anI4BnSEh_U,Maira Cardi é quem escolhe secretária de Thiago Nigro e diz que NÃO existe amizade de homem e mulher,criadores_pt,False,55037.0,0
HERIyzBInuw,Thiago Nigro: Ganhar dinheiro com Consórcio,criadores_pt,False,1324.0,0
ibw4_xV-zxM,Ex-esposa de Thiago Nigro posta letra de música com indireta e internautas apontam traição,criadores_pt,False,58074.0,0
pjXgw2HrHuA,"Forma prática de escolher empresas da B3 saudáveis financeiramente (por Thiago Nigro, o Primo Rico)",criadores_pt,False,1036.0,0
briHv7-PIhU,Como eu conheci o Thiago Nigro - Maíra Cardi,criadores_pt,False,42462.0,0
CMuDIKz_XCc,COCA-COLA CAUSA TRETA ENTRE MAÍRA CARDI E THIAGO NIGRO | RICARDO VENTURA | ANALISE,criadores_pt,False,3416.0,-1
0exZh4CosBc,A HISTÓRICO DO RABINO QUE USOU A ENERGIA DO DINHEIRO | Thiago Nigro | Como Você Fez Isso,criadores_pt,False,9263.0,-1
kxo5__3OrqU,"Quem é Thiago Nigro o Primo Rico? (História de Thiago Nigro, o PRIMO RICO",criadores_pt,True,1437.0,0
F53ExDFVi7g,Maíra Cardi e Thiago Nigro falam sobre a chegada da filha e internação na UTI,criadores_pt,False,42890.0,0
cevUo_EsjF8,THIAGO NIGRO REVELA QUE CARTA DE POKEMON VALORIZA MAIS QUE CARRO #tcar #primorico,criadores_pt,False,47998.0,0
67ogR0jDJN4,Thiago Nigro surge bebendo refrigerante após Maíra Cardi proibir,criadores_pt,False,35328.0,0
ftOSVdf_9x4,Casamento de Maira Cardi e Thiago Nigro..,criadores_pt,False,29137.0,0
Ovs7yRxdR44,🤑 DINHEIRO É FRUTO DO TEMPO | THIAGO NIGRO (PRIMO RICO),criadores_pt,True,15480.0,-1
pM96zaSfQps,CONHECENDO A CASA DO THIAGO NIGRO E DA MAÍRA CARDI EM ALPHAVILLE - INSCREVA-SE NO CANAL #Shorts,criadores_pt,False,32156.0,-1
UmJ7BiVGwi8,Thiago Nigro e Maira Cardi revelam nome da primeira filha; saiba qual é!,criadores_pt,False,6728.0,-1
m1QRcUPLnlM,QUEM É MAIS RICO THIAGO NIGRO X PABLO MARÇAL 🤔💰 #faturamento #rico #shorts,criadores_pt,False,2393.0,-1
1AvI4T8Kf-A,Ex-mulher de Thiago Nigro revela qual foi a parte mais difícil de ‘recomeçar’,criadores_pt,False,9743.0,0
mOX7f4PCFRM,“COMO FICAR MILIONÁRIO EM DOIS ANOS” - Thiago Nigro O Primo Rico,criadores_pt,False,1950.0,-1
9VTTYCBZ2EY,A Arquiteta por Trás das Casas de Neymar e Thiago Nigro Revela TUDO! com Chris Arantes | Mi Casa 221,criadores_pt,False,28355.0,-1
5j5z__2ieas,A super fortuna de Thiago Nigro em 2025,criadores_pt,False,1518.0,0
h0G5eehZTFI,THIAGO NIGRO CONFRONTA FÉ DE THIAGO FINCH – A RESPOSTA SURPRENDE A TODOS! #podcast #cortespodcast,criadores_pt,False,103.0,-1
6MN53mPZKtk,VALE A PENA INVESTIR EM PREVIDÊNCIA PRIVADA? | Thiago Nigro,criadores_pt,True,688.0,0
aCL0yBEIgNM,"Saiba quem é Thiago Nigro, o Primo Rico e novo namorado da coach de emagrecimento Maíra Cardi",criadores_pt,False,2616.0,-1
bR16-ajw7Ng,"Após pedido de casamento, ex-mulher de Thiago Nigro manda indireta para o novo casal 👀",criadores_pt,False,36885.0,0
UHBkXMdyMf8,PRÉ VISTORIA da OBRA! O que está errado? #MairaCardi #ThiagoNigro #Obra #Reforma #DiarioDeObra,criadores_pt,False,29454.0,0
smCRFQwYoCY,"Assim é a vida luxuosa de Thiago Nigro, o Primo Rico (mansões, carros, gastos, negócios, fortuna...)",criadores_pt,False,8422.0,0
mJSOp7068Yo,Thiago Nigro revela por que casou em comunhão total de bens com Maíra Cardi,criadores_pt,False,2481.0,0
D-SaZgtKJew,26 HÁBITOS PARA ELIMINAR EM 2026 por Thiago Nigro (PRIMO RICO),criadores_pt,True,320.0,-1
LqiaF5dZPfw,COMO É O DIA A DIA DO THIAGO NIGRO? - INSCREVA-SE NO CANAL #Shorts,criadores_pt,False,32302.0,-1
QurtYY7DMXc,THIAGO NIGRO e CAMILA junto com Karina Peloi e Wendel Carvalho falam sobre RELACIONAMENTO.,criadores_pt,False,9510.0,0
AZzdzSDmUCI,A VERDADE SOBRE A OBRA DE MAÍRA CARDI E THIAGO NIGRO (PRIMO RICO),criadores_pt,False,705.0,0
OmWTZLWpFCM,O REGIME DE BENS DO CASAMENTO DO THIAGO NIGRO COM A MAÍRA CARDI #shorts,criadores_pt,False,5080.0,-1
snfAA1bwasA,THIAGO NIGRO COM SUA FILHA ELOÁ #baby #primorico,criadores_pt,False,14673.0,0
DGBs_xvCGgQ,COMO THIAGO NIGRO TRANSFORMOU O SEU NEGÓCIO!,criadores_pt,True,147580.0,0
O-BAjLzeksk,@primorico FOI ASSIM QUE EU COMPREI UM PATEK #patekphilippe #luxo #thiagonigro #fabricadecortes,criadores_pt,False,5564.0,0
tC07vx_ByE4,"Maira Cardi diz que não perdoaria traição de Thiago Nigro: ""Tacaria fogo nele"" | Melhor da Tarde",criadores_pt,False,2118.0,0
BAVoqqoyxok,SAIBA O SEGREDO: THIAGO NIGRO REVELA como ALAVANCAR seus INVESTIMENTOS com CONSÓRCIO!,criadores_pt,False,5282.0,0
ASMid6xvgpY,"Breier, O que falar quado moça chama de MACHISTA? #shorts #shortsfeed",criadores_pt,False,9686.0,-1
Zbo8ON-MtiI,Shape Natural! 🔱🔥 #breier #gabrielbreier #motivação #motivation #treino,criadores_pt,False,689.0,0
isqsDEenpSw,GABRIEL BREIER ENCONTRA HATER FEMINISTA NA RUA #shortsdobreier #shorts #gabrielbreier #breier,criadores_pt,False,13686.0,-1
g7V1Su0cdoc,Jesus transforma o intransformavel!!,criadores_pt,False,3949.0,0
TsAXLJYe7bY,Betinha #relacionamentos #mulheres #breier #gabrielbreier,criadores_pt,False,1013.0,0
7qhrMiWnDRo,Gabriel breier #breier #motivaçao #gabrielbreier #viral #shorts,criadores_pt,False,3975.0,0
aRrStZ9eHiA,GABRIEL BREIER COMO PEDI ELA EM NAMORO? #shorts,criadores_pt,False,9785.0,0
m_xAQkc4DMA,Esse é o SEGREDO DO SHAPE ESTÉTICO LENDÁRIO.#Shorts #shape #dieta #breier #gabrielbreier,criadores_pt,False,14938.0,0
7q443dYicXI,Gabriel breier #motivacional #breier #gabrielbreier #motivação #cortesdobreier #viral #neymar,criadores_pt,False,1031.0,-1
Nz0EzDMKzNM,Ele falou que ia se matar #breier #gabrielbreier #breierpower #viral #fy #shorts #shortsvideo,criadores_pt,False,2389.0,-1
l8MefadPakQ,Foca em você! | 💭 Gabriel Breier,criadores_pt,False,7590.0,0
mHtcDT-g1_w,"O QUE ME DIZ SOBRE O BOLSONARO, BREIER ? #shorts",criadores_pt,False,5803.0,0
LFMo8r-XdhY,GABRIEL BREIER COMO FAZ PARA NÃO LIGA OPINIÕES DOS OUTROS ?#shorts,criadores_pt,False,20816.0,0
z_pwkVDPgLA,Eu Sou GAY tem algum problema ? #shorts,criadores_pt,False,13602.0,0
HcHCRmpcYDM,Aprende a ganhar dinheiro de verdade | 💭 Gabriel Breier,criadores_pt,False,4146.0,-1
_33RMev7be0,SUPER XANDÃO REAGINDO AO GABRIEL BREIER,criadores_pt,False,6049.0,0
FhOER1P6qzc,Escolhas #motivação #motivação #life #lifestyle #breier #gabrielbreier,criadores_pt,False,66.0,0
moR94StTj3M,Nāo subestime a fera!! #luta #vencer #boxing #breier #gabrielbreier,criadores_pt,False,5239.0,0
A_EPm9dnw1k,"🎙 - Gabriel Breier | ""Enquanto você tem medo, você não tem nada""",criadores_pt,False,3333.0,0
bqPLFzJy60w,GABRIEL BREIER O QUE VOCÊ ACHA DO FEMINISMO?,criadores_pt,False,11639.0,0
pMnTZccLnpY,Qual a opinião do Gabriel Breier Sobre a comunidade LGBT?,criadores_pt,False,3609.0,0
gCdpyB_ZVdM,POR QUE AS PESSOAS ODEIA O GABRIEL BREIER ?#shorts,criadores_pt,False,9271.0,0
6Zwzu1IyPzg,GABRIEL BREIER DICA PARA PESSOA TÍMIDO,criadores_pt,False,5777.0,-1
flI3JL7ZbqM,"Tinha terminado com uma garota, É uma boa voltar? ela é FRIA?#shorts",criadores_pt,False,23264.0,0
AGEuKr_X7I4,O QUE ACHA DE HOMEM COM ESTRIA ? GABRIEL BREIER #shorts,criadores_pt,False,28540.0,0
Z8W0KscOzME,"GABRIEL BREIER AINDA GOSTO DA MINHA EX, O QUE EU FAÇO? #shorts",criadores_pt,False,8561.0,0
3azkPWtogTg,ODEIE SER GORDO POR ESSE MOTIVO,criadores_pt,False,144969.0,0
xaTYpb2STcc,GABRIEL BREIER POR QUE TENHO ÓDIO DE CASAIS FELIZES ?#shorts,criadores_pt,False,6359.0,0
t3qWdBybdM8,CONHECEM O GABRIEL BREIER E O FE ALVES? 🔥,criadores_pt,False,5430.0,0
kWAxc1Ho4hI,GABRIEL BREIER VOCÊ TEM MEDO DE SER CANCELADO ? #shorts,criadores_pt,False,6818.0,0
ARsu1Hddvpk,Timidez tem cura?! [Gabriel Breier] #shorts,criadores_pt,False,9531.0,0
riBLzRjt9OU,Gabriel breier #motivacional #breier #gabrielbreier #motivação #cortesdobreier #viral #neymar,criadores_pt,False,4110.0,-1
D_kIBykEoI8,GABRIEL BREIER SE VALORIZAR É ACEITAR ?#shorts,criadores_pt,False,7583.0,0
B-I4Ge0VDRE,MUDE A MENTE ANTES DO CORPO! [Gabriel Breier] #shorts,criadores_pt,False,7090.0,0
eipDkMW3M-c,COMO QUE APRENDE A CONVERSAR ? [ GABRIEL BREIER ],criadores_pt,False,4328.0,0
_Avwi0OKoZo,Breier manda a real para quem fuma,criadores_pt,False,2993.0,0
NsvRuHbQbRg,GABRIEL BREIER O QUE TRAS FELICIDADE ? #shorts,criadores_pt,False,7178.0,0
4DKiLMK93FI,COMO TER AUTOESTIMA ? [ Gabriel Breier ],criadores_pt,False,1185.0,-1
HcR63XxFuyU,Não seja um beta #vencer #luta #bulling #breier #gabrielbreier,criadores_pt,False,736.0,0
3gYiDVkNKJ4,GABRIEL BREIER REMADA NA MÁQUINA DE CABOS!#shorts,criadores_pt,False,7899.0,0
8l8athj4e1s,COMO TER O SHAPE IGUAL DO BREIER OS 365 DIAS DO ANO? #breier #gabrielbreier #cortesdobreier,criadores_pt,False,6464.0,-1
RgUnFdK2COM,Não tem misterio quer evoluir tem que treinar de verdade🔱 #breier #gabrielbreier #treino #mindset,criadores_pt,False,3545.0,0
yro-v2oYqlg,O mundo de Gabriel Breier..,criadores_pt,False,4122.0,0
HAq2ii1zZ6c,GABRIEL BREIER O QUE VOCÊ ACHA SOBRE BULLYING ? #shorts,criadores_pt,False,8664.0,0
AeapTMXHXdQ,GABRIEL BREIER COMO TER DISCÍPLINA ?#shorts,criadores_pt,False,4802.0,0
8dN6mDYDULY,Tu é jovem cara #conquista #relacionamentos #mulheres #namoro #breier #gabrielbreier,criadores_pt,False,118.0,0
bzv5HjOV0R4,Sobre o caso do segurança... #breier #gabrielbreier #polemica #pronunciamento #lgbt #treta #shopping,criadores_pt,False,7590.0,-1
opSQtB8xXnk,USAR OU NÃO USAR CAMISINHA EM UM RELACIONAMENTO? ▶ GABRIEL BREIER,criadores_pt,False,743.0,0
p7NAv_p_Im8,GABRIEL BREIER... 🔥 - #motivation #evolução #breier #motivação,criadores_pt,False,1336.0,0
3zP8NBP9tFY,A forma adequada de tratar uma mulher!#breierpower #edit #gabrielbreier #breier #academia #fyp,criadores_pt,False,349.0,-1
QHBWAavvOGQ,BREIER RESPONDE | COMO LIDAR COM DESÂNIMO ?,criadores_pt,False,8260.0,0
FsugCXjAlSk,Vai pegar um sol #breier #gabrielbreier,criadores_pt,False,14581.0,0
ILzCfSbNqBw,COMO É O SOCIAL PRO E OS OUTROS CURSOS DE GABRIEL BREIER,criadores_pt,False,8598.0,0
6uvNujWzbtw,GABRIEL BREIER O QUE TE MOTIVA ?#shorts,criadores_pt,False,4287.0,0
FfwNEoXXt-I,QUAL DE FOCAR PRIMEIRO? | Gabriel Breier - red cast,criadores_pt,False,258.0,0
pVHTc9UjI2U,Gabriel Breier vs Super Xandão #shorts #debate,criadores_pt,False,7384.0,0
ZkyDWxZbt8U,TEM UM VERSÍCULO NA BÍBLIA AS VEZES EU PENSO NELE #breier #gabrielbreier #baki #sigma #gym #alpha,criadores_pt,False,1888.0,0
ShLxxEYrmUw,Gabriel Breier Dicas de Mestre,criadores_pt,False,8592.0,-1
grHdPg8MFow,GABRIEL BREIER | TER MUITAS AMIGAS AUMENTA O VSM ?#shorts,criadores_pt,False,9269.0,0
9xZJ_gmmU8w,GABRIEL BREIER FALA IMPORTÂNCIA DA MUSCULAÇÃO #gabrielbreier #breier #motivação #musculação,criadores_pt,False,786.0,0
SwhHe_xcEgE,ESSE VÍDEO MUDOU A VIDA DE MILHARES DE PESSOAS | Motivação (Gabriel Breier),criadores_pt,False,5030.0,0
AVzcrH9T_7E,Ele dizia que me amava mas nunca me assumiu de verdade - Onde a filha chora e o pai lê EP.13,criadores_pt,False,1558.0,-1
uRXV9hgOP1A,Reforço positivo com o homem | Café com teu pai (Breno Faria),criadores_pt,False,57.0,3
bp-WjovbOHE,Breno Faria - Tudo pra voltar,criadores_pt,False,777.0,-1
fuyrmamJl_g,Salgadinho e Breno Faria - Sucessos Katinguelê Ao Vivo em SP,criadores_pt,False,422.0,0
kJe3ov8a2xo,Breno Faria & Chrigor - Em barco que navega malandro,criadores_pt,False,661.0,0
nIRTPfT8f94,Breno Faria ex-Katinguelê no Samba da General 22/2/2020,criadores_pt,False,101.0,0
spZF_nVZ9oA,Homem bonzinho só se fod1 #cafecomteupai #cafécomdeuspai #ofimdaficada #relacionamento,criadores_pt,False,2290.0,3
xidqTDTyLAM,Ele Não Te Assume? O Que Fazer! 💔 Dica Direta de Breno Faria #cortescast #podcast,criadores_pt,False,1868.0,-1
2mqhKtjVx1A,Ele me fez de amante para trair a namorada grávida,criadores_pt,False,1747.0,0
gBFXY0eYb48,"""O motivo por trás do sonho dela vai te fazer entender tudo""",criadores_pt,False,477.0,0
ZitoGMPFAbQ,"Traída, grávida e divorciada: a história que vivi em silêncio",criadores_pt,False,1584.0,0
EB4AIQtOezk,Bastidores do Café com teu pai - Hotel São Moritz,criadores_pt,False,779.0,0
ZsSAJJmdg9s,Holy House - Uma casa Hobbit no interior de São Paulo,criadores_pt,False,773.0,-1
S-0WIiyOMrQ,Mamãefalei PodCast | O MAIOR CANCELADO DE 2026 - CAFÉ COM TEU PAI S02EP18,criadores_pt,False,65656.0,3
CwX7bct1dlM,"Música ""Um Novo Amor"" Cantor Breno Faria, acompanhado pelo projeto Resenha de Segunda #samba #story",criadores_pt,False,863.0,0
nWybJj4hVlo,Cilada - Breno Faria,criadores_pt,False,464.0,-1
01a1m0p_mtk,DENÚNCIA EXPLOSIVA CONTRA BRENO FARIA NA PRF: ACUSAÇÕES GRAVES E REVOLTA,criadores_pt,False,336.0,0
ASDVavR1aG0,Aprenda a se posicionar minha filha. #cafecomdeuspai #cafécomdeuspai #amulherqueeleassume,criadores_pt,False,2169.0,-1
410kwFG0lXs,Breno Faria - Falta você - No Bar do Juiz Imperador,criadores_pt,False,30.0,-1
tL3BwzrfL2Y,Não me deixe só couver Breno farias,criadores_pt,False,1041.0,0
kkDw7yZXaZw,Novamente Apaixonado - Grupo Filosofia do Samba ft. Breno Faria,criadores_pt,False,230.0,0
t615HTz4Elo,Samba da Praça Grajaú recebe Breno Faria - 20.07.19,criadores_pt,False,578.0,0
A_7OV8LeONM,PodCast do Ousadia com Breno Faria #8,criadores_pt,False,1387.0,0
6j3kFngTGbM,“Até tentei perdoar ele pelo abandono”,criadores_pt,False,517.0,-1
cT29dq9Pe9s,Cada tipo de pai deixa uma marca. #cafecomteupai #cafecomdeuspai #relacionamentos #ofimdaficada,criadores_pt,False,3392.0,3
fw6IpToewqM,Breno Vieira Faria é denunciado pelo Ministério Público Federal (MPF) por misoginia🤮,criadores_pt,False,2577.0,0
o-v29eswgwY,REAÇÃO AO VÍDEO DE LARA NESTERUK E CAFÉ COM TEU PAI (BRENO FARIA),criadores_pt,False,645.0,0
iN7zs-ZCRgc,ESSE É O HOMEM QUE AS FEMINISTAS NÃO RESISTEM | BRENO FARIA (CAFÉ COM TEU PAI),criadores_pt,False,76.0,0
yVpob9-USts,Homem mente? #cafecomteupai #relaciomento #ofimdaficada #humor #cafécomdeuspai,criadores_pt,False,3867.0,-1
9gNrYQHphLg,Nada dava certo até ela entender a ferida que carregava,criadores_pt,False,1218.0,0
NCwj00-dEtY,Uma mulher adulta independente é sempre aquela mulher que nunca podê depender de ninguém.,criadores_pt,False,2601.0,3
6kk_DYhfZq0,Tudo pra Voltar,criadores_pt,False,1329.0,9
e04czPse390,Marquinhos Sensação e Breno Faria,criadores_pt,False,96.0,-1
wZkWtfSbfYA,CREIO QUE TU ÉS A CURA - BRENO FARIA & AMIGOS | DNMS SM 8 ANOS [AO VIVO],criadores_pt,False,37.0,-1
Xo6I1EHL11s,BRENO FARIA KATINGUELÊ EM Atibaia,criadores_pt,False,12.0,11
Kjg2YHajIGE,Influenciador da ‘machosfera’ vira alvo no MPF por conteúdo misógino,criadores_pt,False,1075.0,0
_-98V1ZCW6o,Só pra comer mesmo... #cafecomteupai #cafécomdeuspai #relaciomento #ofimdaficada,criadores_pt,False,4708.0,3
gPakybkbZVQ,FEMINISMO É FAKE! REVELADO... com BRENO FARIA (CAFÉ COM TEU PAI),criadores_pt,True,620.0,-1
lUCEUAnW0RM,Breno Faria - Atacante (Foward) 2022,criadores_pt,False,64.0,0
UW1_O3bgbq0,Até o céu. Igor Torres e Breno Faria.,criadores_pt,False,229.0,-1
YsjIYBsQSRY,Tendência - Breno Faria,criadores_pt,False,157.0,-1
q2u0jw3EXZs,Dormia na sala enquanto ele me traía no quarto: a história que quase me fez desistir do amor,criadores_pt,False,1049.0,0
DJ_djhzjN0s,Quando um cara realmente quer você ele não te deixa dúvidas. #cafecomteupai #relaciomento,criadores_pt,False,3627.0,0
c8TDeFS64DA,Não adianta ser bonita e burra. #cafecomteupai #cafecomdeuspai #relacionamentos #ofimdaficada,criadores_pt,False,2736.0,3
-kttnLdAzlw,"Treta entre Anita e Breno Faria do café com teu pai , qual sua opinião ?",criadores_pt,False,1200.0,3
rTpt_85r0XI,Ti-Ti-Ti da Resenha & Breno Faria ao vivo,criadores_pt,False,305.0,-1
gft7zcRoajE,Curso do “Café Com Teu Pai”. #renato38tão #stillo3oitao #bitcoin #breno #r38tao,criadores_pt,False,1897.0,3
oOOrkug5yxs,"2º pagode independência Fábio Prado, Wagninho Negritude, Breno Faria, Gianpietro, Atibaia -sp.",criadores_pt,False,36.0,-1
XVLp-iUaL_0,Lá Pela Manhã - Grupo Boleragem Part. Breno Faria,criadores_pt,False,893.0,-1
MkbeBMtHCzc,Samba da Praça Grajaú recebe Breno Faria - 20.07.19,criadores_pt,False,184.0,0
M6jvSxEPyX4,O QUE TUA GLÓRIA FEZ COMIGO - BRENO FARIA & AMIGOS - DNMS SM 8 ANOS [AO VIVO],criadores_pt,False,62.0,-1
tehtQ61nwz4,Breno Faria ex-Katinguelê no Samba da General 22/2/2020,criadores_pt,False,88.0,0
1dZUL4vNDCg,"Pedacinho do céu , Breno Faria e Felipe Dini",criadores_pt,False,298.0,0
HObDvtoVBi8,Não perca tempo com quem você não teria filhos. #relacionamentos #cafecomteupai #cafecomdeuspai,criadores_pt,False,2991.0,3
Be_0Id3hCmI,Breno Faria ex-Katinguelê no Samba da General 22/2/2020,criadores_pt,False,332.0,0
xFKOFYesY0s,DEPENDO DE TI - BRENO FARIA & AMIGOS - DNMS SM 8 ANOS [AO VIVO],criadores_pt,False,34.0,-1
LvUx7sbmeMs,GRUPO FILOSOFIA MÚSICA ETERNAMENTE APAIXONADO COM PARTICIPAÇÃO BRENO FARIA,criadores_pt,False,915.0,7
mnU5Wr7XW2E,BRENO FARIA REVELA O SEGREDO PARA VIRALIZAR NO CAFÉ COM TEU PAI,criadores_pt,False,47.0,-1
X9hYoJIkAH0,"BRENO DO CAFÉ COM TEU PAI FALA: DIFERENÇA ENTRE SER BONZINHO OU HOMEM BOM, BONZINHO É SEM POTENCIAL!",criadores_pt,False,2608.0,0
hH3fwYAzh5E,WarFace By: BRENO FARIA*,criadores_pt,False,56.0,11
BSu--HBxXaY,Ontem tive a honra de tocar com Breno Faria do Katinguele,criadores_pt,False,228.0,0
lc0-0av5wTY,Gamei - Kako Benelli - Part. Breno Faria,criadores_pt,False,71.0,0
fePpsNovZVk,"""CAFÉ COM TEU PAI"" Breno Faria fala sobre as diferenças entre os sexos.",criadores_pt,False,21.0,0
A5KWOd8yXMo,Fatos & Boatos com médico intensivista Breno Faria,criadores_pt,False,657.0,-1
e1-I6J6-rzo,"Fábio Prado, wagninho negritude e BRENO FARIA ao vivo",criadores_pt,False,7.0,0
hmD_xEcMutw,"Fala, Breno Faria!",criadores_pt,False,109.0,0
ddAGm758jIo,NOVA MEDIDA DO GOVERNO PARA MOTORISTAS DE UBER E 99,criadores_pt,False,304286.0,6
o5hYfxK7ECg,THIAGO NIGRO (PRIMO RICO) DÁ DICA DE COMO COMEÇAR DO ZERO #SHORTS,criadores_pt,False,180296.0,-1
zFrLetPLiTM,"O QUE A BÍBLIA DIZ SOBRE DINHEIRO | Riqueza, dinheiro e fé com Hernandes Dias Lopes | PrimoCast 490",criadores_pt,False,174330.0,-1
gd5kjvPjhko,MAÍRA CARDI E THIAGO NIGRO | DRA ANA BEATRIZ PODCAST 2023,criadores_pt,False,166037.0,0
VfgwAo1o3bY,4 MELHORES NEGÓCIOS DE IA PRA COMEÇAR EM 2026 (P/ INICIANTES),criadores_pt,False,165191.0,0
jDwYmqykJlU,COMO ESCALAR SEU NEGÓCIO E AUMENTAR AS VENDAS (Lásaro do Carmo e Thiago Nigro) | PrimoCast 439,criadores_pt,False,160533.0,-1
aFfOzjQuQbg,Thiago Nigro achava Maíra Cardi MUITO POLÊMICA 👀,criadores_pt,False,200204.0,0
f25DJqVjvoY,Thiago Nigro posta vídeo de feto de Maíra Cardi após aborto espontâneo e é criticado,criadores_pt,False,150011.0,0
Fee6Mnhh_Jo,A FORTUNA DO THIAGO NIGRO,criadores_pt,False,150199.0,-1
Rrj5oDNUzfo,THIAGO NIGRO DE MAQUIAGEM NO YOUTUBE? #shorts,criadores_pt,False,147147.0,-1
in-X5emGVQY,"O CASO THIAGO NIGRO E MAÍRA CARDI: O LUTO NA ERA DO LIKE | Marcos Lacerda, psicólogo",criadores_pt,False,143850.0,0
RlDc2YthUTw,Arthur Aguiar deu dicas para Thiago Nigro conquistar Maíra Cardi,criadores_pt,False,207697.0,0
PqgSMkVH0ck,"THIAGO NIGRO (PRIMO RICO) VEIO NA LOJA, SERÁ QUE COMPROU UMA NAVE? #1",criadores_pt,False,130115.0,0
amusmG5q8DY,Carol discorda de Thiago Nigro (Pobre não tem que ter lazer?),criadores_pt,False,123187.0,0
rRVfDB_ln0c,GABRIEL BREIER FALA O PROBLEMA DE FUMAR MACONHA#shorts,criadores_pt,False,21588.0,0
pvrlGEY0ndI,Thiago Nigro conseguiu comprar uma casa Nova ? #thiagonigro #youtubeshorts #sucessofinanceiro,criadores_pt,False,2204.0,-1
lCgLztyk9UQ,*Thiago Nigro trouxe um alerta importante sobre o agronegócio brasileiro.*,criadores_pt,False,911.0,0
3B32QeDAH04,THIAGO NIGRO PEDIU O MAIOR PAINEL MOVIE DO BRASIL,criadores_pt,False,15543.0,-1
mgsfuVntkpU,TCAR REVELA QUE THIAGO NIGRO TÁ MUITO RICO #tcar #tcarimports #thiagonigro,criadores_pt,False,4372.0,0
ND_WZIwhjL0,Thiago Nigro pediu sinceridade ao @canaldoalfredosoares @kompbr #alfredokp08 #alfredosoares #kompbr,criadores_pt,False,1271.0,0
Pc1tiw5M8_I,A VERDADE SOBRE O THIAGO NIGRO 😱 #alfredokp8 #alfredosoares #kompbr ⁨@canaldoalfredosoares⁩,criadores_pt,False,29377.0,0
yZJtzpUIXvQ,THIAGO NIGRO APRESENTOU O BILIONÁRIO BARSI PARA O TCAR #thiagonigro #barsi #tcar,criadores_pt,False,4.0,0
egPUzoXw5_A,Vem novidade por aí 👀 #ThiagoNigro #MairaCardi #Familia #Eloah,criadores_pt,False,54612.0,0
rr05ZRXLWyk,Thiago Nigro explica como o desalinhamento da equipe quase comprometeu seu negócio | BM&C NEWS,criadores_pt,False,1376.0,0
i-IHtfOzmGs,TCAR FICOU SEM ACREDITAR NA HISTÓRIA DO THIAGO NIGRO #tcar #tcarimports #primorico,criadores_pt,False,18637.0,0
5NP0tagpg2s,Thiago Nigro relata como experiências da infância influenciaram sua relação com o trabalho | BM&C NE,criadores_pt,False,923.0,0
Jew2y-pWTUc,ALFREDO SOARES VS THIAGO NIGRO: CEO TEM QUE TER SALA?,criadores_pt,True,57669.0,-1
igBxY2OcKIw,THIAGO NIGRO PODE PERDER 50% DE SUA FORTUNA,criadores_pt,False,635.0,0
FrlrWML0-II,TCAR MANDOU BLINDAR DENZA DO THIAGO NIGRO #tcar #thiagonigro #primorico,criadores_pt,False,48789.0,0
uA7YA4dtAT0,"""EU MUDEI TUDO NELE"" MAIRA CARDI CHOCA AO FALAR DE THIAGO NIGRO",criadores_pt,False,34940.0,0
Eg645HP9uRI,Será esse o FIM do CASAMENTO de Maira Cardi e Thiago Nigro?,criadores_pt,False,1951.0,0
0JwepIWrmB0,THIAGO NIGRO DEU BRONCA NO TCAR #tcar #tcarimports #primorico,criadores_pt,False,18328.0,0
WrThwih5_8c,O erro milionário que custou metade do patrimônio de Thiago Nigro,criadores_pt,False,26112.0,0
mGT25d9zUN4,Maíra Cardi responde vídeo do marido com Coca-Cola e expõe antes e depois,criadores_pt,False,5239.0,0
IkdSAi9lR00,Maira Cardi mostra antes e depois de Thiago Nigro sem Coca-Cola,criadores_pt,False,2631.0,-1
Z-AKyNXODdU,Thiago Nigro Aparece Bebendo Refrigerante Após Polêmica com Maíra Cardi e Web Reage em Peso 🥤,criadores_pt,False,21506.0,0
K8eHL1jGF5I,Maíra Cardi botando Thiago Nigro pra fora da própria casa. kkkkkkkkkkk,criadores_pt,False,13661.0,-1
ohGmOpA2beQ,Thiago Nigro (O Primo Rico) e Maíra Cardi usaram uma lata de Coca-Cola pra te fazer de otário,criadores_pt,False,216.0,0
TApYsB57XgA,"Após polêmica com Maíra Cardi, Thiago Nigro aparece bebendo refrigerante em casa",criadores_pt,False,80821.0,-1
xuZtKUywmNs,Marcelo Rennó diz não gostar do casal Thiago Nigro e Maíra Cardi e fala: “casal chato”,criadores_pt,False,43393.0,0
d_eFfKWG4K4,A Coquinha da Discórdia: Maíra Cardi vs Thiago Nigro #MaíraCardi #ThiagoNigro,criadores_pt,False,2648.0,-1
3-vpRJAruos,"Afrontou? Thiago Nigro surge tomando refrigerante após proibição de sua esposa, Maíra Cardi",criadores_pt,False,43107.0,0
Up2Kyb4qzo0,Thiago Nigro Provoca Após Maíra Cardi Jogar Refrigerante Fora? Vídeo Viraliza!,criadores_pt,False,3944.0,0
oEGMw_zRFfs,Thiago Nigro afronta Maíra Cardi tomando Coca Coca zero #viral,criadores_pt,False,2662.0,0
cwrPb3HvlH0,MAÍRA CARDI proíbe entrada de item na casa de THIAGO NIGRO e gera polêmica,criadores_pt,False,34431.0,0
fVS9yT96ln4,"Thiago Nigro comprou um refrigerante e sua esposa Maira Cardi, jogou no lixo. #casamento #liberdade",criadores_pt,False,6163.0,0
dEzdqCzRSPg,Maíra Cardi revela que jogou refrigerante de Thiago Nigro no lixo #shorts,criadores_pt,False,2525.0,0
yX4LIsspS3M,😱🚨 QUE REVOLTA! MAÍRA CARDI JOGA PEDIDO DE THIAGO NIGRO NO LIXO E DA BRONCA HISTÓRICA!,criadores_pt,False,11083.0,0
vaZ3NrORBls,🔥 O QUE MAÍRA CARDI FEZ COM THIAGO NIGRO É PIOR DO QUE PARECE,criadores_pt,False,48662.0,0
ATv_O9YiNj0,"Maíra Cardi revela que jogou refrigerante do marido, Thiago Nigro, fora: 'Em casa não entra!'",criadores_pt,False,5587.0,-1
fVxFmnrGT6E,🚨 MAÍRA CARDI jogou fora o refrigerante de Thiago Nigro e o motivo está dividindo opiniões,criadores_pt,False,114476.0,0
6BwPhU4siEk,Thiago Nigro cancela viagem a dois com Maíra Cardi após filha adoecer,criadores_pt,False,13124.0,0
MFL2lEYlWUs,"THIAGO NIGRO ""DESABAFA"" SOBRE GASTOS E CRITICAS COM TCAR NA OBRA DA MAÍRA CARDI",criadores_pt,False,9709.0,-1
u3vIuXBPeZ4,O DINHEIRO É UMA ILUSÃO E O TEMPO É A GRANDE VERDADE (com Thiago Nigro) #shorts,criadores_pt,False,9809.0,-1
BpWEWztr3hA,TCAR FICOU IMPRESSIONADO COM A ACADEMIA DE MILHÕES DO THIAGO NIGRO #tcar #tcarimports,criadores_pt,False,12038.0,0
y2mB5qkClNc,Quem ficou ansioso para conhecer a mansão do Thiago Nigro... 👀......#tcar #thiagonigro #mansao,criadores_pt,False,36390.0,0
kQS-1Y_cZgI,O BRASIL VAI QUEBRAR ? Thiago Nigro explica!,criadores_pt,False,501.0,0
aWJwKZHaGSU,🚨 THIAGO NIGRO QUASE TROCOU UM CARRO DE R$2 MILHÕES POR UMA CARTA POKÉMON!,criadores_pt,True,3029.0,0
P3js51umLoM,DESCUBRA SE TCAR ACEITOU PROPOSTA DO THIAGO NIGRO!! #tcar #tcarimports #thiagonigro,criadores_pt,False,11520.0,-1
HiR87Cb6XsQ,TCAR REVELA VALOR ABSURDO DA MANSÃO DO THIAGO NIGRO #tcar #tcarimports #thiagonigro,criadores_pt,False,22343.0,0
93WpZ9a0n6M,TCAR VAI ACEITAR AS CARTINHA DE POKÉMON DO THIAGO NIGRO PELA DENZA D9?? #tcar #tcarimports,criadores_pt,False,18317.0,0
MhwE8LCTGLA,TCAR REVELA ESTRATÉGIA PARA VENDER PARA THIAGO NIGRO #tcar #tcarimports,criadores_pt,False,9710.0,-1
DZkTIRXmgfo,AUMENTE SUA TESTOSTERONA DESTA FORMA,criadores_pt,False,14570.0,-1
MsKamoW2z1k,"Meu primeiro dia dos pais, sendo pai 👨",criadores_pt,False,18863.0,8
8qO00PrdtI8,O CAMINHO PARA FELICIDADE,criadores_pt,False,5958.0,0
vzyuayWzjFM,ROCATI MANDA A REAL SOBRE GABRIEL BREIER! #guicariani #gnomo #juventudecast #rocati #gabrielbreier,criadores_pt,False,1976.0,0
IkCJi5ag8PY,Motivação Gabriel Breier/ #motivation #cortes #shorts #cortes #viralshorts,criadores_pt,False,64.0,-1
tDWY1Emo9Z4,#breier #motivacional #gabrielbreier #reflexão #cortesdobreier #deus #motivation #reflexao,criadores_pt,False,3579.0,0
YzWrUN8Z_Bo,"""Salomão sempre esteve certo"" #breier #deus #evolução #gabrielbreier #jesus #jesuscristo #motivação",criadores_pt,False,9747.0,0
wNptL1tUsU8,Vlog BC (NOSTALGIA 2017) feat. Gabriel breier e Maxwell schlomer,criadores_pt,False,4571.0,0
LO1wD7MV7HE,Não seja bonzinho demais! #motivação #motivacional #breier #gabrielbreier,criadores_pt,False,992.0,0
CyNy33gtd24,Acorda! | 💭 Gabriel Breier,criadores_pt,False,5897.0,0
5cJvDkkAqxQ,História do GABRIEL BREIER,criadores_pt,False,4234.0,0
O_TEwXa768U,O QUE SERIA REFEIÇÃO EQUILIBRADA NA TUA VISÃO? #breier #gabrielbreier #soldadosdobreier #shorts,criadores_pt,False,6723.0,0
x3LBH3IJcGc,Não se aceite nunca!. #breier #gabrielbreier #motivacional #inspiração #treino #sucesso,criadores_pt,False,825.0,0
UAG8hEwHzgw,"Eu vou te motivar e se você não quiser mudar, tu é beta! #breier #gabrielbreier #motivacional",criadores_pt,False,1286.0,0
uqm30OT6wbI,infelizmente a realidade é cruel soldado 💪⚡ #breier #gabrielbreier,criadores_pt,False,5853.0,0
g-Necb7PcqA,COMO Ficar RICO Fora Do BRASIL ? #gabrielbreier #breier #viral,criadores_pt,False,9070.0,0
shWVWraifT8,Viva a estética! 🔱 #breier #gabrielbreier #shortsdobreier,criadores_pt,False,7557.0,-1
bTHtzt33XsA,NAMORE VÁRIAS MULHERES! #shorts #relacionamentos #sedução #namoro #casamento #gabrielbreier #breier,criadores_pt,False,7080.0,0
yzJ-MzTei48,FALA AI Tua Opinião sobre O ATUAL GOVERNO ? #shorts #breier #gabrielbreier #humor #política,criadores_pt,False,8164.0,0
sR3eK7auT4M,Ela quer é muito leite #breier #gabrielbreier #breierpower #viral #edits,criadores_pt,False,16032.0,0
FOa8bf4p7Uo,Como perder o MEDO DE FALAR EM PÚBLICO ? #breier #gabrielbreier #shortstories,criadores_pt,False,6213.0,0
VcHKc_YdOHI,Qual é sua PROFISSÃO ? Do que você VIVE? #breier #marketingdigital #humor,criadores_pt,False,7787.0,-1
FVYALiVNvj4,"O último romântico, senhores🍷🗿#gabrielbreier #breier #amor #casal #elogio",criadores_pt,False,5021.0,0
yMArqMluERY,O que você acha sobre namorar uma mulher com um filho #gabrielbreier #breier,criadores_pt,False,7380.0,0
X-suh0ENiTM,Como pegar mulher mesmo sendo feio? #gabrielbreier #breier #relacionamento #pegarmulher #homemfeio,criadores_pt,False,7245.0,0
-Ce9A7yb6J0,Não se aceite. #gabrielbreier #breier #naoseaceite #gordo,criadores_pt,False,4304.0,0
ZpRJnCBgrhs,A conta de Breno faria do café com teu pai teve sua conta derrubada,criadores_pt,False,1684.0,3
ce1VZd5kpVU,Vida de brasileiro em Orlando com Alexandre Veiga,criadores_pt,False,1368.0,0
qdhTclsGCeY,CAFÉ COM TEU PAI VS ANITTA | RICARDO VENTURA | BOTECO DO VENTURA,criadores_pt,False,1527.0,-1
1hPYlGaZqRI,Polêmica entre Anitta e Breno - vídeo completo no canal,criadores_pt,False,893.0,-1
OO1TD96t958,Parte 1: Breno Faria do Café com Teu Pai é denunciado ao MPF e responde Anitta #anitta #brenofaria,criadores_pt,False,2662.0,0
GmBlRKLCQzo,MAIS UMA DESAGUADA DO BRENO FARIA REDPILL,criadores_pt,False,46.0,0
S-LY_u2LIyk,EU CONVERSANDO COM AMIGO SOBRE O RED PILL BRENO FARIA,criadores_pt,False,229.0,11
G0cxAvp9qpQ,3 LIVROS QUE MUDARAM MINHA VIDA,criadores_pt,False,1036.0,0
Gzl5-RLJfCk,"Não tenha iniciativas sex*ais com um ficante, minha filha ☕️🚬",criadores_pt,False,2222.0,3
9SDrvB5m43c,BRENO LOPES FARIA TODO SENTIDO NO ELENCO DO ATHLETICO!,criadores_pt,False,1114.0,0
x43pVPDzakM,🔝🏉 NA PONTA! O TRY DO BRENO FARIA PARA O SESI JACAREÍ RUGBY NA COPA CAIPIRA DE SEVENS!,criadores_pt,False,4127.0,-1
5_b-g-d9gmo,Faça terapia ❤,criadores_pt,False,2800.0,3
wZ9CBJBoSx4,Cafezinho espresso ☕🚬 #cafecomteupai #relacionamentos #ofimdaficada #amulherqueeleassume,criadores_pt,False,2217.0,3
OLjyyh-oqKQ,Nunca Aceite Isso em um Relacionamento,criadores_pt,False,800.0,0
mjCz6DmAjH0,Perdi meu pai cedo e precisei amadurecer | A história de um barbeiro,criadores_pt,False,585.0,-1
k4-9qVCT5Eo,Emprestei dinheiro para o homem que me enganou por 5 anos.,criadores_pt,False,1688.0,0
Erq5Xf7U7Nw,A armadilha do: vamos ser amigos.,criadores_pt,False,1707.0,0
BItcPIr6XbM,BRENO FARIA DEIXA UM RECADO SINCERO PARA FÃS E HATERS,criadores_pt,False,299.0,11
yxqYi1FEz0M,BRENO FARIA MANDA A REAL SOBRE MULHER QUE PRATICA ARTE MARCIAL,criadores_pt,False,461.0,-1
O6xV-37LNOg,RASTA FAZ UMA PERGUNTA INUSITADA PARA BRENO FARIA,criadores_pt,False,392.0,-1
kKu7Yyrh2UQ,É assim que age o cafajeste profissional #cafecomteupai #relacionamentos #cafecomdeuspai,criadores_pt,False,1004.0,3
kNJPalON82E,Valesca Mayssa | Eu Sou Teu Pai [Clipe Oficial],criadores_pt,False,571920972.0,0
lxhqCcrnTv4,Orgânico Verão #1 - Lourena e Sant - Dizeres [Prod. Leo Casa 1] Undaiá,criadores_pt,False,264710326.0,0
FzVXmuWsZuo,O BRASIL É O PAÍS MAIS RACISTA DO MUNDO - RAIAM SANTOS,criadores_pt,False,39365.0,-1
jrNBnl8nv-4,"Barulho de Chuva para Dormir Profundamente ⛈ Som de Chuva, Vento e Trovoadas à Noite #6 Rain Sounds",criadores_pt,False,4210330.0,7
ePdRgBWhvog,É TUDO SOBRE VOCÊ | MORADA (CLIPE OFICIAL),criadores_pt,False,291929207.0,0
ibijnp2Eds0,Mayck e Lyan - Chuva no Pantanal,criadores_pt,False,6500777.0,0
Pe77i7vbWVo,BANCO MASTER…,criadores_pt,False,82465.0,-1
9sHlk4aoK_E,SEJA TIKTOKER,criadores_pt,False,36498.0,5
TSKc2FBZmck,"TRINCA-FERRO ESQUENTANDO E MACHEANDO QUENTE CANTO DE CHUVA ABRE CANTO, DESTRAVA TRINCAFERRO #shorts",criadores_pt,False,13174501.0,-1
lxcpH6kvnmg,Marília Mendonça & Maiara e Maraisa - Coração Bandido (Vídeo Oficial),criadores_pt,False,667105088.0,0
DdpofJS9mro,SEJA VENDEDOR (de coisa cara),criadores_pt,False,59248.0,5
x5Dm5FcvIOw,Palavra Cantada | Sopa,criadores_pt,False,463589814.0,0
bD6ifecX6rs,Poesia Acústica #2 - Sobre Nós - Delacruz I Maria I Ducon I Luiz Lins I Diomedes I Bk' I Kayuá,criadores_pt,False,948431007.0,0
eqO0T8QGYWQ,O PODER DO HOMEM ALTO,criadores_pt,False,134332.0,0
qqMlSZ2JVXE,POR QUE O ROCK IN RIO FOI TÃO FRACO? (Análise do negócio),criadores_pt,False,165398.0,5
g8rG6FL01YI,chuva de pipas e raias #shorts,criadores_pt,False,4769032.0,6
sMxqmnGKQpQ,TEM TATUAGEM? TEVE PAI AUSENTE,criadores_pt,False,152176.0,12
SscAIAYQp6o,AS BETS ACABARAM COM A SELEÇÃO,criadores_pt,False,66491.0,5
XrvbBBQlgdU,INSTINTO (CHUVA DE ARROZ) - Netto Brito | Ao Vivão 2.0 [OFICIAL],criadores_pt,False,1279253.0,-1
qzox8ssTE30,Raiam Santos Fala Sobre Mulheres CEO,criadores_pt,False,2383.0,-1
s_rKzHW1gjU,Chuva chuva vá embora - Música Infantil | LooLoo Kids Português,criadores_pt,False,4946519.0,0
sCbrGQQ2wiI,Luan Santana - Chuva de Arroz (Acoustic) [Complete Album] (Brazilian Music),criadores_pt,False,1202521.0,0
QCmKCA3nIGI,NIKOLAS sobre RENAN SANTOS e MBL,criadores_pt,True,275115.0,0
vj1B0-aJXKQ,COME NINGUÉM? VAI NUM PAGODE,criadores_pt,False,31123.0,5
jSEwhPX5aX8,CHUVA DE ARROZ - REY VAQUEIRO @IsmaelDivulgacoesOficial,criadores_pt,False,22518782.0,-1
6ertn7JbO8E,🚨 Carlos Alberto e Raiam Santos comentam a personalidade de Endrick!,criadores_pt,False,176146.0,-1
bHtW_FhQESY,Onda gigante 'engole' iate durante resgate nos EUA,criadores_pt,False,7662582.0,6
DW3lLt8wW0A,TER DINHEIRO versus “SER RICO”,criadores_pt,False,55784.0,-1
LJ_nseMQS3Y,Heitor Santos - Moça do Espelho (CLIPE SUA MÚSICA),criadores_pt,False,99247.0,0
yaYdiKkoTvI,CHUVA SERÔDIA - Pr. Hernane Santos,criadores_pt,False,19711.0,-1
AxuJZc037s8,Manu Bahtidão - Chuva de Choro (Visualizer),criadores_pt,False,3497825.0,0
phwtZW9FRuc,Raiam Santos é sincero sobre Redcast,criadores_pt,False,2282.0,-1
_mRBXiz2UR4,Fátima Leão - ENQUANTO A CHUVA CAI - Part. Rick Sollo - Ao Vivo,criadores_pt,False,12538749.0,0
7NXUXA7XrxE,Raiam Santos ensinando sobre Linguagem Corporal #shorts,criadores_pt,False,42398.0,0
IvYKennIWLo,"Flamengo foi buscar a liderança debaixo de muita chuva, na raça!🔥 #flamengo #brasileirão #futebol",criadores_pt,False,1530716.0,0
kAH3Xc96yaM,ESPECIAL: THIAGO BRAVA SEM CENSURA NO REDCAST,criadores_pt,False,147402.0,0
wklAAjYRMuM,Trezoitão Reage — Raiam Santos errou feio sobre o caso Argentina Casting,criadores_pt,False,70650.0,-1
kY3q2uIeQho,Vou da um banho nele antes da shuva,criadores_pt,False,1241.0,13
TRbPijQ-290,Toguro MINISTRO DO TURISMO! RAIAM zoa e fala RENAN SANTOS,criadores_pt,False,1832.0,-1
PqOYlyjDyKA,"Oh, Meu Grande Amor",criadores_pt,False,1037163.0,9
-126YulUloM,🔥Renan Santos relativiza crime sexual de seu grupo e sai desmoralizado por Malu Gaspar🔥,criadores_pt,False,211005.0,0
eQIOJft3iBg,Justiça suspende campanha digital de Renan Santos; analistas veem excesso na decisão,criadores_pt,False,199983.0,-1
b7CnuSAa7d0,A TRANQUILIDADE DE NEYMAR JR 😮‍💨,criadores_pt,False,40683.0,0
0JOFUEtvNgA,tempestade de granizo #tempestade #temporal #ciclone #chuva #clima #riograndedosul #previsao #viral,criadores_pt,False,3346.0,6
r9EjxqOEg18,"🌪️, Vento FORTE EM PRAIA GRANDE! 😱#GrandeSP #SaoPaulo#ChuvaForte#Temporal #Ventania#Chuva#Tempestade",criadores_pt,False,55663.0,0
bgPioPa5Zgo,Renan santos citou perfis de Lula e Flávio para contestar decisão de Toffoli e do TSE; entenda #Shor,criadores_pt,False,41457.0,-1
ToNcC7W-GO0,"CORRE DA CHUVA, CRISTIANO RONALDO! 😂🤖 | (🎥 - @alnassr) #shorts",criadores_pt,False,755752.0,0
EDD79ZZK9Zc,"Renan Santos: ""Não acredite na promessa da escala 6x1 em um país que está quebrado""",criadores_pt,False,19590.0,-1
FW7koN2LLEE,Chuva De Arroz,criadores_pt,False,4855735.0,9
qYzxJ6c7N8o,PABLO - 2026 - CHORO NA CHUVA,criadores_pt,False,117923.0,6
trQfWYFb7Zo,"'Eu não sou o Bukele', diz Renan Santos ao falar de segurança pública",criadores_pt,False,647397.0,-1
qRez_1R964g,Uma chuva de gols perdidos pro Palmeiras nesse segundo tempo de jogo!,criadores_pt,False,24828.0,-1
mYy-Ul0l_Lo,SABOR PODCAST: RAIAM & TOGURO - REDCAST,criadores_pt,False,371258.0,0
b54V3uVNtJE,Ex de Thiago Nigro fala sobre superação após fim de casamento.,criadores_pt,False,33223.0,0
S_KdEb0zu8Q,POR QUE THIAGO NIGRO COMEÇOU A LER A BÍBLIA - INSCREVA-SE NO CANAL,criadores_pt,False,11830.0,0
KxOW7AqTLGc,Thiago nigro responde se e melhor ! comprar terras ou investir . #poadcast #thiagonigro #financas,criadores_pt,False,2376.0,-1
hdGg7F_I5VU,GABRIEL BREIER CHAD COMO TUDO COMEÇOU REDCAST,criadores_pt,False,4986.0,0
Ln4lTcWHzAo,Dia lendário #breier #gabrielbreier #breierpower #viral #fy #fyp #yt #shorts #shortsvideo,criadores_pt,False,2933.0,-1
X9oNohroNps,Lifestyle lendário ⚡️🔱#breier #gabrielbreier #breierthelegacy #lifestyle #shape #zyzz #zyzzlegacy,criadores_pt,False,4900.0,0
x50gnqUrRFM,Gabriel Breier ou Super Xandão ?,criadores_pt,False,6846.0,0
6VT3WKhrIXQ,Evolução do Breier #breier #gabrielbreier #glowup #gym #evolution #cortesdobreieroficial,criadores_pt,False,1274.0,1
DKtAi6NUP9k,GABRIEL BREIER ENSINA NA PRATICA SOBRE COMUNICAÇÃO E DICÇÃO COMO DESENVOLVER ? #dicção #comunicação,criadores_pt,False,1174.0,0
0viXwZNfxPk,GABRIEL BREIER ´´ POBRE VAI COMER PICANHA``#shorts,criadores_pt,False,9234.0,0
M8N6xp1Vxz0,O cara tem vergonha de chegar em mulher #breier #gabrielbreier #fy #fyp #viral #shortsvideo #shorts,criadores_pt,False,2318.0,0
VrR-mcut0PU,GABRIEL BREIER COMO LIDAR COM PESSOAS ?#shorts,criadores_pt,False,4353.0,0
KcRzYkAiSd8,CONSUMIR MUITA RED PILL FAZ BEM ? [ GABRIEL BREIER ],criadores_pt,False,3373.0,0
6wQ52t9hacM,Por que os BETAS te odeiam você ? #shorts #breier #shorts_,criadores_pt,False,6996.0,0
HM9W-7uCeI4,Como funciona a sua DIETA ? [Gabriel Breier],criadores_pt,False,2989.0,0
TYStExWWyTU,"GABRIEL BREIER UMA VIDA, UMA CHANCE! #shorts #cortesgabrielbreier",criadores_pt,False,8083.0,0
mCuCmEJREh8,Um cara anão não pode ter uma vida f0d@ #breier #gabrielbreier #breierpower #shorts #shortsvideo,criadores_pt,False,8274.0,0
hp2pezLO2f4,COMO A MUSCULAÇÃO E DIFERENTE DE TUDO SOLDADO #breier #estetica #baki #gabrielbreier #alpha #sigma,criadores_pt,False,1666.0,0
DtafzO-mKVY,Ninguém quer te ver bem | 💭 Gabriel Breier,criadores_pt,False,2746.0,0
JAr31sYDoNg,"BREIER, Ser ANTI SOCIAL pode trazer benefícios ?#shorts",criadores_pt,False,26878.0,0
OwDCyQXd-kc,Minha namorada não toma meu leite 🥛#breier #gabrielbreier #breierpower #fy #shorts #shortsvideo,criadores_pt,False,6286.0,0
CHoYYpgJHxk,O QUE VOCÊ PENSA SOBRE TIAGO FINCH ? | [GABRIEL BREIER],criadores_pt,False,6817.0,-1
_5_xqffkCqU,Breno Faria - Atacante,criadores_pt,False,414.0,0
1BCVYM2hl0g,Guilherme e Benuto - Deixaria tudo / Programa de Fim de Semana / Ela é Demais,criadores_pt,False,113464143.0,0
S1TtgNmYRV8,Moments in Warface By:Breno Faria*,criadores_pt,False,50.0,11
NJkgsJjJ6_Y,BRASILEIRO INTERCLUBES 2015 - Breno Faria x Anderson Vertelo by X-COMBAT,criadores_pt,False,375.0,-1
v_vQP9hsFbA,Breno Faria no Programa Meu Convidado com Henry Junior,criadores_pt,False,196.0,0
6FQCvklhDAk,Projeto Café com Pinhão: Entrevista com Breno Faria,criadores_pt,False,34.0,3
TXFn61OtGqE,wagninho negritude e Breno Faria,criadores_pt,False,17.0,0
8u-xBRxN0aE,LEPO LEPO COM LUCAS E BRENO FARIA,criadores_pt,False,87.0,0
wYtTiJi9iKM,“PÉRICLES É UM PROFESSOR” | Fael Entrevista #059 (Breno Faria),criadores_pt,False,285.0,-1
3rp1Oo7Oz3M,Fernando Parreiras - Papo com Breno Faria: Que o nosso SER tenha toda LUZ possível.,criadores_pt,False,43.0,-1
T20f3DqfdB4,Não deixe o cara roubar tua vida | Café com teu pai (Breno Faria),criadores_pt,False,65.0,3
JICn4aMKmrc,Jotapê Samba | Especial Breno Faria - Perfume de Champagne,criadores_pt,False,344.0,0
ptDKwBrnErs,Breno Faria Fábio Prado wagninho Negritude ao vivo na feijoada com pagode do independência,criadores_pt,False,66.0,-1
3jJhqpEFyAo,"LE - 688 a 691 - É possível discutir ""aperfeiçoamento das raças"" sem discutir ""extermínio de povos""?",manosphere/ideologia,False,448.0,2
YDMi-zl3t0Y,Como Raiam Santos ficou rico? #raisantosmcarn #marioschwartzman #dinheiro #monarktalks #riqueza,criadores_pt,False,20087.0,-1
rQmKUoSBdFQ,Chuva no Rio Grande do Sul: Nuvem 'engole' cidade gaúcha e dia vira 'noite',criadores_pt,False,2990615.0,6
QwDMl5HSpHs,Melhor QUE SER MILIONÁRIO É ISSO AQUI! I RAIAM SANTOS,criadores_pt,False,112783.0,-1
6m2Suv0d_W0,ESTOICISMO: APRENDA LOGO E SEJA LIVRE,criadores_pt,False,65465.0,5
_lV9IefEjJw,"Raiam Santos Fala Sobre Pablo Marçal: ""Ele é um gênio""",criadores_pt,False,11402.0,-1
wu4L-ToX11k,A HISTÓRIA DE RAIAM SANTOS,criadores_pt,False,69847.0,0
NLzrJ3JXlqA,Pq Ela Vai Processar o Raiam Santos??? #hackeandoamatrix,criadores_pt,True,16010.0,0
meNd2-VOdjo,Raiam Santos Fala Sobre Tatuagem - Parte 1,criadores_pt,False,2885.0,12
HLgTn_x3ePo,Renan Santos e Junito falam A REAL sobre RAIAM SANTOS!,criadores_pt,False,5891.0,0
83BWzlJLaTA,Raiam Santos Bissexual?? #raiamsantos,criadores_pt,False,3931.0,0
RuJF3ngyiEw,Raiam Santos FALA de COMO É ter uma FILHA mulher!,criadores_pt,False,3412.0,0
GBCmKXd2hjM,SILVANNO SALLES - ÁGUAS DE CHUVA (Novo Clipe) 2022.2,criadores_pt,False,53815852.0,0
tJW8oKNH8yk,POR QUE EX JOGADOR NÃO TORCE PRO BRASIL?,criadores_pt,False,44328.0,0
V3ZdtuONQcg,Raiam protegendo Neymar #loucosporfutebol #coritiba #santos #neymar #raiamsantos,criadores_pt,False,5258.0,0
QQd0UMlEl-E,RAIAM SANTOS MANDA RECADO PARA THIAGO FINCH,criadores_pt,False,2167.0,-1
cWkJ3SD_zag,Devo tudo ao meu pai | Raiam Santos,criadores_pt,False,3118.0,0
yaz1omBlIUE,AS ERAS DO FUTEBOL,criadores_pt,False,265054.0,-1
7DO7wA6CEDY,CRISTIANO RONALDO NÃO É ISSO TUDO,criadores_pt,False,34957.0,0
ynAa0RIVq1E,ENTENDA A SUA LENDA PESSOAL,criadores_pt,False,9074.0,5
COfZwBbI9kE,HOMEM SÓ É HOMEM ATÉ OS 30! - RAIAM SANTOS #jumboelite #raisantosmcarn #raiamsantos #shorts,criadores_pt,False,3240.0,-1
78fgzH7PBWg,Raiam Santos da sua opinião sobre o caso Vini Jr e Virgínia.,criadores_pt,False,8746.0,-1
tGgF_5xkK0U,A TRETA NO REAL MADRID FOI CORTINA DE FUMAÇA,criadores_pt,False,10927.0,0
o9Smiplb0U4,Timidez / Chuva Passageira / Passos Na Areia / Nosso Caso de Amor - DVD Nosso caso de amor - 2025,criadores_pt,False,2620789.0,0
zjaJ8_buvt8,POR ISSO TODO JOGADOR TEM TATUAGEM,criadores_pt,False,16975.0,12
X3tK1cpP7YU,Midian Lima - Jó - COM LETRA (VideoLETRA® oficial MK Music),criadores_pt,False,708488310.0,0
pHiTt9V1uA4,Heitor Santos - Noite Fracassada (AGONIA DO HS EM CAPELA AO VIVO),criadores_pt,False,1274644.0,7
iWVetqcfgxk,Heitor Santos - Calma (HS NOS BAIRROS),criadores_pt,False,811388.0,7
_wYbbD5fsTE,PABLO & GRUPO ARROCHA -QUANDO A CHUVA PASSAR (COM GRAVE),criadores_pt,False,1428562.0,6
MA8Na0vtIA0,Salmo 91 91 vezes ao som de chuva + tela escura 9️⃣1️⃣ - Bíblia JFA Offline,criadores_pt,False,4094063.0,0
3vMeVfECa70,GABRIEL BREIER TRANSFORMAÇÃO NATURAL #breier #viral #shorts #motivacional #inspiration,criadores_pt,False,439.0,-1
WOVRB9oDM_c,TU É TIMIDO SÓ COM MULHER SOLDADO ? ... | Gabriel Breier - Cortes #breier #gabrielbreier #gym,criadores_pt,False,210.0,-1
daWNyYKr1WQ,Gabriel breier 🛐 #edit #capcut #breier,criadores_pt,False,11473.0,0
d3GWA3iqZvk,LUTE PELA SUA VIDA SOLDADO #breier #gabrielbreier #motivation #mentalidade #shorts,criadores_pt,False,2812.0,0
7o6BCLK0Jzg,"A mulher não escolhe o homem que faz ela se sentir segura, escolhe o que a faz se sentir viva!",criadores_pt,False,2640.0,3
eDGrwypEbAQ,Homem não respeita os sentimentos da mulher! #cafecomteupai #cafecomdeuspai #relacionamentos,criadores_pt,False,2195.0,3
erWlD-HLQak,Breno Faria do katinguele no Bar do Roliço em Mauá,criadores_pt,False,176.0,0
IIa8Cm0Ram8,Namorar pra ir conhecendo ❌Sexo sem namorar ✅ #cafecomteupai #cafecomdeuspai #relacionamentos,criadores_pt,False,1126.0,3
5mz_Nn1eq6w,"URGENTE: faltando 18 dias para as eleições, resolveram cortar a Taxa Selic. Por quê?",criadores_pt,True,110392.0,0
eElMF6_pAvk,Programa De Frente com Agá com Cantor Breno Faria,criadores_pt,False,7.0,7
a-u2Gg38Syc,#BateBola - Nosso Time Convida Breno Faria,criadores_pt,False,308.0,0
uLFX7Yc5q40,Vikings 2 - Douglas Faria x Breno de Paula,criadores_pt,False,279.0,-1
thLnfQw2XG8,MULHERES QUE QUEREM APAGAR O PASSADO! - BRENO FARIA,criadores_pt,True,1217.0,-1
8qAlXJMjuJo,"BRENO DO CAFÉ COM TEU PAI: ""A MAIS NOVA QUER O 'VELHO DA LANCHA', AS MAIS VELHAS, O 'MUCILON'?!",criadores_pt,False,2434.0,0
JR1PG6SbKkA,Sertanejo TOP-Breno Marcos Eu Faria Tudo,criadores_pt,False,166.0,0
eZPwBlSOh9g,COMO ZAQUEU - BRENO FARIA & AMIGOS | DNMS SM 8 ANOS [AO VIVO],criadores_pt,False,20.0,-1
O7_8gr0vdfw,LUBA REACT - Café com teu pai / Breno Faria,criadores_pt,False,13.0,3
-TDBEizBY2s,OBRIGADO JESUS - BRENO FARIA & AMIGOS | DNMS SM 8 ANOS [AO VIVO],criadores_pt,False,61.0,-1
01aK28rN8uI,Mapa Breno Faria Amarante,criadores_pt,False,5.0,0
q5GLx8kz5ng,ELE NÃO DESISTE DE VOCÊ - BRENO FARIA & AMIGOS | DNMS SM 8 ANOS [AO VIVO],criadores_pt,False,48.0,-1
tQI9QE_cQZY,Breno Faria ex - Katinguelê no Samba da General 22/02/2020,criadores_pt,False,226.0,0
8iDLsMSMGeI,Essa bola são pra poucos. Feat Breno Farias,criadores_pt,False,42.0,0
txK_s9Cj06E,Alimentação da Nova Era com Breno Faria,criadores_pt,False,389.0,2
Ka35Ohb9dd8,ESSE HOMEM NÃO SABE DE NADA #casamento #relaciomento #homemdealtovalor #desenvolvimentopessoal,manosphere/ideologia,False,15358.0,-1
PGFJ4vRxayA,Rovioe Cartoons Dickey Mouse Sound Cartoon awalt rovioe comic Vinheta V1 1929-1930,manosphere/ideologia,False,19.0,-1
rksadXPNRjs,Rodrigo Souza - macho alfa parte 2,manosphere/ideologia,False,16275.0,0
eIo2AH6uHas,FRASES DE HOMEM MACHO ALFA #homemdealtovalor #homemalpha #podcast #seducao,manosphere/ideologia,False,296213.0,0
_heuxSOXhIU,RAFÃO OTAKU DA EXPOSED EM GABRIEL BREIER,criadores_pt,False,2800.0,-1
TnM6huS_rrQ,Coloca as bolas no sol,criadores_pt,False,22087.0,1
alVImfHKUGc,Fã-clube de Anitta derruba página de “Café com Teu Pai”; entenda se pode reverter,criadores_pt,False,14330.0,0
t-_fbcELLNY,⚠️ 4 sinais de uma mulher MUITO RODADA,manosphere/ideologia,False,6845.0,-1
LLsooe51ra8,Rovioe Cartoons Dickey Mouse Sound Cartoon awalt rovioe comic Vinheta V2 1930-1937,manosphere/ideologia,False,17.0,-1
P93HELATqV8,"Macho Alpha 1,2,Beta e a Diva",manosphere/ideologia,False,1401.0,2
7_67LnqjOh8,Deixe Suas Preocupações De Lado #gabrielbreier #preocupações #motivação #foryou #viral,criadores_pt,False,1.0,0
iaJE25cbTqc,"O homem que trai repetidamente várias vezes, quer sim ser descoberto. #cafecomteupai",criadores_pt,False,2463.0,3
IROzCcYhiM8,MOVIMENTO INFANTIL #relaciomento #homemdealtovalor #desenvolvimentomasculino #desenvolvimentopessoal,manosphere/ideologia,False,2378.0,8
FQwOAmaR_ng,O QUE É MASCULINIDADE ? #homemdealtovalor #desenvolvimentomasculino #desenvolvimentopessoal,manosphere/ideologia,False,4727.0,-1
ogVk1k0xzc0,Torne se um homem de alto valor,manosphere/ideologia,False,4673.0,0
7H7rAMxmO2A,homem de alto valor #homemdisciplinado,manosphere/ideologia,False,6093.0,2
tMMz791ddIQ,Always have the right attitude. #relationship #seduction #masculinity #highvalueman,manosphere/ideologia,False,677.0,0
SNmwoIn10fQ,#MenOver30 #MensDiscipline MenOver30#HighValueMan #WakeUpCall #NoExcuses #AmericanMen #MensTok,manosphere/ideologia,False,0.0,2
g6Go39INXuo,#MenOver30 #MensDiscipline MenOver30#HighValueMan #WakeUpCall #NoExcuses #AmericanMen #MensTok,manosphere/ideologia,False,82.0,2
vy6_ojOrLHQ,Rodrigo Souza - macho alfa,manosphere/ideologia,False,81530.0,0
gjsoz-RWEj8,CREPÚSCULO É FILME DE MACHO ALPHA,manosphere/ideologia,False,47639.0,-1
yqaFdEeUAv8,Homem Alfa_ O Segredo para Relacionamentos Fortes,manosphere/ideologia,False,2556.0,-1
WoFRU1hUDlY,Renato garcia com o relógio do Thiago nigro,criadores_pt,False,795.0,0
ZSWNBxIuOIc,CARROS DE MACHO ALPHA X CARROS DE BETINHA,manosphere/ideologia,True,2328.0,-1
mpC7A9RrTUM,5 CÃES PARA MACHO ALFA,manosphere/ideologia,False,144896.0,-1
MCFTOM-Z8zY,PERSONAGENS de CARROS na VIDA REAL,criadores_pt,False,18476562.0,-1
CKFnD4BNVzc,QUASE ACERTA A MÃO! golpe de arraia Castilho SP rio Paraná #shorts,criadores_pt,False,25651417.0,6
l7VsurR48Ew,A Baratinha - Galinha Pintadinha 1 - OFICIAL,criadores_pt,False,1223929593.0,9
sfpHcsT49RM,EITAAA! 😍👀 #CozynhandoIdeias #TVZyn #SBT #receitas,criadores_pt,False,5287192.0,-1
goI0lq005iE,O CRAQUE DO JOGO É UM CACHORRO - NÁUTICO 0 X 1 RETRÔ | PERNAMBUCANO 2022 | #shorts | ge.globo,criadores_pt,False,695171.0,0
25PXpSYR1O0,Qual é a melhor fantasia? (#SHORT) - Mansão Movie,criadores_pt,False,6938825.0,-1
tPOznu9KZ1U,Natanzinho Lima - Um Beijo Por Minuto (25 Milhões) - Na Favela (Ao Vivo no Complexo do Alemão/RJ),criadores_pt,False,1045613.0,0
gnXFMsHTCp4,#shorts A Deus dai louvor 🙌🏼😍,criadores_pt,False,19416332.0,-1
4w20cdb58-8,Natanzinho Lima - Insonia - Na Favela (Ao Vivo no Complexo do Alemão/RJ),criadores_pt,False,352471.0,0
mZ9yZYo9Mmk,ISAIAS SAAD - BONDADE DE DEUS (AO VIVO),criadores_pt,False,387590913.0,0
S6JpneypYvc,Henrique e Juliano - Até Você Voltar (DVD Ao vivo em Brasília) [Vídeo Oficial],criadores_pt,False,535740920.0,0
4F8Qf-oEoDk,DOGUITO | BOLOFOFOS [Público em Geral],criadores_pt,False,1060865695.0,-1
eoHYU22VVdI,VOCÊ E EU (TOMARA DEUS) - Netto Brito | Destino: São Luís - OFICIAL,criadores_pt,False,1629340.0,0
6pKo5taEsR8,BOMBONZINHO - Netto Brito | Destino: São Luís - OFICIAL,criadores_pt,False,2672974.0,0
lF9DQrUVMaU,NETTO BRITO - Destino: São Luís - OFICIAL,criadores_pt,False,749007.0,0
7t5mi3M_lAY,Zé Neto e Cristiano - Barulho do Foguete - #Escolhas,criadores_pt,False,389343673.0,0
YoTKVAwzET8,NEYMAR FAZ O GOL E COMEMORA COM A MÃE! 🥰,criadores_pt,False,283863.0,0
-5o_QcfR9XA,BOLINHO DE CHUVA SUPER FÁCIL E SEQUINHO COM 1 OVO! - Isamara Amâncio,criadores_pt,False,231236.0,-1
1-YxL2QC_5c,AO VIVO | COLETIVA DE APRESENTAÇÃO | TITE,criadores_pt,False,101208.0,-1
rdFJ5UhPBTo,GERAÇÃO FRACA - Gabriel Breier #shorts #shortsfeed #breier,criadores_pt,False,481.0,0
GRJSjWJpy5A,Aprenda a escolher certo. #cafecomteupai #cafecomdeuspai #ofimdaficada #relacionamentos,criadores_pt,False,2874.0,3
WrETzKJWYmw,Trezoitão fala sobre BRENO do CAFÉ COM TEU PAI,criadores_pt,False,1986.0,3
Y76tHj9pRuw,Breno Faria e a Polêmica da “Chave Mestra”: Por Que Deu TANTO Hate? #cortescast #cortespodcast,criadores_pt,False,1355.0,0
hHxqAXKJ6x8,Aquele clima gostosin com a participação do nosso amigo Breno Faria! #sambaprime #samba #pagode,criadores_pt,False,511.0,0
aDS8I47AG-8,NEYMAR COMPROU O SANTOS?,criadores_pt,False,439139.0,0
ubU1cY2eDMk,POR QUE BRASILEIRO LIGA TANTO PRA CARRO?,criadores_pt,False,71869.0,0
sC4kxaKHTHM,A PROFISSÃO DO FUTURO,criadores_pt,True,54205.0,-1
-AZo4dvczDo,raiam santos - relacionamentos #raiamsantos #relacionamento #viralvideo,criadores_pt,False,4216.0,0
rtZpk7oPFQc,Heitor Santos - Oh Meu Grande Amor (AGONIA DO HS EM CAPELA AO VIVO),criadores_pt,False,155458.0,7
f_acZaO2K_0,Teu Segredo,criadores_pt,False,1143761.0,9
GyC3r5dOpt0,VOCÊ É RACIST@ SE PENSOU ISSO! Raiam Santos #explore #explorar #memes #raiamsantos #shorts,criadores_pt,False,6635.0,0
CBg9cLKKK90,Primeiro brasileiro que formou em Wharthon (Raiam Santos) #wharton #faculdade #raiamsantos #paravoce,criadores_pt,False,7196.0,0
Bmcse-uykyg,O SINAL DE QUE VOCÊ É BETA,criadores_pt,False,48551.0,-1
pXYioBUpays,NUNCA NAMORE UMA INFLUENCER,criadores_pt,False,45724.0,5
P08MiwkassY,Por Que Raiam santos Não Namora?,criadores_pt,False,1319.0,-1
k5mDJK0_iSU,Falamansa - Oh! Chuva feat. Marcelo Falcão (DVD Universos),criadores_pt,False,6628036.0,0
wrSM28jLdOM,Vixe Que Modão - Deixaria Tudo / Coração Bandido / Chuva no Telhado,criadores_pt,False,363875.0,0
78kW68Gu8_c,PLAYBACK - QUANDO A CHUVA PASSAR - VERSÃO THIAGO FREITAS (KARAOKÊ),criadores_pt,False,561158.0,0
s5MYW-3AW10,PESCARIA com ACAMPAMENTO pego de SURPRESA pela CHUVA o SOFRIMENTO foi grande😪 PEIXES PORCOS MACACOS,criadores_pt,False,2451708.0,6
fv7LDzq01S0,"Hyldon - Na Rua, Na Chuva, Na Fazenda (Com Letra na Descrição) - Legendas (CC)",criadores_pt,False,1042101.0,0
f-_DKu-po2A,Menos é Mais nos Arcos - Chuva de Verão/Eu Te Amo/Momentos/Pura Solidão,criadores_pt,False,2519115.0,0
KfjgBIs0LcE,Clipe Chuva Purificadora - Cantora Cristina Santana,criadores_pt,False,24529.0,0
3qBtAJjJtS8,“VIVEU E MORREU POR NÓS”. CONCORDA COM A FERNANDA? PRA VOCÊ QUEM É O MAIOR ÍDOLO DO BOTAFOGO?,criadores_pt,True,10360848.0,-1
JmvoQFm6zYI,CHUVA DE ARROZ - SILVANNO SALLES VERÃO 2026,criadores_pt,False,188305.0,0
_iIe0CImRxk,Heitor Santos - Sonho de Amor (AGONIA DO HS EM CAPELA AO VIVO),criadores_pt,False,122204.0,7
y4RXYdJaE4k,Chuva e alagamentos afetam o litoral de São Paulo | Jornal da Band,criadores_pt,False,98986.0,0
O-6Vt7GyUEs,Os santos marcham com chuva para dormir (Harpa Instrumental),criadores_pt,False,3746.0,9
-oj0dG1M0t4,Chuva de Arroz - Lari Lauany ( Repertório 2025 ),criadores_pt,False,116477.0,0
7wM4ao75rHU,Chuva de verão Cícero Nogueira,criadores_pt,False,534300.0,6
qX3VAuNyV6M,Copa SP 2014 - Confira os gols de Santos 8 x 0 Alecrim - RN,criadores_pt,False,16398.0,-1
hiNpNDyfYWQ,SOM DE CHUVA PESADA NO ÔNIBUS DE VIAGEM PARA DORMIR/ Dormir em 5 Minutos,criadores_pt,False,449919.0,7
g-RZNTlfjUQ,Heitor Santos - Foi Por Conveniência (AGONIA DO HS EM CAPELA AO VIVO),criadores_pt,False,213441.0,7
OPd5FSOPXwY,"A Gabi Pagou a Fiança do Mariotinho, Mas… *ele voltou com a Bala",criadores_pt,False,1138570.0,0
zOHWZjFlPrY,Thiago Nigro é detonado após postar feto perdido por Maíra Cardi,criadores_pt,False,37570.0,-1
RFWPU8OMq-M,Nova casa Maira Cardi e Thiago Nigro com ID Móveis #maíracardi #thiagonigro,criadores_pt,False,23329.0,-1
D9JLaL9dsqA,THIAGO NIGRO PAGOU MAIS DE 400 MIL NO SEU PATEK PHILIPPE - VALEU A PENA?,criadores_pt,False,21074.0,0
VzqAoWd6Dhk,QUAL É A MENTALIDADE QUE VAI TE FAZER FICAR RICO? | THIAGO NIGRO.,criadores_pt,False,4173.0,-1
lpq3uY1_AQs,COMO FICAR MILIONÁRIO EM 2 ANOS- APRENDA COM THIAGO NIGRO- PASSO A PASSO,criadores_pt,False,3199.0,-1
xHRpPFsYE3k,Thiago Nigro | COMECE A TER FOCO NA SUA VIDA | (Motivação),criadores_pt,False,455.0,0
2iTEA7RmfKQ,Breier manda a real para quem quer empreender,criadores_pt,False,2121.0,0
RBp2GBVv3SA,IR PARA A BALADA SOZINHO | GABRIEL BREIER no REDCAST #shorts #baladas #ficada,criadores_pt,False,2138.0,0
dNyhC91w2Jk,Acordo Lembro,criadores_pt,False,3813270.0,9
IfuehddORt4,“CASEI COM THIAGO NIGRO EM COMUNHÃO TOTAL DE BENS POR CAUSA DISSO”,criadores_pt,False,33633.0,0
FXXbNjfyQcM,PRIMO RICO EXPLICA COMO SAIR DAS DÍVIDAS | Thiago Nigro,criadores_pt,True,669.0,0
gXfKR1TEaOk,"📚 CLUBE DO LIVRO: MAIS ESPERTO QUE O DIABO | JOEL JOTA, THIAGO NIGRO E MARCIAL CONTE",criadores_pt,False,844978.0,0
OTzMlLLxcZk,XICO SÁ | PC Farias: o maior crime da política nacional | 20 MINUTOS,criadores_pt,False,74370.0,-1
Avhud2PqIvQ,Arthur e Breno entram em discussão intensa sobre relacionamentos!,criadores_pt,False,1117.0,0
WlpPJxRXRRg,EU NAVEGAREI - BRENO FARIA & AMIGOS - DNMS SM 8 ANOS [AO VIVO],criadores_pt,False,39.0,-1
_aD9VBNZtCo,Projeto BatuQ do Glicério 15/08/21 participações especiais Breno Farias e Marcelinho freitas,criadores_pt,False,121.0,0
f1AoH1RPj-w,HOMEM NÃO QUER ALGO SÉRIO COM MULHERES MUITO DESEJADAS | CAFÉ COM TEU PAI X 20 SOLTEIROS,criadores_pt,False,39493.0,0
CbY_BH0qJak,Instrumento Breno Faria Amarante,criadores_pt,False,5.0,0
QzKuVPmrsx8,"Se Deus me permitir ter um filho, eu vou cuidar e dar pra ele a atenção que eu nunca tive.",criadores_pt,False,363.0,-1
8kTPxv05Zps,O ERRO DOS SEUS 20 ANOS…,criadores_pt,False,70132.0,5
jD0X_Ua-uC4,GÊMEOS INVESTEM COLOCAM RAIAM SANTOS CONTRA PAREDE! (GRANDE SOCIÓLOGO BRASILEIRO),criadores_pt,True,63669.0,-1
13SFe0UQiQE,SOBRE O CAFÉ COM TEU PAI,criadores_pt,False,93001.0,5
X3i2Jv249DE,SONHAR COM CHUVA FORTE #shorts,criadores_pt,False,14996.0,-1
XfRruRpt8HI,SEJA HOMEM DE VERDADE RAIAM SANTOS,criadores_pt,False,1851.0,-1
aVVW4hxWbuo,Solo do John Sykes (Crying in the Rain - Whitesnake),criadores_pt,False,8424.0,0
QACS_YVT2_k,TRETA! LUANA MALUF SE IRRITA COM POST DA GETV E RAIAM SANTOS DISCORDA DE RECLAMAÇÃO,criadores_pt,False,7583.0,-1
FZmAceKRmWc,GABRIEL BREIER - Middle Of The Night (GYM HARDSTYLE) #breier #gabrielbreier #zyzz #motivation,criadores_pt,False,5847.0,0
Fmj9RyQkCp0,A VIDA E BOA - GABRIEL BREIER,criadores_pt,False,3572.0,0
2_rJEv7DErw,Thiago Nigro & Pablo Marçal Revelam Como Alcançar a Liberdade Financeira,criadores_pt,False,890.0,-1
5qTS7zGWwQ8,Recebendo meu amigo Thiago Nigro,criadores_pt,False,1277.0,-1
XDEWj_kxP_Q,Trezoitão DETONOU CASAMENTO DO PRIMO RICO: Thiago Nigro com Maíra Cardi,criadores_pt,False,4797.0,-1
YPtTFO9CABk,"THIAGO NIGRO: ""A GRADUAÇÃO IDEAL PARA QUEM QUER TRABALHAR NO MERCADO FINANCEIRO OU NO EXTERIOR""",criadores_pt,False,7145.0,-1
n21y1ftjTrc,🚨💰😱 Thiago Nigro tentou comprar a carta Pokémon mais cara do mundo?!#primorico #pokemontcg #pokemon,criadores_pt,True,4291.0,-1
HYLdxcr1_mM,AUDIOBOOK O HOMEM QUE COMPROU O TEMPO | COMPLETO | NARRAÇÃO HUMANA | THIAGO NIGRO,criadores_pt,False,771.0,-1
wMjXHJKAvSY,"""Primo Rico"" Thiago Nigro, investir 200 Reais por mês ao longo do tempo",criadores_pt,True,1285.0,0
msqKSSpkwlA,Thiago Nigro. Alavancagem com consórcio.,criadores_pt,False,5700.0,0
Y7f4moDJjNw,Thiago Nigro falando da sua ex Camila. #fofoca #mairacardi,criadores_pt,False,863.0,0
QhjPQQEJLXo,COMO O GRUPO PRIMO CRESCE RÁPIDO: Bastidores com Thiago Nigro e Flávio Augusto,criadores_pt,True,13986.0,0
X_9HMrMDsho,"TESTEI os Cursos do Thiago Nigro, Raul Sena e Nando Moura | Qual o Melhor Curso de INVESTIMENTO?",criadores_pt,False,6833.0,0
ZAvWfnJu0FY,REALIDADE SOBRE APRENDER... THIAGO NIGRO (Primo rico) #shorts,criadores_pt,False,8247.0,-1
G2ANjoFbR2Y,Trilha sonora do Thiago nigro #Desafio 31 Dias Rei Salomão,criadores_pt,False,7692.0,-1
gkPEYiC9clc,Thiago Nigro - Mais esperto que o diabo. #shorts,criadores_pt,False,35854.0,-1
2UvgGJVhcrE,"JOEL JOTA, BRUNO PERINI E THIAGO NIGRO MOTIVACIONAL",criadores_pt,False,1709.0,-1
Z5u0plptBnw,"Thiago Nigro, Rami Goldratt, André Kliousoff do BTG e Dener Lippert | Dia1 Looking Ahead 2026",criadores_pt,True,13109.0,-1
VTLDpjgDU38,Cuidado com o que você pede a Deus (Thiago Nigro – Primo Rico) #Shorts,criadores_pt,True,21834.0,0
yzbI4e5f_fo,O JEITO THIAGO NIGRO DE INVESTIR (Primo Rico) | Os Economistas 15,criadores_pt,False,40066.0,-1
YKz18OaCeRU,GABRIEL BREIER - MYST Life Eternal (GYM HARDSTYLE) #breier #gabrielbreier #zyzz #motivation,criadores_pt,False,1817.0,0
mw5ptXi-p_0,Xandao você é beta Gabriel Breier quer lutar?,criadores_pt,False,969.0,0
fW2AzB9GVCg,CONVIDADO FALA COMO FOI CONHECER O GABRIEL BREIER! - Praticast,criadores_pt,False,550.0,-1
Gu1PyGGEiHc,Gabriel Breier construa a estética e seja admirado,criadores_pt,False,1656.0,0
2p_QzhwU8QY,Marketing digital vai acabar daqui a uns anos?? Gabriel Breier,criadores_pt,False,305.0,-1
siXmvsA2w-4,Gabriel breier #breier #motivacional #gabrielbreier #motivação #cortesdobreier,criadores_pt,False,40.0,0
ypTwCD-XYG8,QUER MUDAR O MUNDO MUDA O SEU MUNDO ... GABRIEL BREIER CHAD REDCAST,criadores_pt,False,280.0,-1
H2DBkNfOVlo,AS COISAS VÃO ACONTECER COM VOCÊ SOLDADOS #breier #baki #estetica #gabrielbreier #alpha #sigma #gym,criadores_pt,False,489.0,0
4f7MnWEh74w,Gabriel breier #motivacional #breier #gabrielbreier #motivação #cortesdobreier #viral #neymar,criadores_pt,False,1630.0,-1
FG4Ls0BDoek,COISAS QUE PRECISAMOS APRENDER SOBRE A VIDA #breier #gabrielbreier #baki #sigma #gym #motivation #ff,criadores_pt,False,458.0,0
zpmlC1FiAaU,SE QUER OUVIR UM CONSELHO SOBRE AMIGOS EU TE FALO #breier #gabrielbreier #baki #sigma #gym #ff,criadores_pt,False,550.0,0
7f_lXglHIYA,#breier #gabrielbreier #cortes #cortesdobreier,criadores_pt,False,68.0,0
ucAWK1VFT-o,É ASSIM QUE TU SE TORNA UM HOMEM DE RESPEITO #breier #gabrielbreier,criadores_pt,False,851.0,0
mZk14oH4H6g,AESTHETICS MOTIVATION | GABRIEL BREIER 2022 #breier #motivação,criadores_pt,False,1215.0,0
8V2Yu-SbGnA,QUAL É O SEU MAIOR MEDO MEU JOVEM ? #breier #gabrielbreier #sigma #baki #gym #motivation #ff #alpha,criadores_pt,False,810.0,0
27V5B0scTX4,GABRIEL BREIER FALANDO COMO COLOCAR O SHAPE NATURAL,criadores_pt,False,1580.0,0
urVTMaggYOg,GABRIEL BREIER COMPETINDO NA MEN'S PHYSIQUE #gabrielbreier #fisiculturismo #estetica #shape,criadores_pt,False,778.0,0
wRePh36rs9M,musicas de sigma. (15:00 de músicas 🎶)Gabriel breier...,criadores_pt,False,1171.0,-1
CI2t5BWx5sQ,QUAL É SUA MOTIVAÇÃO? SEJA VOCÊ SUA MAIOR MOTIVAÇÃO #breier #gabrielbreier #sigma #gym #baki #ff,criadores_pt,False,842.0,0
AHL2Zyyp1V0,Gabriel breier reflexão veja!!#breier #motivação #reflexão #gabrielbreier💪#foco,criadores_pt,False,153.0,0
ehp9CTqPaeQ,GABRIEL BREIER - When The Party's Over (GYM HARDSTYLE) #breier #gabrielbreier #zyzz #motivation,criadores_pt,False,7308.0,0
SwSZQl3CYUk,musicas para treinar (Gabriel breier)🔱⚡️,criadores_pt,False,285.0,-1
UthS7Bw71Uc,"motivação. ""GABRIEL BREIER""",criadores_pt,False,5831.0,0
ywfsnucPpgE,COMO BLINDAR A MENTE #breier #gabrielbreier #zyzz #motivation,criadores_pt,False,2007.0,0
SMQqi42mM0Y,Gabriel Breier | Não deixe que o MUNDO fique contra você..,criadores_pt,False,2395.0,0
t1WjCetDM04,USE O MÉDOTO DO ''BORA'' - GABRIEL BREIER(CHAD),criadores_pt,False,1882.0,0
AYuj0g_WiDU,Super Xandão vs Gabriel Breier,criadores_pt,False,2650.0,0
8hS_xNrKdII,GABRIEL BREIER | TREINO AJUDA A ESQUECER DOS PROBLEMAS ?#shorts,criadores_pt,False,8717.0,0
fXjL6_r2KyI,Gabriel Breier não fique triste soldado seu momento vai chegar hahah,criadores_pt,False,2484.0,0
k9EYP_g94PY,Pagode do Anderson Camaro participação especial Breno faria,criadores_pt,False,20.0,0
AJyzzSyFejM,Aula aberta com Dr. Breno Faria,criadores_pt,False,137.0,-1
oF2WOtKC9JM,Jotapê Samba | Especial Breno Faria - Propagas,criadores_pt,False,462.0,-1
IvH3X6a3IOU,Breno farias no lá bodega,criadores_pt,False,162.0,0
TunTUpjeACc,6. Breno Faria - Vamos criar uma realidade contínua de evolução através do amor.,criadores_pt,False,17.0,11
8-pq1HJtOiA,ULTIMO GOLE CAST #100 BRENO FARIA E PAULO PORTO,criadores_pt,False,79.0,11
2x0UIJ6VS6I,BRENO FARIA - Copywriter e PRF - Limascast #052,criadores_pt,False,1479.0,0
lW0XKzRImqA,Eu me mexo pela doação de órgãos. Breno Faria,criadores_pt,False,15.0,1
Zi6nLIgHcHM,Breno fala sobre Trajetória no Katinguelê,criadores_pt,False,673.0,0
p9uLi6IsvKI,BRENO FARIA CONVITE PRO FUTSHOW Natal solidário no CDC JARDIM HELENA,criadores_pt,False,72.0,-1
Wkeuz9-w0Zs,Breno Faria - Atacante,criadores_pt,False,107.0,0
1SuHMRZg_rQ,Breno Faria - Lpr Esportes,criadores_pt,False,19.0,0
xorQ3OmCCRc,Alô mundo! #Breno #Katinguele🚀❤️🙅🏿‍♂️🙏🏿,criadores_pt,False,39.0,-1
VtI_H7augUg,Samba da Praça Grajaú recebe Breno Faria - 20.07.19,criadores_pt,False,159.0,0
gzwgIrOly1Q,BRENO FARIA RESPONDE AO VIVO PERGUNTAS E MENSAGENS DO PÚBLICO DO FALA GUERREIRO!,criadores_pt,False,1478.0,0
ew8rQ1V-OVo,"Talk Picsize com Henrique Ribas, Breno Matias, Wander Faria e Demétrio",criadores_pt,False,89.0,-1
UqyFZlIAMFw,ESSE TIPO DE MULHER NÃO TEM PAI? com BRENO FARIA (Café com teu pai),criadores_pt,True,537.0,-1
aGxfx-iMvpc,Breno fala sobre os primeiros passos na Música,criadores_pt,False,153.0,0
6V6CfGle-mI,#Shorts Breno Faria no Festival Cultura de Rua,criadores_pt,False,90.0,-1
y3_8vUElrg4,A principal escolha que você faz na vida - EP12: Todo mundo tem uma história.,criadores_pt,False,992.0,0
fYyp5DmziXA,Foi no teu olhar Breno farias,criadores_pt,False,203.0,0
Quzn16LA760,Breno de Faria | Jackson Abrão Entrevista | T02E19,criadores_pt,False,547.0,11
wyqBO_Ik1_Q,FALTOU ALGUMA COISA? COLOCA NOS COMENTÁRIOS🤣 #motoristadeaplicativo #uber (Inspirado em Breno Faria),criadores_pt,False,608.0,6
9_FLjIAS6JE,ULTIMO GOLE CAST #100 BRENO FARIA E PAULO PORTO #2,criadores_pt,False,103.0,11
sijvFNVF7go,CASO ANDRESSA URACH! - BRENO FARIA ( Café com teu pai ),criadores_pt,True,646.0,-1
b6dKMnKozBU,Breno faria,criadores_pt,False,42.0,11
DygB32hbYVk,Dor de amor - Kako Benelli - Part. Breno Faria,criadores_pt,False,96.0,0
oaMdkCs92Uk,Bolsa de estudos insper- Breno Faria,criadores_pt,False,54.0,0
xyPH03YMsbY,Pedacinhos Do Céu Felipe Dini e Breno Faria,criadores_pt,False,368.0,0
VsAKB8HV0vo,PRIMEIRA VEZ NA TRILHA DA COVADANTA- PUXADOR BRENO FARIA,criadores_pt,False,33.0,-1
1nUZXMkNG8s,Breno. Faria,criadores_pt,False,5.0,11
iBpV3FQlKWE,"Fã clube Naves e Breno Lopes, você também faria parte?",criadores_pt,False,66.0,-1
hvNQelIU4pk,Jotapê Samba | Especial Breno Faria - E fez se a Luz,criadores_pt,False,204.0,-1
tF1bNsP-yYI,Breno Faria o ☕ sem açúcar das mulheres,criadores_pt,False,123.0,0
s5I4zb3ZN0s,#relacionamento #relacionamentointercultural #amorgringo #gringosnobrasil #homemdealtovalor,manosphere/ideologia,False,452.0,0
m-BYsxtvJ4A,Autodomínio #relaciomento #autocontrole #homemdealtovalor #homem #rapunzelmimada,manosphere/ideologia,False,8053.0,-1
NjM50uz-Uj0,VISÃO DE VALOR DA MULHER #homemdealtovalor #seducao #relacionamento,manosphere/ideologia,False,6434.0,0
B6rKG14N5Vk,MUITO MACHO ALFA 🗿 (TADINHA DELA),manosphere/ideologia,False,37390.0,-1
BNWz-zshg88,Thiago Nigro perde 150 mil porque Maira Cardi mandou buscar Sofia na escola! #maíracardi #primorico,criadores_pt,False,391.0,0
O47QoCAQH-Q,Henrique e Juliano - CHUVA DE BREJA - DVD Manifesto Musical,criadores_pt,False,16682163.0,0
CWBgxjPL51I,THIAGO FREITAS - QUANDO A CHUVA PASSAR,criadores_pt,False,25560424.0,-1
R4I87ubgMJk,Chuva no Telhado - Leandro & Leonardo,criadores_pt,False,21456729.0,6
y5PLf9vmvhc,"O que faz um planejador financeiro? Thiago Nigro, responde!",criadores_pt,False,4765.0,0
DoxNef1dHPM,VOCE PRECISA SE DESTRUIR para viver igual com alegria,criadores_pt,False,9678.0,0
7QhZ26HAoHc,"ESCUTE VOCE QUE AINDA É JOVEM, antes que seja tarde",criadores_pt,False,15451.0,0
iSgGVodr7ho,Como ter um RELACIONAMENTO bom e PROLONGADO ? [ GABRIEL BREIER ],criadores_pt,False,1231.0,0
o2BhNNCKilA,Chuva de Arroz (Cover),criadores_pt,False,231872.0,9
dICi36MwmCE,Chuva de Rosas 🌹 | Som do Eterno | 🎵 Músicas Católicas a Santa Terezinha do Menino Jesus,criadores_pt,False,25873.0,0
eJ1kkVTFhw4,"Heitor Santos e Kaelzinho Ferraz - Whisky, Cigarro e Paredão (Arrocha, Vaquejada e Paredão)",criadores_pt,False,85509.0,7
YzZmBEr4Yc4,João Bosco e Vinicius e @DiegoeArnaldo - Chuva (DVD +Positivo+),criadores_pt,False,829732.0,0
DztPJerUhPU,"Paulinho - Mina Sem Limite (Medley • Ao Vivo - DVD Na Rua, Na Chuva, Na Favela)",criadores_pt,False,44621.0,0
mWE1fpqmV_w,⚠️ Chuva de Granizo registrada no final da tarde em Balneário Camboriú 23/06 😱🌨🍃,criadores_pt,False,1042048.0,0
k7-Jzct0Ke8,"Chuva, chuva, vá embora - Músicas infantis - Rain rain go away in Portuguese",criadores_pt,False,681204.0,0
hopA_JyHX1c,THIAGO NIGRO QUER UMA FERRARI PUROSANGUE IGUAL DO NEYMAR JR #tcar #ferrari #thiagonigro,criadores_pt,False,714865.0,0
RvWJj_x_uaY,ANTES DO THIAGO NIGRO SE TORNAR MULTIMILIONÁRIO TINHA UM VELOSTER #tcar #primorico,criadores_pt,False,488626.0,-1
kUh6e-1Mi00,"ENTREVISTA EXCLUSIVA: MAÍRA CARDI ABRE O CORAÇÃO SOBRE FAMÍLIA, FÉ, RECOMEÇO AO LADO DE THIAGO NIGRO",criadores_pt,False,280033.0,0
n_iHNu07Mfo,TCAR NÃO CONSEGUIU VENDER FERRARI PUROSANGUE PARA THIAGO NIGRO #tcar #tcarimports #thiagonigro,criadores_pt,False,365509.0,0
T6zXMO3DrlM,O que é o DINHEIRO | Explicado pelo Thiago Nigro | SejaUmaPessoaMelhor,criadores_pt,False,98769.0,0
0JkSpPZJDkE,O Sapo não lava o pé - Galinha Pintadinha 1 - OFICIAL,criadores_pt,False,616568812.0,9
lJvWUtLEnvE,Lindos Hinos CCB pra ouvir e dormir ao som da chuva (Violão Clássico),criadores_pt,False,1323284.0,0
G9H86s7zdxo,A CHUVA INVADIU A CASA DA VALENTINA!! *fui abandonada na piscina* 😭,criadores_pt,False,19525271.0,0
N7itTmXwXlY,Mauro Cezar x Raiam Santos: Confusão entre os dois #maurocezar #raiamsantos #shorts #shortsviral,criadores_pt,False,11365.0,0
YckfEJ7YEWE,Augusto Cury critica Renan Santos: 'Sua agressividade me assombra' | DEBATE 2026,criadores_pt,True,653385.0,-1
XGGD0oklrsA,A REAL SOBRE RAIAM SANTOS,criadores_pt,False,67750.0,0
r2mKr8OVqzQ,O que acha de morar em Miami? | Raiam Santos,criadores_pt,False,44159.0,0
GaD5LydtZ6g,TREINO COM RENAN SANTOS - PRÉ-CANDIDATO À PRESIDÊNCIA DO BRASIL !!!,criadores_pt,False,567861.0,0
AM7b7rFVlIE,THIAGO NIGRO REVELA O SEGREDO DE SEU SUCESSO #shorts,criadores_pt,False,53506.0,-1
4TQxf8NVxPM,THIAGO NIGRO APOSTOU R$10MIL E VENCEU... #shorts,criadores_pt,True,15321.0,-1
EDVD8aprbTw,Melhor FORMA de Ficar RICO kkkk - Primo Rico | Thiago Nigro #shorts,criadores_pt,False,5470.0,-1
PklUFdTAx60,Thiago Nigro conta quanto Maíra Cardi já faturou na internet,criadores_pt,True,2716.0,0
x2Msn2vdm9w,breier dando aula de monark e biblia,criadores_pt,False,749425.0,-1
JbuPDDkOvw8,VOCÊ ESTÁ TRISTE POR NADA DAR CERTO ATÉ AGORA,criadores_pt,False,46037.0,0
KnFYpZyLwJM,Breno Faria ex-Katinguelê no Samba da General 22/2/2020,criadores_pt,False,57.0,0
kMgqTR9kVHY,Bilionnário & Batista Faria - Fim da Estrada - Cover - Vídeo Oficial,criadores_pt,False,23019742.0,11
