video_id,titulo,bloco,menciona_valor,views,topico_bertopic
-PkM5dItZA0,skincare do meu namorado 🎀🧚,autocuidado/estetica,False,7885542.0,6
Yz5_YPRg-QM,2 step skincare for men #skincare #brightskin #kskincare #kbeauty #menskincare #orien #cleanser,autocuidado/estetica,False,1135104.0,4
lK--YASOPFE,SIMPLE Men’s Skincare Routine. #dermreacts #skincare,autocuidado/estetica,False,1315826.0,4
iwh1Qv2hAmw,Creme nivea de latinha é o verdadeiro milagre de gerações #nivea #face #skincare #viralvideo #beauty,autocuidado/estetica,False,2260535.0,4
S9u9vrXVgLE,Derm reacts to excellent men’s skincare routine! #dermreacts #doctorreacts #mensskincareroutine,autocuidado/estetica,False,1084834.0,4
IZlwQE2fpPw,produtos de skincare que todo homem deveria ter,autocuidado/estetica,False,7088.0,-1
mbHa3ypvAxI,3 Step Skin Care Routine For Men,autocuidado/estetica,False,4780789.0,4
5rhkBiMf5kg,Boy makeup - no shame 😅 #makeup #skincare,autocuidado/estetica,False,917911.0,-1
fijvpHLUjeQ,Skin Care Routine For Men (Beginners),autocuidado/estetica,False,257365.0,4
MUWmTrj7Nb0,Simple skincare routine for men ✅ #skincare #menskincareroutine,autocuidado/estetica,False,123095.0,0
T4pgfrfEgWs,How to get clear skin? decent skin care products for black men #menshygiene #skincaretips #howto,autocuidado/estetica,False,318123.0,4
lv82M3wwCdY,Principia ou Creamy Skincare. Qual escolher?,autocuidado/estetica,False,157878.0,-1
7FDeshFywZ4,Someone plz help these crusty dusty men 🤦🏼‍♂️ #skincare #mensskincare #lotion #menshealth #dryskin,autocuidado/estetica,False,5302.0,4
q9WdxOxZ3J8,Easiest 4 Step Skincare Routine for Men! #skincare,autocuidado/estetica,False,3474794.0,4
0HQsx2Heqc4,Bare Minimum Skincare Routine for Men,autocuidado/estetica,False,411330.0,-1
ZoDerDJq3mQ,Men’s #facial 🧖🏼‍♂️ #ASMR #asmrsounds #medspa #skincare #beauty #tampa #menshealth,autocuidado/estetica,False,410735.0,-1
lraxpqgDFeM,ADVANCED SKINCARE ROUTINE FOR MEN!,autocuidado/estetica,False,3535201.0,4
TlvpEg1yIcI,TRANSFORME SUA PELE COM ESSA ROTINA DE SKIN CARE #skincare,autocuidado/estetica,False,360094.0,-1
yVNX9cB_UI0,TODO HOMEM DEVE OUVIR ISSO #familia #casamento #relacionamento,autocuidado/estetica,False,1351566.0,-1
bKgVyC9XQkc,MINHA ROTINA SENDO PAI DE BEBÊ REBORN,autocuidado/estetica,False,10805162.0,5
mreLddj6hMY,5 tipos de barbas para homens: descubra qual combina com você | Dicas de Moda Masculina,autocuidado/estetica,False,411010.0,4
1C8p1-z2Iec,Saúde mental do homem: por que e como incentivar o autocuidado,autocuidado/estetica,False,4190.0,5
-1MPcbDEqD8,simple mens self care routine (korean style),autocuidado/estetica,False,29793.0,-1
Nj4FpY7Mrd0,Autocuidado masculino,autocuidado/estetica,False,34.0,5
zOHt-jadwe8,Joinha com autocuidado!,autocuidado/estetica,False,205.0,-1
6OhHeyJlm_Q,exercícios para definir a mandíbula #gym #looksmaxxing #mewing #mandibula #autocuidado,autocuidado/estetica,False,23583.0,-1
1_ZKnm9WhhI,My male model self care night routine ✍️😴 #SelfCare #Routine,autocuidado/estetica,False,14493.0,5
0Zeewzad6E0,10 Self Care Products Every Man Needs,autocuidado/estetica,False,391785.0,5
oMsH5GVIlF4,Men's glow up tips ✨#glowup #glowuptips #glow #viral#explore,autocuidado/estetica,False,46592824.0,1
VOlC0EuW9Qo,before and after moving to korea #glowup,autocuidado/estetica,False,1956508.0,1
U388Lj_9_e4,REAL GLOW UP TUTORIAL💀🧏🏻‍♂️🤫#real #glowup #tutorial #mewing #shelove,autocuidado/estetica,False,3688741.0,-1
uJlkcBbL23Q,Dicas de glow up masculino,autocuidado/estetica,False,10608.0,4
tlb1CJ1A8cc,BEST GLOW UP TIPS FOR BOYS,autocuidado/estetica,False,6280634.0,1
JqpwMIWhBlE,Facial exercise ✨ | Glow up for men | #jawline #tutorial #glowup #short #trending,autocuidado/estetica,False,3689910.0,-1
RlhMrC_9BZQ,Glow Up Routine for Men 5✨ Face Exercises for a Sharper Jawline 🗿 #glowup #faceexercise #men,autocuidado/estetica,False,226573.0,-1
zWjD30Xm6NE,insane two year transformation #motivation #glowup #weightloss #aesthetic #glowuptransformations,autocuidado/estetica,False,4391146.0,1
g6UKk9qOlPc,the glow up is crazy,autocuidado/estetica,False,9574713.0,-1
kMk0j9uI2bU,glow up 🌟 tips for boys #282 #tips #hairstyle #skincare #glowup #beautytips #mewing,autocuidado/estetica,False,1864340.0,-1
S8hWdoW-zf8,BEST GLOW UP TIPS FOR MEN,autocuidado/estetica,False,603928.0,1
tTcRHt2lkRQ,Como Ter um Glow Up INSANO Antes das Férias (Do Zero),autocuidado/estetica,False,88021.0,-1
vwoxG5_em1g,my glow up over the years😤😤 #glowup,autocuidado/estetica,False,2903294.0,1
QRNO3WjIbqc,The Gang’s Glow Up #motivation,autocuidado/estetica,False,4861099.0,-1
EBejm7gyUas,How I had a glow up in under a year #glowup #looksmaxxing #transformation,autocuidado/estetica,False,1821032.0,1
KrmBBwscDD0,"""Indian Boy's Incredible Glow Up Transformation 🔥",autocuidado/estetica,False,764912.0,0
4LDkIPKeD6s,Ranking The Best Boyfriend Glow Up Trend ✨ #tiktokviral #glowup,autocuidado/estetica,False,4155214.0,1
SCI1bMt0jEc,How to lose weight quickly #glowup,autocuidado/estetica,False,206435.0,1
7w8yowC1Zls,Glow Up📈💪🥶 #motivation #shorts #successmindset #viral #Ytshortsindia #inspiration #godsplan #sigma,autocuidado/estetica,False,3122403.0,0
Sup-70_dRjs,How to perfectly GLOW UP as an Asian guy (Part 2),autocuidado/estetica,False,913553.0,1
Qb1C00aUi0I,Men's glowup tips #glowup #glowingskin #glowuptips #mensstyle #bedroom #men #mensfashion,autocuidado/estetica,False,7623103.0,1
OWZrFdV4tCM,Define : glow up” edit,autocuidado/estetica,False,414366.0,1
k1teN6SazvI,Men glow up tips 16/100 - Use Vaseline and brush your lips with a toothbrush #glowup #boys #lips,autocuidado/estetica,False,559721.0,1
DEJa4GjS07I,glow up tips for boys #shorts #glowuptips #mewing #glowup,autocuidado/estetica,False,1616047.0,-1
OwvXNWKr_bA,"Glow up tips #38 - ""Improve your facial structure with Mouth Tape!"" #mensfashion #glowup #mensstyle",autocuidado/estetica,False,2211209.0,0
ipr7mFYBPvk,Glow up 🏳️‍⚧️#trans #ftm #shorts,autocuidado/estetica,False,206683.0,1
t4V8ZEUTzl4,Glow Up or Glow Down? 🫣 #haircut #glowup #hairstyle #shorts,autocuidado/estetica,False,15656.0,1
8zdz2jL46j4,Homem Que Para De Se Cuidar Quando Está Namorando!,autocuidado/estetica,False,1214.0,5
bebx5XjCd7w,EU DISSE A VERDADE PARA OS MEUS GATOS #shortssprintbrasil,autocuidado/estetica,False,24538560.0,6
Zcfn721n-Ng,Men's Grooming Routine,autocuidado/estetica,False,1252431.0,4
UvIkZPlijW4,8 men’s grooming and hygiene essentials every man should have. #menshygiene #mensgrooming,autocuidado/estetica,False,1013768.0,4
ehlRA_n2wUY,Grooming Essentials Every Man Needs,autocuidado/estetica,False,319666.0,4
0Fv3llLbQSM,YORKIE GROOMING WITH SCISSORS #yorkie #doggroomingforbeginners #doggroomingtips,autocuidado/estetica,False,10136654.0,-1
Hufw9p0Pdj8,Ultimate ASMR Beard Cleanup | Flex Trimmers + Hot Lather + Razor Finish,autocuidado/estetica,False,4902013.0,0
sSaNbxZ-mC0,Yorkshire terrier scissor grooming ✂️❤️🐶,autocuidado/estetica,False,646508.0,-1
Sm07Dd-RW4s,"Body Grooming and Manscaping: 3 Easy Steps to Trim, Shave, & Moisturize | Gillette #mensgrooming",autocuidado/estetica,False,1630165.0,-1
956dVk3MwHQ,Basic Grooming Habits Every Guy Should Be Doing! #grooming,autocuidado/estetica,False,2887184.0,4
FayA4wKWu3E,The MOST Important Grooming Tip to Fix Your Skin #Shorts,autocuidado/estetica,False,49253.0,-1
6q1oNZ7BxV0,Full Body Grooming Routine For Men,autocuidado/estetica,False,1556460.0,0
7p92siDXjWo,5 GROOMING ITEMS I LOVE | Mens Grooming #Shorts,autocuidado/estetica,False,5162.0,0
GK5Cv6ZXKMM,Men’s GROOMING HACKS for BODY HYGIENE 🧼#shorts | Tejas Yadav,autocuidado/estetica,False,1546998.0,4
pPi4D1kh1wo,5 Grooming Tips I Wish I Knew Sooner,autocuidado/estetica,False,442335.0,4
KFTyTjBcAtw,Beard Tutorial: How To Shape Your Neckline - A Balance Method #shorts #beard,autocuidado/estetica,False,20064836.0,4
7lypF1OZ1pM,How To Trim Your Neckline Hack. Try This Out Next Time You Are Tidying up Your Short Beard. #shorts,autocuidado/estetica,False,1429729.0,-1
UPiukIQivg8,@ImanGadzhi 's best men's grooming product,autocuidado/estetica,False,11192.0,6
Erdy8EqUpSM,What’s Your Current Beard Care Routine? #shorts,autocuidado/estetica,False,1342138.0,-1
o_QxvANDRjM,3 Ways Men Can Wear Concealer | #urbandecay,autocuidado/estetica,False,425856.0,-1
GKKnLOiBqAs,💈 Never Overdo It With What ??? #haircutharry,autocuidado/estetica,False,2513630.0,-1
JjIW747lX8w,grooming on the go 🧳 shop men's toiletry bag essentials at the link in bio,autocuidado/estetica,False,150775.0,4
GVqgeQIEr4E,Easy curly hairstyles + grooming routine #mensgrooming #hairstyle #mens #fashion #skincare,autocuidado/estetica,False,433009.0,4
Epjm2egVkL0,Watch till end for a surprise! #urbangabru #mensgrooming #hairremoval #bodybuilding,autocuidado/estetica,False,2912856.0,-1
0Ta4Z3RiYXw,Men’s Grooming Secrets Pt. 16,autocuidado/estetica,False,198727.0,4
eqp2eu_6Qd8,Full Viking Beard & Hair Transformation #shorts,autocuidado/estetica,False,790795.0,4
76PcGD4jLQ0,How To Shape Your Earline Beard Hack: Balance MG Tips #shorts #,autocuidado/estetica,False,1442689.0,4
vZRaBsfvW70,Mens grooming routine in the morning 🪒🧼🚿🧴 #skincare #skincareroutine #mensgrooming # #mens,autocuidado/estetica,False,329170.0,4
QrCPRrCKn2w,This comb lets you cut hair like a pro barber! #barber #haircut #fade #shortvideo #hairtutorial,autocuidado/estetica,False,1558114.0,-1
h600ltHK7Fw,You’re Forgetting These 5 Grooming Steps!,autocuidado/estetica,False,12196.0,0
8I8-DLlWcqE,TOM FORD ON MALE GROOMING,autocuidado/estetica,False,87398.0,4
QQ0Yo38BK0Q,Tom Ford's Three Rules Of Grooming | MR PORTER,autocuidado/estetica,False,2491943.0,0
9XeFHbhIoDc,99% of men make these grooming mistakes 🧔🏻‍♂️❌,autocuidado/estetica,False,3770588.0,0
sJli2qCxxvU,5 Grooming Hacks That Save Time & Money | Men's Lifestyle | BluMaan 2018,autocuidado/estetica,False,72488.0,0
hhF3KlFgeJA,Men's Grooming | Makeup By Courtney,autocuidado/estetica,False,8216.0,0
2tPXpFWRbzk,Men's Grooming and Hygiene Tips,autocuidado/estetica,False,163391.0,0
8VLQ9DzdeT8,5 essential grooming tools! #mensgrooming,autocuidado/estetica,False,7384839.0,4
9qvvBaCZjpA,Fashion and Grooming hacks for Teenagers✅ | viral hacks🥵 #Shorts #groomingtips #explore #ytviral,autocuidado/estetica,False,2982450.0,-1
2NNVgr01QTg,Grooming Lounge - Still Buying Crappy Grooming Products?,autocuidado/estetica,False,87276.0,0
TXtAXzohjLg,Detroit Grooming Co.,autocuidado/estetica,False,1171.0,0
aKmHwRxYMoc,Mens grooming routine before sleep 🪥😴🧼🧴 #mensgrooming #skincare #oralcare #groom #shorts,autocuidado/estetica,False,766685.0,4
uBkksdZ9DdQ,Look Your Best for Any Meeting | Men's Grooming Service #truefittandhill #mensgrooming,autocuidado/estetica,False,77336.0,-1
ZoBEs9SGRmU,3 Products to Cover Gray Hairs & Enhance Darker Hair | Hair Grooming| #shorts #viralshorts #rolda,autocuidado/estetica,False,11019.0,0
80-rXebiHDw,Shaping Up Your Beard Neckline PT 2 | Balance Male Grooming #beard #shorts,autocuidado/estetica,False,52380.0,0
4N5xI6BeB_M,Why I Ditched Foam for Cream #mensgrooming #sensitiveskinshave #skincareroutine #shavecream,autocuidado/estetica,False,9849.0,-1
C5Z1X-9z7rU,How MANSCAPED Became the “Kleenex” of Grooming,autocuidado/estetica,False,253.0,-1
rLQIFXNZ8oc,How to properly trim your beard to grow it LONGER!,autocuidado/estetica,False,3809186.0,0
Z8RMO_Ve0gs,How To Shape Up The Perfect BEARD Neckline #shorts,autocuidado/estetica,False,749971.0,4
vgniKzOt3pQ,Set Beard *JAWLINE* #Shorts #Beard,autocuidado/estetica,False,2125864.0,4
TXAhGqgC8jM,Stubble is a great option for men who struggle to grow facial hair. 🙌🧔🏻,autocuidado/estetica,False,811831.0,-1
UOnXhGZkncI,3 Secrets To Get Super Defined Curls - Works Every-Time | How To Get Curly Hair,autocuidado/estetica,False,3804654.0,0
9uw_qQ-AjZs,New Long Hairstyle | Viral Hair Cutting #shorts #barber,autocuidado/estetica,False,2679.0,-1
24GCsCVQWvI,"Before ➡️ After 🔥✂️ New look, new confidence! 😎✨",autocuidado/estetica,False,545.0,-1
p41zX0ErfbE,Learn How To Shape-Up Your Beard With a Straight Edge Cut-Throat Razor #beards,autocuidado/estetica,False,581038.0,-1
F2Gy7SeDBPM,It’s as easy as that Simpletics #simpletics,autocuidado/estetica,False,2603.0,-1
fjs3KNI4czQ,Essential hair tools for the well groomed man,autocuidado/estetica,False,58.0,0
cm1yufnB3TU,4 Hygiene Tech Upgrades,autocuidado/estetica,False,29757.0,0
6e9465hC6es,Casual outfit + grooming routine with my products . Link in my instagram goonza_costa #mensgrooming,autocuidado/estetica,False,821850.0,4
6i-iyCcN4Gw,Mensgrooming routine + date night outfit full black #mensgrooming #menshair #suitstyle,autocuidado/estetica,False,106442.0,-1
7ctUdD3Fhiw,Men Grooming Body Wash | Hair Serum & Shampoo by The MenCare Co.,autocuidado/estetica,False,1787.0,0
nXHEOi51AVk,Budget Grooming Hacks For Teenagers✅ | Look Good In College😍 | Tan Removal Remedy #Shorts #Ytshort,autocuidado/estetica,False,8713952.0,-1
uhSvc5ODLWE,Introducing Z Oud Talc | Oud of This World | Premium Men’s Grooming,autocuidado/estetica,False,84.0,0
JrS_RthqvJc,No side burns? Just get a taper fade #barbertips #taperfade #fades #howtofadehair #howtodoataper,autocuidado/estetica,False,535486.0,-1
AFoNCCvCVmY,"Your grooming kit, minus the bulk.",autocuidado/estetica,False,1347.0,-1
bfJH_Dy5cuc,The Must-Have Men’s Grooming Product #fyp #menshealth,autocuidado/estetica,False,1261.0,-1
am4Sp1Skkmg,Doesn’t take much. Just gotta stay consistent. #beardroutine #beardcare #beardtips #mensgrooming,autocuidado/estetica,False,5758.0,4
yoBmRKhCZBA,"Gray can stay. The tired, unpolished look does not have to.",autocuidado/estetica,False,140.0,-1
GlqKKifjxks,Looking Your Best Doesn’t Happen by Accident | Men’s Grooming & Skin,autocuidado/estetica,False,336.0,0
ImG8rLof_To,Nose and ears waxing in Polish Barbershop! 😬 #barber #wax #grooming #relax,autocuidado/estetica,False,328976.0,4
RRZw-wHCdL8,Sharp lines and clean fade #trending #usa #foryou,autocuidado/estetica,False,3.0,1
Im4j0VFHrPw,Morning Beard Routine #beard #beardcare #beards,autocuidado/estetica,False,1212.0,4
ehL9djyN5bs,Don't Wait for the Perfect Moment — Treat Yourself to a Fresh New Look,autocuidado/estetica,False,37.0,-1
nna47FQ286g,Make Your Beard Look Fuller,autocuidado/estetica,False,766159.0,-1
sZccO2RIJPc,How to Make Your Eyebrows Look PERFECT *EASILY* #Shorts,autocuidado/estetica,False,1071799.0,-1
LDT1m2AFHQ8,Mens grooming routine for men 👌🧼🧴🚿 #skincareroutine #skincare #mensgrooming #foryou #shorts,autocuidado/estetica,False,502949.0,4
Jq1D7GruV30,Beard routine that takes 5min that gives you hours of results #beardroutine #beardcare #mensgrooming,autocuidado/estetica,False,19881.0,4
UsUDlMMAo3w,Men’s Grooming & Skincare 101 for Movember,autocuidado/estetica,False,52316.0,0
SWp8IwrQRNE,5 Grooming Habits I Can't Live Without | Men's Grooming Routine | Alex Costa,autocuidado/estetica,False,209942.0,0
71bzixRzrwU,My Favourite Men's Hair and Grooming Products | February 2018,autocuidado/estetica,False,26883.0,0
iHSoVSpavsk,Tips For Trimming Mustaches,autocuidado/estetica,False,753429.0,0
HuHCigHPrbs,Men's Hair and Grooming Festival Essentials 2019,autocuidado/estetica,False,9514.0,0
nc47Zjm34k8,"10 ""OBSCURE"" Grooming Tools MOST Men NEVER Use (But Should TRY At Least ONCE!)",autocuidado/estetica,False,26625.0,0
f6ULvMxIP5s,Essentials Men's Grooming Tutorial,autocuidado/estetica,False,73776.0,4
hOpp1Df2PiI,Men's Shaving: Grooming Lounge's Fab Five Solutions,autocuidado/estetica,False,5233.0,0
minY3pzeqB8,I don’t get the cuts and nicks I used to with other razors! #mensgrooming #trimmer #shaver,autocuidado/estetica,False,1056.0,-1
JSRXH1Uc6IY,Basic Male Grooming and Makeup,autocuidado/estetica,False,47186.0,-1
Ya9QJNnHcc8,10 BEST Men's Grooming HACKS,autocuidado/estetica,False,100296.0,0
wMdkgaMc8UI,From Metrosexual to Completely Turned Off: Is Excessive Male Grooming a Turnoff?,autocuidado/estetica,False,96645.0,0
L6Q0N-EJ1SI,Nishman New Generation in Men's Grooming World - Creative Men Design,autocuidado/estetica,False,7289.0,-1
ZR0zIDxHVU8,Biggest Men’s Grooming Mistakes & How to Fix Them (Updated for 2020),autocuidado/estetica,False,36806.0,0
91ApacSADOw,Pacinos Men's Grooming Creme / Molding Wax Cream now at www.Target.com,autocuidado/estetica,False,16134.0,0
mERZ-VCvfBk,How To Look After Your Beard | Men's Grooming With Chris Perceval | River Island Man,autocuidado/estetica,False,92002.0,0
oHsYFwyWFU0,How To Style Crocs / Men’s Style Tips,autocuidado/estetica,False,1208980.0,-1
H93HNbRZ2WQ,3 Golden Rules Of Shaving.. #shorts #mensgrooming #howtoshave,autocuidado/estetica,False,647914.0,-1
0yrS8K30iqw,Male Grooming Tips,autocuidado/estetica,False,2080.0,4
ktuUGYeNz4Y,😂 This Barber Went TOO FAR! 💈🤣 #shorts #youtubeshorts #funny #fails #trynottolaugh #funnyvideo,autocuidado/estetica,False,1413.0,0
zH0JUQtdPCc,5 Grooming Hacks EVERY GUY Should Know,autocuidado/estetica,False,19216.0,0
_GoptosfcMA,Men’s PERSONAL Grooming Essentials✂️🧴 #menhacks #hairremoval,autocuidado/estetica,False,4450382.0,4
y7yZuP0fSDc,How To Trim A Cop Style Mustache (The Chevron) #Shorts,autocuidado/estetica,False,517969.0,-1
5SltB8E_PbM,Men's Grooming in 4 minutes,autocuidado/estetica,False,3530.0,-1
kwk1kMbQBl4,Grooming routine + beach outfit 🏖️ #fashion #hairstyle #mens #mensgrooming #outfit #ootd #style,autocuidado/estetica,False,152037.0,4
fYc0dkgkt5I,Grooming Hack No. 124 #Shorts,autocuidado/estetica,False,30074.0,0
OH4duxi-TxM,Trendimi TV: Hair Stylist - Men's Grooming: Applying Hair Gel,autocuidado/estetica,False,2604.0,0
yroQ1sLjgAE,jeff styled by Simpletics #simpletics,autocuidado/estetica,False,679.0,-1
tl8Xla_TMPo,How To Trim Your Mustache While Growing It Out #Shorts,autocuidado/estetica,False,1282787.0,-1
nUkrdi1p5Nk,The PERFECT Grooming Products For Your Age,autocuidado/estetica,False,15971.0,-1
qumB82m6-bo,Men’s Grooming Secrets Pt. 18,autocuidado/estetica,False,17059.0,4
wZgXtwtBg2o,Rating Men's Facial Hair! #grooming #mensstyle #style #styletips,autocuidado/estetica,False,170596.0,-1
vH6Je5HjtDU,"Grooming Lounge Men's Hairstyle -- ""The Devon""",autocuidado/estetica,False,7650.0,0
cKZ0n7DG-p8,Grooming For Men,autocuidado/estetica,False,7050.0,-1
MaA0SPdbDd4,Como Cuidar Bem de Uma Barba Curta | Só isso que você precisa,autocuidado/estetica,False,64639.0,4
29cup-5nRNw,🪒DICAS DE BARBA EM CASA🪒,autocuidado/estetica,False,6399342.0,4
iF5AUx0jSfk,Barba Italiana | Italian Beard Style 🇮🇹 #beard #barba #italiano #mensfashion,autocuidado/estetica,False,984633.0,4
ps2tfJBvgaY,Manutenção de uma Barba Lenhador em Casa,autocuidado/estetica,False,622525.0,4
u2M-oWNZ3nI,Order of Applying Beard Products!,autocuidado/estetica,False,137039.0,-1
wJEXiAqbHh8,My Sunday Night Beard Routine,autocuidado/estetica,False,16252.0,4
ACk1lhBApAM,Beard care routine #beard #beardcare #beardoil #beardbalm,autocuidado/estetica,False,1004122.0,-1
NUvYh5ANHq0,"Daily Beard Care Tutorial, How To Use Russell's Beard Brush, Oil and Wax",autocuidado/estetica,False,365245.0,4
vw32Ro6Sa34,BEST Beard Care Routine | Meet Beard Club's Advanced Growth Kit,autocuidado/estetica,False,221894.0,-1
c_NKWoRatMI,Beard Transformation | Black Men With Beards | #youtubeshorts,autocuidado/estetica,False,147931.0,4
_wWUG6Mzbyk,When to use BEARD BALM and when to use BEARD OIL #beard,autocuidado/estetica,False,321474.0,0
_giDq5qaALg,Ranking The Best Looksmaxxing Results EVER 🤯 #looksmaxxing,looksmaxxing,False,936303.0,-1
t456-WgzyHY,I tried the most popular looksmaxxing glow up tips,looksmaxxing,False,8909184.0,-1
j-yjm_rSZW4,Every Looksmaxxing Method Explained In 7 Minutes,looksmaxxing,False,702607.0,0
mzaCpVs2Qhc,Looksmaxxing Has Ruined Your Personality,looksmaxxing,False,632346.0,0
KMPXiamNm54,That day Hrithik roshan mogged whole Bollywood ⚡️||#shorts #looksmaxxing #lookmaxing #hrithikroshan,looksmaxxing,False,15496.0,-1
p9qhQK_uhkg,My 1 Year Looksmaxxing Transformation😈,looksmaxxing,False,2063021.0,1
__TVfHRhB64,Looksmaxxing Is Making Men Miserable,looksmaxxing,False,1792711.0,-1
zDQLwpi1KWU,The Disturbing World of Looksmaxxing,looksmaxxing,False,597403.0,0
srDGQMf50J4,The Cringe World of Looksmaxxing,looksmaxxing,False,498786.0,-1
l2tU1zu5WuI,Looksmaxxing Logic,looksmaxxing,False,368965.0,0
ts4ajXt1s00,I tried LOOKSMAXXING for 60 days…,looksmaxxing,True,150776.0,-1
ko4kDYD9btM,"Looksmax Rating (Looksmaxing), AI Face Rater & Maximize Style / Face Exercises for man, Male beauty",looksmaxxing,False,606827.0,0
-k_aVEGdMBI,Looksmaxxing Transformation (14 - 16) #shorts #looksmaxxing,looksmaxxing,False,263522.0,1
suYCtoN1vDg,Learn how here #looksmaxxing #bodytransformation #facetransformation,looksmaxxing,False,2735999.0,-1
SiY2s0ktLFc,Looksmax Tier List (NO FILTER),looksmaxxing,False,1252681.0,1
7HvcoICeA-8,7 Looksmaxing Methods that Actually Work ( Full Breakdown ),looksmaxxing,False,390065.0,-1
YhOyo2Wi018,"TikTok's ""LooksMaxxing"" Trend Is a lot Darker Than You Think...",looksmaxxing,False,505618.0,0
lZsvdML6kFU,POV: Looks Matters 👀 | LooksMaxxing #looksmaxxing,looksmaxxing,False,457978.0,-1
s-is6mtG-3o,Face exercises / Looksmax Rating (Looksmaxing) / AI Face Rater & Maximize Style,looksmaxxing,False,1360401.0,0
Z3zehSJgE8Y,"I Tried ""Looksmaxxing""",looksmaxxing,False,9691971.0,-1
zIaaUDwNqpg,"Locked tf in. 2.5 year transformation, glad I could help #looksmaxxing",looksmaxxing,False,637991.0,1
UcWzAMoQXVY,Greatest Looksmaxxing Potential? (blackpill) #blackpill #lookmaxxing #mewing,looksmaxxing,False,519615.0,1
F1-ljGZCABg,Looksmaxxing is F*cking Stupid,looksmaxxing,False,21366.0,1
AlqkPBhyQ-E,LooksMaxxing: The Complete Guide (No BS),looksmaxxing,False,1098953.0,0
e89PW3h45Xs,How to Increase BONE MASS #looksmaxxing,looksmaxxing,False,527413.0,10
jfulHL73Mhc,the world's shortest looksmaxxing guide you'll ever need.,looksmaxxing,False,1254071.0,7
NadQ_IvISI0,#lookism #looksmax #looksmaxxing #mogged #mogging #mogger,looksmaxxing,False,1020132.0,1
0h5AUk_1crM,How to Become a TRUE ADAM in 30 Days (Looksmaxxing Guide),looksmaxxing,False,5568.0,0
uHF9Biy5hdU,Real way to get a good jaw #glowup #looksmaxxing #jawline,looksmaxxing,False,1046534.0,-1
hqdResi8Ea8,LOOKSMAXXING,looksmaxxing,False,1002637.0,0
CcRtOgcAkrE,How to looksmax: level 1 #shorts,looksmaxxing,False,941885.0,0
r-_c6YXb6Jo,He Took Looksmaxxing Too Far! 🤫🧏 (@andrewmaxxer),looksmaxxing,False,15337981.0,-1
EFolHTLJCIk,More info on Insta... #looksmaxxing,looksmaxxing,False,438655.0,1
u2N8kDMmcQE,Country to popular belief I'm not secretly 5'7 and 130lbs #looksmaxxing,looksmaxxing,False,554753.0,1
O2I3Z3zb0lU,Looksmaxxing Is Kinda Corny lol,looksmaxxing,False,547293.0,0
X67xCIxdGGY,How to properly mew #looksmax #jawline #glowup,looksmaxxing,False,1822460.0,-1
L3fxYIzWguA,🎶🎧Looksmaxing playlist 2026 Thebest BP playlist,looksmaxxing,False,132429.0,0
cqF4ZtTiFnI,Before Looksmaxing vs After Looksmaxing 🔥,looksmaxxing,False,1706075.0,1
frrQelDgxTw,Romulus ⚡️- Charm ( slowed ) |#shorts #looksmaxxing #lookmaxing,looksmaxxing,False,45391.0,-1
Nmv2yA8iGGU,Looksmaxxing my best friend… 😅,looksmaxxing,False,1639.0,1
dcT_K1hrxvo,Looksmaxxing Is Darker Than You Think...,looksmaxxing,False,97007.0,0
1YPkEnco0-U,6 month subscriber transformation #looksmaxxing,looksmaxxing,False,1372962.0,1
XYLqR60Ebh4,Looksmaxxer (Tiktok: Bass) #looksmaxxing #psl #attractive #glowup #shorts,looksmaxxing,False,99713.0,-1
Mc5ddXug99s,The craziest ascension in history #looksmaxxing #viralvideo #memes #lookism #glowup #foryou,looksmaxxing,False,606874.0,-1
GS5ZMWQe2ec,Looksmaxxing,looksmaxxing,False,1313706.0,-1
wmOm3hRQx1A,#looksmax #looksmaxxing #hullo #mog,looksmaxxing,False,149781.0,1
FvNeOR5gBjY,From my personal experience this is goated #looksmaxxing,looksmaxxing,False,178907.0,-1
jnbXZSB-GdQ,Debloat Guide 🗿🙌 #looksmaxxing #debloat #facetransformation,looksmaxxing,False,309547.0,1
H5XSyofSAwo,how to fix your recessed chin #looksmax #glowup,looksmaxxing,False,666844.0,-1
4XMPLdiXB1k,Weekend Update: Chad Maxxington on the Art of Looksmaxxing,looksmaxxing,False,2915699.0,-1
qSWk_Tk1LZM,Whats your vein type?? #glowup #glowuptips #looksmaxing #looksmaxxing #oldmoney #look #glowupadvice,looksmaxxing,False,304724.0,1
wpX-PAv-q58,Examining them all #looksmaxxing #gym,looksmaxxing,False,219155.0,-1
P3uaUnS6PlM,looksmaxxing guide #trending #looksmaxxing #jawline #huntereyes #beauty #glowup #glow #glowing,looksmaxxing,False,99804.0,-1
PdxJ-js52E4,Looksmaxxing: Inside the dangerous trend taking over the feeds of young men | 60 Minutes Australia,looksmaxxing,False,815605.0,0
cYUjxgEiyv8,Yall Are Just Ugly,looksmaxxing,False,1671267.0,-1
xEQMP8VO8fU,Holy potential... #looksmaxxing #jawline #jordanbarrett,looksmaxxing,False,297102.0,1
BbHbCt0rh6s,Lorenzo zurzolo - the guy she cheated on ⚡️|#shorts #looksmaxxing #lookmaxing,looksmaxxing,False,78859.0,1
nKi0jj-8CCk,The Dark Philosophy Behind Looksmaxxing,looksmaxxing,False,40853.0,-1
1Wnwo_JfGiU,Agree 👀 | LooksMaxxing #looksmaxxing,looksmaxxing,False,386151.0,-1
0DJo_Ze1CGE,Best exercise for cheekbones. #looksmaxxing #tips #cheekbones #attractive #mogger #viralshorts,looksmaxxing,False,792183.0,-1
d_gNYF763KU,How To Start LOOKSMAXXING,looksmaxxing,False,2114519.0,1
ifV2b_f5FY4,Best looksmaxxing songs,looksmaxxing,False,9053375.0,0
KyQ-HLfYquc,Positive eyebrow tilt #looksmaxxing,looksmaxxing,False,962043.0,1
_fUYee_MNY0,🧢 #looksmaxxing #memes #bones #looks #mogger,looksmaxxing,False,843349.0,-1
Af6nQ9sLOlw,looks maxing for real 💀#looksmaxxing #modelface #modelface #haircut #glassskin #facecut #clearskin,looksmaxxing,False,693497.0,1
k3bcFke0FkE,🇵🇰 Mogs Your Fragile Ego 🔥 | Pakistani Looks | Looksmaxing Edit ✨ | #pakistan #shorts #mogged #fyp,looksmaxxing,False,399829.0,-1
Lyu5lzNMJzo,5 Looksmaxxing Tips I Wish I Knew Sooner,looksmaxxing,False,235100.0,0
JM185JXSeW8,Uno reverse | #transformation #gymmotivation #glowup #looksmaxxing #tranding #gymrat #motivation,looksmaxxing,False,512173.0,13
SNXsje-Unao,HEIGHT VS LOOKS ? #looksmaxxing #looksmaxx #heightmaxxing,looksmaxxing,False,858098.0,1
WBDvvxXOTww,Day 120 #looksmaxxing #edit #mog #model #beauty,looksmaxxing,False,7434.0,-1
S8uTu0J86F8,THE most effective looksmax for positive eyebrow tilt. #looksmaxxing,looksmaxxing,False,512434.0,1
7hooG4Tcg4k,MARLON MOGGED BY LV MODELS !!! #looksmaxxing #fashionweek #modeling #models,looksmaxxing,False,981141.0,-1
b5M0Z450-Dg,Chico Lachowski and jordan barret ⚡- Bloodpop Brooklyn ( slowed ) |#shorts #looksmaxxing,looksmaxxing,False,1128640.0,1
OcT7UBo8xXM,Jordan Barrett ⚡ Edit | #shorts #looksmaxxing,looksmaxxing,False,1047421.0,0
i4MGavLTW7o,I Tried to Get HUNTER EYES #looksmaxxing,looksmaxxing,False,1889217.0,-1
-ZYy1CZ3gpc,How to looksmax: level 1 #shorts,looksmaxxing,False,3517817.0,0
EHlSTBnisvw,Looksmaxxing Has Entered Dhar Mann Videos...,looksmaxxing,False,2156737.0,0
V8mwSNkfs7k,Day 118 #edit #looksmaxxing #mog #model #beauty,looksmaxxing,False,11748.0,-1
xrvbbcu-Ko8,gettin mogged by lil bro 😭#looksmaxxing #mogged #mewing #umax #mogwarts #mogger #looksmax #mogg,looksmaxxing,False,832507.0,1
AP48u5owyyk,brutal heightmog #looks #looksmaxing #looksmaxxing #mewing #edit #phonk #remix,looksmaxxing,False,405293.0,-1
CXKCoFz3WRs,Looksmaxxer Clavicular walks out of interview after he was asked about Andrew Tate | 60 Minutes,looksmaxxing,False,1220359.0,-1
_VDyfDfcY54,Mogg battle Zeta vs chadtag #zeta#chadtag#looksmaxxing#shorts,looksmaxxing,False,234466.0,-1
igClabj1oZg,When you try Looksmaxxing,looksmaxxing,False,175233.0,-1
7LMFnF2NdJc,How To Looks Maxxing. Step-by-step,looksmaxxing,False,817773.0,0
3eo3WnDY1B0,"I Tried ""LOOKSMAXXING"" For 30 Days...",looksmaxxing,False,66889.0,-1
3TSO_frleDo,Jordan barrett ⚡- Japan |#shorts #looksmaxxing,looksmaxxing,False,813173.0,0
7vWgKq6To0s,"""Looksmaxxing""",looksmaxxing,False,458466.0,-1
ydOXI8YjfG8,Wait for end #trollface #looksmaxxing #edit #glowup,looksmaxxing,False,72503.0,1
8EHO4RRd09U,The Ugly Side Of Looksmaxxing | Jonathan Haidt,looksmaxxing,True,324789.0,-1
VkuN3bvtvQM,Footballers Looksmaxxing 😎,looksmaxxing,False,28647144.0,9
bAo4u8fxNtg,"When ""Looksmaxxing"" Goes Way Too Far",looksmaxxing,False,584138.0,-1
4UxpStVqPVY,LOOKSMAXXING: The Dangerous Trend Debunked | Dermatologist Deep Dive,looksmaxxing,False,58365.0,0
57axPl3oBdI,How to build a lethal face card (looksmaxxing secrets),looksmaxxing,False,409976.0,1
tZKi7fezy9I,What's Actually Is Attractive | Looksmaxing Edit#shorts#looksmaxxing,looksmaxxing,False,60404.0,1
zHr5h0v0qCo,I Tested Every Looksmaxing Method,looksmaxxing,False,17838.0,-1
MW90IgN5JE0,How I changed my face video out in my channel #facetransformation #looksmaxxing,looksmaxxing,False,1201585.0,1
nk6pNT4hd4Q,Chico Lachowski runway ⚡- Satisfaction push push |#shorts #looksmaxxing,looksmaxxing,False,8163896.0,1
5AVrsdRCGms,Best duo on the internet👀 #edit #mog #looksmaxxing #viral #hairstyle,looksmaxxing,False,129482.0,1
z2-36sbxLMU,Bro became funny #fyp #bp #looksmaxxing,looksmaxxing,False,2761844.0,1
ez8mp4XRxYw,I'm an average looking guy that tried 'Looksmaxxing' | 30 Day Update,looksmaxxing,False,2074179.0,0
sXW3GM6nKRE,the dark side of looksmaxxing tiktoker: clavicular | deep dive,looksmaxxing,False,221924.0,-1
0AQkdybNmDk,The Ultimate Looksmaxxing Guide That Actually Works,looksmaxxing,False,39114.0,-1
XWFMySfAJG0,Looksmaxxing With Steroids Is Peak STUPIDITY...,looksmaxxing,False,503909.0,-1
OyhGqtMKuw0,Are women standards just too high? #shorts #looksmaxxing #bp #edit,looksmaxxing,False,704360.0,1
ldQWBxCwNzY,How I achieved forward growth at 18 #glowup #looksmaxxing #faceexercise,looksmaxxing,False,688653.0,-1
uVPv4RKrq-8,#looksmaxxing #hullo #looksmax #edit #model #shorts,looksmaxxing,False,205831.0,1
Zz1ItKuSRv0,Chico Lachowski ⚡- Mala ( slowed ) |#shorts #looksmaxxing,looksmaxxing,False,689950.0,1
L7af_9BL9Sk,Looks matter #looksmaxxing #looks #looksmaxx #glowup #hairstyle,looksmaxxing,False,2375764.0,-1
dQ2vNDgEWdA,James sapphire at 15 #looksmaxxing #viral #shorts,looksmaxxing,False,949480.0,-1
qm5HVFwHnf8,Looksmaxxing Day 3 🗿 #shorts #looksmaxxing #skincare #youtubeshorts,looksmaxxing,False,1034304.0,-1
SsPn3VzQuS8,Cheekbones are law #fyp #bp #looksmaxxing,looksmaxxing,False,205040.0,1
q7VMzvxWKsc,Get Hunter Eyes Naturally | 5 Min Eye Looksmaxxing Routine,looksmaxxing,False,689384.0,-1
92V9sp1wfwE,Most Impressive Looksmaxxing Transformation Eren #lookmaxxing #mewing #huntereyes,looksmaxxing,False,278508.0,-1
Dfc_52gWURg,"BRUTAL looksmaxxing potion (once you click, there's no going back)",looksmaxxing,False,1184583.0,-1
uox4OMC50-4,Looksmaxxing and the Rise of Male-to-Male Transsexuals,looksmaxxing,False,753447.0,0
yQJpcvfOyuM,Is The Looksmaxxing Community Right?,looksmaxxing,False,1492734.0,0
DpwQOqkG2xA,Teen Uses HAMMER To BE HANDSOME | Dhar Mann Studios,looksmaxxing,False,2991517.0,0
gz5cgM8Og6c,Looksmaxxing Is Awesome | Tom and Don,looksmaxxing,False,172521.0,0
NXvfy0gZ4Fw,Chico Lachowski ⚡ Edit | #shorts #looksmaxxing,looksmaxxing,False,650023.0,0
5Hxo6czjcrI,Do all attractive guys look like girls? #shorts #looksmaxxing #bp #edit,looksmaxxing,False,516841.0,1
hyYRRL3XuXo,"Looksmaxxing Cringe... (Clavicular, Androgenic, etc)",looksmaxxing,False,171163.0,0
WSumco1Xk7w,Praying for you bro 🙏 #looksmax #mogged #mog #mewing #looksmaxxing #shorts #tylerbtopg,looksmaxxing,False,697488.0,-1
hL4QKGGjamo,Ranking Best Three Step GLOW UPS Trend ✨,looksmaxxing,False,1743688.0,1
Wog7sqH9FOo,Jordan Barrett ⚡ Edit | #shorts #looksmaxxing,looksmaxxing,False,1688255.0,0
ga3MBOpgdjU,WHO IS BEST || CHICO - #chicolachowski #looksmaxxing #shortsfeed #shorts #short #explore #fyp ..,looksmaxxing,False,2234711.0,0
hZ_nbER3AV4,TikToker Destroys His Face Looksmaxxing | Jarion,looksmaxxing,False,888741.0,-1
Z5Numw2n5GA,I Tested 324 Science-Based Looksmaxxing Tips to Increase Physical Beauty (with QOVeS),looksmaxxing,False,22702.0,-1
DIBs4w66Cbc,side profile vs front profile #edit #looksmaxxing #chico #jordanbarrett #modeling #models #face,looksmaxxing,False,840069.0,1
5NQA1qFFxD4,How to suction mew #mewing #looksmaxxing,looksmaxxing,False,471340.0,2
nbdPHWn1phY,Ethnicitymaxxing🥶 #looksmaxxing #mogger #shorts,looksmaxxing,False,781166.0,1
WorN5t04ewQ,Vasily stepanov - Play date | valerie mazza |#shorts #looksmaxxing #lookmaxing,looksmaxxing,False,110457.0,1
zb8efUX05hc,Power Of LooksMaxing🤫🧏🏻💀#tutorial #stepbystep #mewing #looksmaxxing #shelove,looksmaxxing,False,49441.0,-1
NAxOz-jGBmg,Jordan barrett mogging in mall - bloodpop brooklyn |#shorts #looksmaxxing #lookmaxing,looksmaxxing,False,226253.0,1
Gc0UCMumFLs,I tried the most popular looksmaxxing glow up tips,looksmaxxing,False,697489.0,-1
20g8bSTyeNw,GLOW UP TF MAX!! ♡ #LOOKSMAXXING :: turning you into your UNRECOGNISABLE PEAK VERSION!! 𓏵,looksmaxxing,False,275425.0,-1
XTDy-0x62LQ,Chico mogging ⚡-FASHION|Francisco Lachowski edits|#shorts #looksmaxxing,looksmaxxing,False,3321846.0,1
dqhxK0tAlQo,The BEST Looksmaxxing Products [RANKED],looksmaxxing,False,120378.0,0
vPWWBHNby6g,#looksmaxxing #hullo #looksmax #mog #edit #shorts,looksmaxxing,False,76550.0,1
FlwX7AZmtNM,looksmaxxing is the trojan horse,looksmaxxing,False,4501.0,-1
bu6j9JSY1HE,Jordan barret ⚡-Cleared| Mewing |#shorts #looksmaxxing,looksmaxxing,False,2938184.0,1
8UW9_DDB_d0,Looksmaxxing Compilation #41,looksmaxxing,False,11914.0,-1
GYwa4TOxj3o,Ascend in bio #fyp #bp #looksmaxxing,looksmaxxing,False,15628.0,1
f5Y-D-cobpc,No BS Looksmaxxing Guide For Black Men / How To Looksmax For Black Men,looksmaxxing,False,674569.0,-1
XEqNNYNYDTo,Bro farming his AURA... #shorts #aura #looksmaxxing #henrycavill #viral #phonk,looksmaxxing,False,3357182.0,0
kYu1Nq6q4so,True Chang #fyp #bp #looksmaxxing,looksmaxxing,False,86071.0,1
b1NV5ZrtQgc,Jordan barret insane transformation 😱 | #shorts #chico #model #looksmaxxing,looksmaxxing,False,166831.0,-1
3RPQnTCmY78,Looksmaxxing Is a SCAM⚠️ #scam #looksmaxxing #shorts,looksmaxxing,False,544973.0,1
JIQg9rCGIYk,My Full Looksmaxxing Protocol To Look Better Than 99% of Men,looksmaxxing,False,135137.0,0
TVOUEFjzQko,LOOKSMAXXING SUBLIMINAL (Extremely detailed+forced),looksmaxxing,False,867466.0,0
VUvbHV4YRLU,Bro Who cares 💀💀 ..... #shorts #explore #looksmaxxing #henrycavill #superman #cool,looksmaxxing,False,2774391.0,0
jGqW9K2d-K8,Send this to bro😩 #edit #mog #looksmaxxing #viral #hairstyle,looksmaxxing,False,949.0,1
uRKystrgUb0,5 events that changes a boy into a man 🤧 | Looksmaxing | #shorts #edit #smallville,looksmaxxing,False,24440.0,0
C1mUUjzdZo0,Narcissists and #SOCIALMEDIA 21: Looksmaxxing,looksmaxxing,False,389412.0,0
p72KXITEp-I,Send this to future unc❤️‍🩹 #edit #mog #looksmaxxing #viral #hairstyle,looksmaxxing,False,40311.0,1
fc2bH4__OmY,the ONLY looksmaxxing guide to MOG (backed by Science & Studies),looksmaxxing,False,24965.0,0
zBZFUW5pTw8,Looksmaxxing in Asia is 😵‍💫,looksmaxxing,False,44022940.0,1
Se-SwlREOGE,Some Losses are Wins. | Lookmaxing | #shorts #looksmaxxing,looksmaxxing,False,401793.0,1
e2CT5_Wn2yQ,How To Do Mewing 2.0 | 2 Minutes Every Day,looksmaxxing,False,809689.0,-1
UWKY7RkzkL4,Mewing Transformation,looksmaxxing,False,5563263.0,2
TdFkfFf8iuo,REAL MEWING TUTORIAL💀#real #mewing #tutorial #shelove #jawline #stepbystep,looksmaxxing,False,8561377.0,2
ZvjSJSYHKao,How To Master Mewing 👅,looksmaxxing,False,3382406.0,2
cHBczwqIIzI,Day 100 mewing,looksmaxxing,False,20879199.0,2
j6jVaPvnwyY,Dr. Mike Mew's 4 Step Guide to Mewing👅,looksmaxxing,False,1854950.0,2
9TX71vCoeiw,Mewing Transformation,looksmaxxing,False,7498812.0,2
K3zbPOn4OPs,REAL MEWING TUTORIAL🤫🧏🏻‍♂️💀#real #mewing #tutorial #stepbystep #shelove,looksmaxxing,False,6337538.0,2
KyJ3WrH5cV4,1 year mewing (insane change) #mewing #shorts,looksmaxxing,False,6653699.0,2
DG6DYxyxY5g,3 Mewing Mistakes That Are Making You Uglier (Ft. Dr Mike Mew),looksmaxxing,False,635212.0,-1
FcFDDiD5BeI,20 months HARD MEWING,looksmaxxing,False,1107559.0,2
xzC0-FrABmA,Bye bye 🤫🧏‍♂️ #mewing #mew #byebye #jaw #jawline #jawlinegoals,looksmaxxing,False,1724246.0,2
XBWgaK-xYp4,"""Mewing doesn't works"" !? #mewing #mewingtips #skincare",looksmaxxing,False,50353979.0,-1
HyyLFCzjasQ,Mewing Moment,looksmaxxing,False,1275239.0,2
yx7t-9Le814,How to ACTUALLY Mew! #shorts,looksmaxxing,False,20377047.0,10
K7fLmsFzdwU,MEWING FACE CARD🧏🏻‍♂️🤫💀#mewing #face #jawline #shelove,looksmaxxing,False,9671420.0,2
ZON4NOG03j4,Dr Mike mew 3 year treatment #mewing,looksmaxxing,False,210341.0,2
V4lf9LdPdTA,#mewing #sigma #gigachad jawline #mogged #mogging #gym,looksmaxxing,False,25934641.0,-1
E4nTEyoIfQI,Soft Mewing Vs. Hard Mewing🤔,looksmaxxing,False,1694001.0,2
vW6FW0m3Nzs,Mewing moment,looksmaxxing,False,5775369.0,2
dhBUYFwsJ1U,NATURAL MEWING TUTORIAL!#natural #mewing #naturalbeauty #tutorial #shelove,looksmaxxing,False,91956710.0,-1
OonkcNWCve4,"How To Mew #mewing #jawline #youtubeshorts #faceexercise #Shorts, #Trending, #YourNiche",looksmaxxing,False,8046.0,-1
RsFPWHuNYVs,hard mewing to get perfect and atractive jawline of face #exercise #workout #fitness #face,looksmaxxing,False,5340171.0,2
82u1V8UpBP0,Full mewing tutorial for a perfect Jawline #shorts,looksmaxxing,False,330902.0,-1
i28peikiKIE,Stop Pushing When You're Mewing!,looksmaxxing,False,4044352.0,2
wz-_CzGXQS8,Mewing: Step-by-Step/ How to Mew? #mewing #faceyoga Face workout,looksmaxxing,False,1933238.0,2
nDzyy7QDHxo,9999 % MEWING 🤫🧏🏻‍♂️💀#mewing #glowup #jawline #tutorial #shorts #shelove,looksmaxxing,False,7383504.0,-1
L02Hkf0RXcA,How To Do Hard Mewing 🤫 | Day 25 | 30 Day's Look Maxxing Series #attraction #mewing #shorts #mens,looksmaxxing,False,600898.0,-1
Qjfvq8e7AHE,The Last Mewing Was 💀,looksmaxxing,False,691732.0,2
eK1exd3JjO0,How Mewing Works 😯,looksmaxxing,False,2406797.0,2
NiA2eR_GNn8,Thanks but... 🐝💛 #mewing #memes #edit #animation #poppyplaytimechapter3 #fanart #oc #shorts,looksmaxxing,False,4829913.0,2
x1dOSmlrR-w,mewing tutorial🤫looksmaxing Ai app for rating👽#glowup#jawline#mewing#mewingtutorial#looksmax#men#for,looksmaxxing,False,268526.0,-1
UsAeMzBj3BQ,Como Fazer Mewing,looksmaxxing,False,475223.0,-1
3pZR2xRaXj0,Bye bye saggy neck #skin #skincare #exercise #face #mewing,looksmaxxing,False,9545306.0,4
XmN0i_6BwLk,Is MEWING Effective? *REALITY* #Shorts #mewing,looksmaxxing,False,2266977.0,2
bPHPcRtqQgI,Ronaldo Goes First Mewing..😮‍💨,looksmaxxing,False,3459475.0,9
r8l8g8Wt9r0,Mewing with an underbite? 🤫 #Shorts,looksmaxxing,False,19770.0,2
u3cC26ue2No,Mewing Transformation,looksmaxxing,False,10203391.0,2
3Z_Fp9lGrGY,Dr. Mike Mew's Ultimate Mewing Guide | BEGINNER,looksmaxxing,False,10407991.0,2
rTDLInMy5j0,Can mewing change your nose shape?,looksmaxxing,False,154990.0,2
0bfWXbdaMec,Celebrities Mewing,looksmaxxing,False,17725150.0,2
xS2zETFSf-s,Female 1 year face transformation mewing #shorts #mewing,looksmaxxing,False,176489.0,-1
l_PWTcwP1sQ,Mewing Transformation #mewing #meme #memes #funny #fluxxwave,looksmaxxing,False,2106753.0,2
RVxFr8ZEPx0,REAL MEWING TUTORIAL💀🧏🏻‍♂️#real #mewing #tutorial #shelove,looksmaxxing,False,38365872.0,2
2fOdep2vApo,Mewing For Beginners | Get A Sharp Jawline | Mridul Madhok,looksmaxxing,False,6257424.0,2
1gt4E7IVIrk,🤫🧏‍♂️ #duolingo #mewing #funny,looksmaxxing,False,13999441.0,2
sF4RxJHG-CA,How to Mew PROPERLY and EFFORTLESSLY,looksmaxxing,False,5696719.0,10
YtACD4bYTn0,How To Do Mewing Correctly 💯 | Day 09 | 30 Day's Look Maxxing Series | #attraction #mewing #shorts,looksmaxxing,False,428361.0,-1
5szPs6SUU0c,How to mew 😱,looksmaxxing,False,2964354.0,-1
Ii56rDg5LfY,CAT MEWING EDIT,looksmaxxing,False,548850.0,-1
ZHj3Si6kIaU,THE REAL MEWING TUTORIAL💀🧏🏻‍♂️🤫#real #mewing #tutorial #shelove,looksmaxxing,False,917841.0,2
Ide0xE0F8Sc,How Does Mewing Work? 🤔,looksmaxxing,False,103037.0,2
X2vgxGb42yw,How to Do Mewing 2.0 ( Explained in 60s ),looksmaxxing,False,16021.0,-1
HL9XShg2LIs,Top 5 mewing,looksmaxxing,False,5575928.0,2
mKRB9RLDFTg,simple trick to do mewing,looksmaxxing,False,1018674.0,-1
xAlhibhhNfw,MEWING STEP BY STEP IN HINDI Mewing Exercise,looksmaxxing,False,714883.0,2
LzffCyp5IQk,Tongue posture (mewing),looksmaxxing,False,23298.0,2
oNz_G1jowGI,6 month mewing transformation!,looksmaxxing,False,49436.0,-1
JVogbxmNVag,Mewing The End ☠️ (4K remastered) || #shortsfeed #shorts,looksmaxxing,False,720097.0,0
avt3ZwPS-Ls,Does Mewing Work? (1 year transformation),looksmaxxing,False,249605.0,13
C1y0gMnYcQw,You’re Mewing WRONG! (How to Actually Do It),looksmaxxing,False,36303.0,2
pG23jvylb9I,Jawline exercise🧏......#lookmaxing #mewing #jawline #mogger #explore #glowup #glowupchallenge,looksmaxxing,False,149616.0,2
mBx5pQhXrmo,Hard Mewing FULL Tutorial,looksmaxxing,False,216863.0,2
6OjnAkTHfA8,Real Mewing tutorial bro!#real #mewing #tutorial #stepbystep #shelove,looksmaxxing,False,4731731.0,2
-fbl7oq3Ktg,Mewing,looksmaxxing,False,1135053.0,2
gZIqrVrMZvk,A few months mewing progress #mewing,looksmaxxing,False,275611.0,2
yDtXPC2D-F0,Is 20 too late to start mewing?! #Shorts,looksmaxxing,False,36751.0,2
Q7Q4mHxJ2vI,Bye Bye meme #memes #meme #mewing,looksmaxxing,False,579487.0,2
fNWAr8NBy60,4.5 years mewing 18-22 #shorts #mewing,looksmaxxing,False,31184.0,2
uPyXWE4sgYE,Mewing Transformation,looksmaxxing,False,3848674.0,2
zmXd8YBEhzI,He Had Braces for 10 Years! 😱,looksmaxxing,False,38665.0,2
QXjtlZCBzGw,MEWING Exercises Perform Easy Way 😱 #mewing,looksmaxxing,False,2473639.0,2
TnMKFG4sAMU,Ronaldo Mewing Transformation🗿🐐 #mewing #shorts #viral #edit #goat #football,looksmaxxing,False,2292578.0,9
JhpUTYIa2sQ,Does mewing ACTUALLY work?,looksmaxxing,False,353105.0,2
w59jc31ysZ4,REAL MEWING TUTORIAL💀🧏🏻‍♂️🤫#real #mewing #tutorial #jawline #lifehack #stepbystep #shelove,looksmaxxing,False,1144255.0,2
vpZmEGtNrag,30 DAYS OF MEWING: THE RESULTS SHOCKED ME! 😱 (BEFORE/AFTER),looksmaxxing,False,39818.0,2
XxPv74dT1dI,Prime Brazil Mewing 🇧🇷🗿❤️🩹 #shorts #viral #funny #trending,looksmaxxing,False,294927.0,9
PfNfCRMfVAQ,My 1 Year Mewing Transformation,looksmaxxing,False,232312.0,2
S745fd768hI,EVERYONE HAVE SHARP OF JAWLINE💀#sharp #jawline #mewing #posing #tutorial #shorts #shelove,looksmaxxing,False,1652478.0,-1
vAbgHkLVEqk,Mewing Tutorial😲 How to Do Mewing Exercise Daily #facialexercise #jawline #mewing #glowuptips #fyp,looksmaxxing,False,33035.0,2
MvXkqxJKev4,How to Fix Your Terrible Posture to Get Better Mewing Results,looksmaxxing,False,229034.0,2
YlXZqnYqIX0,You're Probably Mewing Wrong ( Here's How to Do It ),looksmaxxing,False,64054.0,-1
6-jTTVYd2Ns,Mewing Easy Way | Mewing Exercise #mewing,looksmaxxing,False,794771.0,2
4MWminYD0Fk,Which Works: Hard Mewing or Thumb Pulling? #Shorts,looksmaxxing,False,59330.0,-1
Nw2BXnUlTMc,Mike Mew Answers Your BIGGEST Mewing Questions NOW,looksmaxxing,False,21710.0,2
-syvWq97HCw,Mewing tutorial 🤫🧏🏻‍♂️😮‍💨#mewing #tutorial #stepbystep #tips #shelove,looksmaxxing,False,117497.0,2
Ri3jYqE2V34,how to mew correctly (full guide),looksmaxxing,False,490645.0,2
9R2tflpi_Ag,Mewing & Maxlooking🤫🧏🏻‍♂️,looksmaxxing,False,3438550.0,2
ew4utAwC4SM,Gen Alpha Slang | What is mewing?,looksmaxxing,False,104235.0,2
DqkBKBK1ITI,mewing changes your bone structure !,looksmaxxing,False,95290.0,2
5G5AOiK6tj0,How Do I Know If My Palate is Narrow?🤔,looksmaxxing,False,402095.0,2
1tOfKYhJ5Ok,How to Lift Your Neck in 2 Seconds #shorts #mewing,looksmaxxing,False,20329389.0,2
scNX6itupTY,Mewing Transformation,looksmaxxing,False,16054765.0,2
ttE9a7DaK6Q,REAL MEWING TUTORIAL💀🧏🏻‍♂️#real #mewing #tutorial #shelove,looksmaxxing,False,5107370.0,2
eILyNVDDqQM,Does mewing work for adults? #mewing,looksmaxxing,False,286038.0,2
hGmkfI000G8,Mewing Final Boss🔥SUB FOR MORE🔥 #viralvideo #memes #mewing,looksmaxxing,False,2622570.0,2
mEj2FLORhhY,"Mewing, Explained Properly: The 4 Pillars Everyone Gets Wrong",looksmaxxing,False,28806.0,2
fzN9sxEp-f0,Chico and Sean O Pry on MEWING and MOGGING #shorts,looksmaxxing,False,256623.0,2
kwhHXVrdqI4,Mewing Mistakes | Mewing Side Effects,looksmaxxing,False,270259.0,2
-L0Wsv8EFRg,How Can Mewing Move Bones?,looksmaxxing,False,1067984.0,2
FTTwztAkH3w,How Mewing Is Ruining Thousands of Faces (Shocking Truth),looksmaxxing,False,4036.0,-1
LJxhaoIveJU,Dr. Mike Mew Reveals What Everyone Gets WRONG About Mewing,looksmaxxing,False,23120.0,2
6i68P52luM4,Real mewing tutorial 🧏🏻☠️#real #mewing #tutorial #shelove,looksmaxxing,False,52099931.0,2
VEdaHR_1fyg,4 years of mewing *CRAZY*,looksmaxxing,False,12319.0,2
vqutv4t93M0,Does mewing push the front teeth forward?,looksmaxxing,False,160478.0,2
9aCFe7-WO3Q,Hard Mewing Step By Step in Hindi #mewing,looksmaxxing,False,3038194.0,2
60HKfqN5BrA,Celebrities Need To Stop Mewing 😳,looksmaxxing,False,9933645.0,2
C-rlzfxtISE,The Most UNDERRATED Benefit of Mewing,looksmaxxing,False,48761.0,2
9OEMm1JBFr0,Speed learns mewing #ishowspeedshorts #ishowspeed #mewing,looksmaxxing,False,59631.0,2
fRFArqED8Ys,Do it these 3️⃣ best mewing exercises for getting a sharp jawline like me 😱👍🏻🥶 #jawline #mewing,looksmaxxing,False,15234303.0,2
z-LMT2MilzE,sigma mewing🧏,looksmaxxing,False,809544.0,2
W1PW_2f4mUU,How Mewing Changes Your Face #shorts,looksmaxxing,False,27371.0,2
3kFyPwCkDks,Spain Mewing #viral #soccerplayer #mewing #spain #euro2024,looksmaxxing,False,441637.0,9
Or0v6LRgdGs,Real mewing tutorial💀🧏🏻‍♂️🤫#real #mewing #tutorial #jawline #shelove,looksmaxxing,False,951211.0,2
OrElyY7MFVs,My Evidence-Based Skincare Routine,autocuidado/estetica,False,8878511.0,0
DUBrDEtmdmM,The Most Science-Backed Skincare Routine | Dr. Danny Guo,autocuidado/estetica,False,634322.0,-1
umUdQv6y2OM,Dermatologist Reacts To Men’s Skincare Routine,autocuidado/estetica,False,46654.0,4
gErB_Sce9ec,Dermatologist Reviews: Men’s Skincare Routine- Is there a difference between Men and Women?,autocuidado/estetica,False,143143.0,0
hevaszImfJk,The ULTIMATE Oily Skin Routine | Doctorly Routines,autocuidado/estetica,False,3129539.0,0
F0RkIvBz5kk,Simple & easy skin care routine for Men,autocuidado/estetica,False,3416084.0,0
ElxGH4MW9Ho,My Evidence-based Skincare Routine,autocuidado/estetica,False,1011055.0,0
07kRGBO9sO0,How to Get Clear Skin For Guys ASAP,autocuidado/estetica,False,1275292.0,-1
4SxAWpr97Yg,The ONLY Skincare Routine Men Actually Need | Dermatologist explains,autocuidado/estetica,False,787.0,0
nY4DIMZOUyI,best KOREAN GLASS SKIN routine you've EVER SEEN in your ENTIRE LIFE ( 5 year tested & sponsor-free ),autocuidado/estetica,False,2298825.0,-1
RbqosVOC2_o,Simplify Your Skincare Routine #Shorts,autocuidado/estetica,False,4211531.0,0
w7Bjef55aoo,How to Have Glass Skin (Science-Based),autocuidado/estetica,False,918443.0,0
rSgyKJ9F6eg,How to Get Clear Skin For Guys ASAP (from a model),autocuidado/estetica,False,375373.0,-1
TcUbb4TVGfE,"The FASTEST, EASIEST Skincare Routine for MEN!",autocuidado/estetica,False,36602.0,-1
6BYu2Bs7I28,"ULTIMATE Skincare Routine for Your 30s and Beyond: Routine, Tips, and Treatments",autocuidado/estetica,False,809926.0,0
pMfhyxaGf9I,how to get clear skin for guys asap,autocuidado/estetica,False,2023314.0,-1
5L02yWEB9oI,EFFECTIVE ACNE ROUTINE | Derm Approved #shorts,autocuidado/estetica,False,11829817.0,-1
KtCEhmJ9wiQ,The Only Skincare Products You Actually Need,autocuidado/estetica,False,1621709.0,0
hQAM5wy3vno,The ULTIMATE Budget Friendly Anti-Aging Skincare Routine,autocuidado/estetica,False,1582537.0,0
YIMKtj0TsuU,Eric Nam’s Nighttime Skincare Routine | 에릭남의 저녁 스킨케어 루틴 | Go To Bed With Me | Harper's BAZAAR,autocuidado/estetica,False,1814212.0,0
IWrz9a5ZZRI,The Only Men’s Skincare Routine You Need (3 Steps For The AM & PM),autocuidado/estetica,False,24611.0,-1
HmBZFWa3bB4,"My skin care routine, no gatekeeping 👍 #Dermatologist #SkinCare",autocuidado/estetica,False,806126.0,4
6RTr1y27vQU,Skincare Routine for Men,autocuidado/estetica,False,3702106.0,4
XedzGGbDes8,Affordable Anti-Aging Skincare Routine for 40+ year olds!,autocuidado/estetica,False,500875.0,0
n7YNzyPbgAE,Skincare routine for men. || Dr. Ankur Sarin ||,autocuidado/estetica,False,65354.0,4
95UetDh8scg,Dermatologist anti aging morning routine,autocuidado/estetica,False,3484201.0,4
pwuFbihJkoI,What is the Perfect Nighttime Skin Care Routine? - Dr. Anthony Youn,autocuidado/estetica,False,1733260.0,0
YXnPiNGzWq0,BEST SKINCARE ROUTINE FOR CLEAR SKIN | KINGHENRY,autocuidado/estetica,False,370887.0,-1
SUmButMJNgc,My model skincare routine,autocuidado/estetica,False,2391050.0,4
tiK4asoh05w,Drake's Skincare Routine: Dermatologist's Review and Tips,autocuidado/estetica,False,93798.0,0
akEQssECYYI,Skincare Routine for Men vs Women! Shoutout to my team at @Remedy Science for making this happen #r,autocuidado/estetica,False,23957.0,-1
6l-4iC18H68,3 Minute Skin Care Routine Every Man Needs,autocuidado/estetica,False,1636654.0,4
K0yCuK-jveE,"Tips for your night time skincare routine, from a dermatologist",autocuidado/estetica,False,202200.0,4
UJANPbD8eQg,Skincare Basics Explained,autocuidado/estetica,False,3499147.0,-1
4ZjG-O0JbRs,A Beginner's Guide To Skin Care For Men,autocuidado/estetica,False,1698451.0,0
P5FxIZeOF-Y,How To Create A Complete Skincare Routine For Guys,autocuidado/estetica,False,580839.0,0
2eqDdLc7HHo,The SIMPLEST Skincare Routine Ever (Only 3 Steps),autocuidado/estetica,False,179295.0,0
eih-LQexCzc,soobin’s skincare routine is the best! #trending #kpop #kpopidol #txt #txtsoobin #soobin #choisoobin,autocuidado/estetica,False,2928145.0,-1
pu9ejnksUkU,Men’s skin care routine under Rs.100 | dermatologist reacts,autocuidado/estetica,False,647378.0,4
X-ARR_1w-rQ,Affordable skin care for men | dermatologist suggests,autocuidado/estetica,False,412855.0,4
45f02LuzKhc,The ONLY Skin Care Routine You Need (Because it's Science Based),autocuidado/estetica,False,363097.0,-1
U-kKKZATK70,The Ultimate Grooming Routine For Every Man,autocuidado/estetica,False,1344522.0,0
IgxCgo6sPig,How To Make Your Skin Glow As A Guy #menskincare,autocuidado/estetica,False,1160989.0,-1
6xXB0tXyBIM,3 Step Skincare Routine #dermreacts #skincare,autocuidado/estetica,False,1994196.0,4
98irfPaRakM,Doctor Reveals Science Based Skincare Routine!,autocuidado/estetica,False,276136.0,4
0wmkDJU2QKI,Skincare that's SO GOOD. Derm Empties: Cleansers,autocuidado/estetica,False,1332347.0,0
ACkxBRTEDlc,Men & skin care 😅 Ft. @Nani,autocuidado/estetica,False,1745067.0,-1
g6Hyydk0rvs,Men's Skincare 101 | Doctorly #shorts,autocuidado/estetica,False,167779.0,0
5zFl89geLJo,Skin in Your 30s 😰 MUST-HAVE Tips! | #Shorts,autocuidado/estetica,False,511123.0,0
H6y3O9jkNRE,DOCTORS CERAVE ROUTINE,autocuidado/estetica,False,91313.0,0
e7Mpm6MqJqk,The most basic skincare routine for beginners! #skincare #skincareroutine #mensskincare #fyp #paichu,autocuidado/estetica,False,2720229.0,4
wG0u75xv8Jw,STRAIGHT MEN SKINCARE ROUTINE!😱 (follow for more!💗) #beauty #skincare #skincareroutine #beautytips,autocuidado/estetica,False,1393921.0,4
pO4ge8AcGYo,Dermatologist builds you a skincare routine - budget edition #skincareroutine #budgetskincare,autocuidado/estetica,False,1313293.0,4
MC-Zg4q4qfY,Morning vs. Night Skincare: What Really Matters,autocuidado/estetica,False,251374.0,0
tuiNf84BLKs,Offset's Simple Nighttime Skincare Routine for Oily Skin | Go To Bed With Me | Harper's BAZAAR,autocuidado/estetica,False,807185.0,0
IQb3Tqe8SAA,Do This Every Morning to Get Clear Skin (Men's Skin Care Routine),autocuidado/estetica,False,136524.0,-1
X8Hp_XCSVw8,Tretinoin Nighttime Skin Care Routine #dermatologist @DrDrayzday,autocuidado/estetica,False,1194819.0,4
UIT04wy02f8,Skin care routine 🧼 beef tallow,autocuidado/estetica,False,836226.0,-1
aZlW3CACVjM,The best men’s skincare routine! #selfcare,autocuidado/estetica,False,726854.0,-1
-CeaBTYxaJE,The BEST Men's Skin Care Routine,autocuidado/estetica,False,2337753.0,0
Kd37BmjoMXA,Skincare Routine,autocuidado/estetica,False,4703978.0,4
_dAeEppT6-U,👉 Men's 3 Step Skincare Routine from Dr. Derek Ho,autocuidado/estetica,False,8011.0,-1
IgIO_cTh7vc,Night Care Routine🌙🧴 #Shorts #Nightcare,autocuidado/estetica,False,4284392.0,4
TrRW4yTbzNQ,Five Simple Tips for Perfect Skin! #shorts,autocuidado/estetica,False,3519652.0,-1
3gJiH9ZQJgM,Simple Morning Skincare routine for All Skin types || Skincare routine Dermatologist #skincare,autocuidado/estetica,False,1042477.0,4
9fekJC9XDhs,The Best Black Mens Skincare Routine! Using The Best Target Skincare Product! #skincareguide 🔥😎,autocuidado/estetica,False,150850.0,0
z7b_NPlAA9w,The BEST Men’s Skincare Routine,autocuidado/estetica,False,40393.0,0
xidXEnuROJY,Easy 3 Step Skin Care Routine For Men,autocuidado/estetica,False,209378.0,4
eIBKqsvzLPA,My Morning Skincare Routine✨️ #shorts #skincare #skincareroutine #mensskincareroutine #glowingskin,autocuidado/estetica,False,743424.0,-1
ffwp4aL2AX4,Oily Skincare Routine,autocuidado/estetica,False,4244137.0,0
nvnMYkRoKp4,morning skincare routine #skincare #koreanskincareforacne #koreanbeauty #acne #mixsoon,autocuidado/estetica,False,85077.0,4
cgP4SQqxW0k,Easiest 3 Step Skincare Routine for Men?✨#dailyshorts #skincare #mensgrooming #skincareroutine #tip,autocuidado/estetica,False,5995991.0,4
fcV7n327o9U,Simple skin care for men !,autocuidado/estetica,False,147473.0,4
JwJ74n2voaI,Is TONER really NECESSARY in your SKINCARE Routine? A Dermatologist Answers this very Question,autocuidado/estetica,False,424869.0,4
hgGv1YgsZPQ,Simple men’s skin care routine,autocuidado/estetica,False,954356.0,-1
CxAU3QOxW08,VITAMIN C LIKE A DERM 🍊🍊 #shorts,autocuidado/estetica,False,4926637.0,-1
fFChgGLFf58,Simple Anti-Aging Skincare Routine!! #shorts,autocuidado/estetica,False,4391549.0,-1
twjK6F_SliM,10-step Korean skincare routine,autocuidado/estetica,False,1933349.0,4
yWxHPzLNsBE,Damaged Skin Barrier?! Here’s what to do #shorts,autocuidado/estetica,False,3253366.0,0
rIXm9XYqzMg,I tried Patrick Bateman’s skin care routine for 1 week!,autocuidado/estetica,False,2231604.0,4
Y1NiUwjZfyg,The best & affordable skincare routine for students! #skincare #skincareroutine #affordableskincare,autocuidado/estetica,False,725288.0,4
3NQoIjpaN-k,Dermatologist Explains: Anti-Aging Skincare Routine By Age,autocuidado/estetica,False,67856.0,0
si9eD84s8_o,Night Skin Care Routine for Men #fashion #style #shorts,autocuidado/estetica,False,1852088.0,4
-1qr6ccoB9U,Easy Skin Care Routine For Every Gentleman,autocuidado/estetica,False,30299.0,4
ruu937u_UBU,Top 3 Skincare Mistakes If You Have Oily Skin (Part 1),autocuidado/estetica,False,858072.0,-1
4EPDdDPJhkE,Men's Skin care| Men's Skin care Routine|Men's #skincare products - Dr. Rasya Dixit,autocuidado/estetica,False,1870.0,-1
HNXoh_8Zbuo,How to Get Clear Skin ASAP for Black Men,autocuidado/estetica,False,222222.0,-1
qmzU6v2_MbM,My Morning Skincare Routine | Men's Skincare,autocuidado/estetica,False,13635.0,0
F8F45XS9kVE,"Men Skincare Routine| Skincare Routine for Men| Best Face Wash, Moisturizer, Sunscreen|",autocuidado/estetica,False,14440.0,0
v92Gxy845yk,Simple skincare routine for guys,autocuidado/estetica,False,54155.0,4
fROfHxy6tj4,How a dermatologist layers serums 👌🏻,autocuidado/estetica,False,3168296.0,4
yQ1PD-dYO0U,Girls VS Guys: Skincare Routine,autocuidado/estetica,False,16406888.0,-1
5Upk9vcf1JY,Niall Horan's 22-Step Skin and Hair Routine | Beauty Secrets | Vogue,autocuidado/estetica,False,1955812.0,-1
tZEyMKN0QCU,Treating Back Acne! 🧴 #shorts,autocuidado/estetica,False,3783384.0,-1
uj_M-qMcYZc,You’re Using Hyaluronic Acid Wrong #shorts,autocuidado/estetica,False,5352140.0,6
R5n3ggDJLBY,Skin Care Step by step for Beginners #skincare,autocuidado/estetica,False,366170.0,4
tjZ1aseUTuQ,Dr. Shah on Exfoliation | Paula's Choice Skincare #skincareroutine #skincaretips #antiaging,autocuidado/estetica,False,237701.0,0
_9cgpF4Qn_o,Simple skincare routine for men. @cerave #cerave #cerawardsuki #menskincareroutine #relatable,autocuidado/estetica,False,23131.0,4
CoND7CeZER4,Doctor V: Men's Skincare For Beards,autocuidado/estetica,False,48909.0,-1
7xyi84vo3Xo,Skincare Routine for Students in just 300 Rs.🤩,autocuidado/estetica,False,1044577.0,4
PtEavhMpxlA,My skin and hair care routine in the city of bangalore! #skincare #haircare #mensgrooming #fyp,autocuidado/estetica,False,251593.0,4
a8gGTSDsOl4,Male Model Skincare Routine #skincare #dermreacts,autocuidado/estetica,False,34455.0,4
kLMdH7e2tOI,Building a Morning Skincare Routine For Every Skin Concern!,autocuidado/estetica,False,243955.0,0
YI4kZ20O9Tw,ULTIMATE Skincare Routine for EVEN SKIN TONE,autocuidado/estetica,False,412018.0,0
A8AlqqnyWV8,Korean Men's Skincare Routine,autocuidado/estetica,False,13054.0,4
jXjeLcpBvUQ,Men’s post workout skincare made simple with La Roche Posay,autocuidado/estetica,False,27647.0,4
7DrdHeeWcbw,skincare routine w/ skin1004 #koreanskincare #skin1004 #tonebrightening #darkspots #spoteraser,autocuidado/estetica,False,1294107.0,4
_LiC__NiuKw,4 simple SKINCARE tips (for men),autocuidado/estetica,False,414860.0,-1
pW4DyH0LSSk,Morning vs night skincare routine,autocuidado/estetica,False,1483275.0,4
LHemPJJ-sYY,MY BOYFRIEND’S $1089 SKINCARE ROUTINE 😦💰,autocuidado/estetica,True,18150899.0,4
Y_QK8WSIXO0,Night Time Skin Care Routine For Men,autocuidado/estetica,False,147612.0,4
qX3C4HMfkNk,ampm skincare routine skincare,autocuidado/estetica,False,714521.0,-1
SP2tILDfXXg,How to Use Salicylic Acid like a Dermatologist | Doctorly #shorts,autocuidado/estetica,False,3390088.0,0
f9S3R54tCao,Morning Skincare Routine ⛅️ #skincare #skincareroutine #paiichuuu,autocuidado/estetica,False,3830158.0,4
s1_D_v8ZYIc,Men’s Night SkinCare Routine,autocuidado/estetica,False,9794.0,4
OByq65vPTnQ,The Ultimate Morning Grooming Routine For Men,autocuidado/estetica,False,439140.0,-1
KaWsqfgvlnQ,"Here’s Sly Huncho’s Skincare routine for men struggling with ingrown’s , large pores and dark spots.",autocuidado/estetica,False,976034.0,4
Ciw9zSlaZ98,What's the BEST Skincare Routine for Your 40s ? #skincare #mensgrooming #varunduggi,autocuidado/estetica,False,130135.0,-1
jNTr4mJ5D9M,Facial at Home under 60 Rs.✅ #skincare #skin #facial #shortvideo #shorts #explore #trending #viral,autocuidado/estetica,False,3051277.0,4
Ce5fudBB8wQ,Affordable skincare routine for oily/combination skin,autocuidado/estetica,False,1955458.0,4
Ubpv_BGd8og,EXTREME “Everything Shower” #dermreacts #skincare,autocuidado/estetica,False,1205004.0,4
fykorWd9S10,"Doctor V - Oily, Acne Skincare Routine For Skin of Colour | Brown Or Black Skin | #shorts",autocuidado/estetica,False,1421800.0,0
ZMVa6IrCVb4,HOW TO GET CLEARER SKIN | Black Men Skincare Routine and Tips,autocuidado/estetica,False,111081.0,4
9pt3JcbqWLo,My Daily Routine SKINCARE #skincare #tamil,autocuidado/estetica,False,159085.0,4
aENCdxHfioU,Real🌱 Skin Care Routine *DESI* #shorts #skincare,autocuidado/estetica,False,5564805.0,4
2i93f8ZiVgg,3 Step Skincare Routine For Men,autocuidado/estetica,False,7938.0,4
uG9flq2poXw,Best of The Ordinary | DOCTORLY Favorites,autocuidado/estetica,False,2325297.0,0
Kn9ZUSt_dPM,mens simple skincare routine: how I cured my cystic acne,autocuidado/estetica,False,30623.0,-1
aImJx8SI2F4,Skin Cycling 101(beginner guide) with affordable drugstore skincare products🇺🇸🇫🇷,autocuidado/estetica,False,1379142.0,4
py4rXIlQChI,The Only Skincare Routine You Actually Need | Dr Karan,autocuidado/estetica,False,471112.0,-1
zbclPptQycE,9 SKINCARE MISTAKES MOST MEN MAKE!,autocuidado/estetica,False,41353620.0,4
u-SPxbffzFs,Morning Skincare Routine ASMR ✨ #shorts,autocuidado/estetica,False,21907296.0,0
8UIHAeJiN7w,Low Budget Skincare Routine For Men |Malayalam|🔱🔥,autocuidado/estetica,False,461573.0,-1
u0oTGOgKEoY,Skincare ₹260 Vs ₹2750 ?🤔,autocuidado/estetica,False,2824615.0,4
XqSVY5bRwAw,Doctor Explains How To Apply Serums Properly!,autocuidado/estetica,False,5238671.0,-1
8Z9Tdrv1PB4,Top Skincare Routine For Men in their 30's 40's & 50's (by Male Model). Defy aging w/ youthful skin,autocuidado/estetica,False,20352.0,-1
81NxlBzx1OY,Face care tips for Men | चेहरा चमकाने के 6 उपाए | Dr. Imran Khan,autocuidado/estetica,False,5157941.0,0
yMIMUKZrSEg,The BEST Men's Skin Care Routine For Clear Skin (Morning & Night Routine) | How To Have GREAT Skin!,autocuidado/estetica,False,2253185.0,0
Try6g4FAvG0,Skincare Hacks Indian Men Were Never Told,autocuidado/estetica,False,546202.0,-1
3vaIOv4FGU4,How to Get Glass Skin for Black Men ( On a Budget ),autocuidado/estetica,False,1042504.0,-1
9LAq_riLLHc,Men’s must-have shower essentials. Fix your hygiene and level up your grooming routine.,autocuidado/estetica,False,968926.0,0
YF3oRJaX5sM,Korean Skincare Routine for Beginners,autocuidado/estetica,False,224037.0,4
eg93nX4wuLk,Duet this with your CeraVe Skincare Routine! #CeraVe #CeraVePartner #SkincareRoutine #DermDoctor #S,autocuidado/estetica,False,576146.0,-1
zdUUuvnYXTc,How to properly layer your night 🌙 skincare routine,autocuidado/estetica,False,202846.0,4
2BKPq_WDS9A,The ULTIMATE Skincare Routine For Men,autocuidado/estetica,False,413665.0,0
XYHB7-ig6s8,Morning Skincare Routine for 60+ year olds,autocuidado/estetica,False,114499.0,0
S8wrXIXWZy0,How To Get Clear Skin & Prevent Acne - Skincare Tips for Men,autocuidado/estetica,False,254331.0,0
UuoYXMMfhRg,My Easy 2-step Skincare Routine by Cerave (Link in Description),autocuidado/estetica,False,5720013.0,-1
mEQ20_c636Y,Acne Skincare Routine for Teenagers from a Dermatologist,autocuidado/estetica,False,1045899.0,0
1NOgLh46HdM,"Ultimate Skincare Routine for 40s, 50s, 60s, and Beyond!",autocuidado/estetica,False,2324715.0,0
gTL2BFK-wRY,Acne Skincare Routines: Shop with a Dermatologist at Target for Acne Products,autocuidado/estetica,False,863322.0,0
_sXaaI3-CJg,This Simple Skincare Routine Saved My Skin,autocuidado/estetica,False,200974.0,-1
jo9nvX8NkK4,Are toners necessary? #skincare #dermatology #toner,autocuidado/estetica,False,459356.0,4
rcIDAuIiSaI,"Cleanse, Treat, Protect - Foundations of Skincare",autocuidado/estetica,False,1179313.0,-1
hzn2L77E3uE,Avoid these night skin care mistakes | dermatologist,autocuidado/estetica,False,6695116.0,0
DBbhzu52M28,DATE NIGHT SKINCARE ROUTINE FOR MEN!,autocuidado/estetica,False,181697.0,4
ihE7QmJP0Lk,3 Step Men’s Skincare Routine #Routine #menskincareroutine #CeraVe #dermatology #skincaretips #spf,autocuidado/estetica,False,91779.0,4
pSAExGmTOS4,A Dermatologist Reviews A Combination Skincare Routine for Men | Dear Derm | Well+Good,autocuidado/estetica,False,9969.0,0
cJVoIB8N2ko,Full Day Skincare Routine ( OILY SKIN ),autocuidado/estetica,False,254090.0,4
rquz2Isi9jI,"Skincare for Pigmentation and Uneven Skintone | Sunscreen for Pigmented skin | Dark Spots, Melasma",autocuidado/estetica,False,7788802.0,0
v7oMyElRZK0,30’s Skin care routine | products to use | dermatologist recommends,autocuidado/estetica,False,1696415.0,-1
z0kwER9Fdgs,Step By Step Skincare Routine For Beginners,autocuidado/estetica,False,423390.0,4
iHLu5S0t1Iw,The CeraVe routine you need 👀🧼 #skincareroutine #cerave #ceraveskincare #menskincareroutine,autocuidado/estetica,False,9922.0,4
E4BPt_-fYxE,Korean morning skincare in order #shorts,autocuidado/estetica,False,1916432.0,4
WzwdCVNCeJw,Easiest Skincare Routine for Beginners for Clear & Glowing Skin,autocuidado/estetica,False,2448067.0,-1
UsLWnQAI4G4,how to get clear skin for guys asap,autocuidado/estetica,True,120716.0,0
MLoLQ5u8D9E,Most requested! Skincare routine for sensitive skin under Rs.1000/-,autocuidado/estetica,False,10288175.0,0
Ro5AcgFBC4Q,Normal Male kpop idols doing skincare vs...? #kpop #kpopedit,autocuidado/estetica,False,353191.0,6
xakSO6U6Ma0,Mens Skincare Routine ✅ || #shorts #viral,autocuidado/estetica,False,4186784.0,-1
PwGiSZADLDo,How to layer skincare product at night,autocuidado/estetica,False,2553850.0,4
_kFISmNeX50,So Versatile 😱 | Doctorly #shorts #skincarehacks #skincare,autocuidado/estetica,False,6158343.0,0
aatk7e7qWjY,Black men with skincare routine are top tier!!! #menskincareroutine #skincareroutine #blackmen,autocuidado/estetica,False,44825.0,4
pd3JyzLJGE8,Affordable skincare routine for oily/ combination skin,autocuidado/estetica,False,1211262.0,4
CYuHsJN1p1g,A Basic Skincare Routine for Sensitive skin people #affordable #best,autocuidado/estetica,False,15820467.0,4
bYyvSHCB4bA,"Effective Skincare for Clear, Minimized Pores",autocuidado/estetica,False,5580663.0,0
IowNUqeStbI,Men’s Daily Skincare Routine,autocuidado/estetica,False,4038.0,-1
F8MrmjAYzEI,GRWN: 3 Simple Skincare Steps Every Guy Needs 🚿✨ #NykaaTV #MensRoutine,autocuidado/estetica,False,220526.0,0
VJ1s72-rAbw,how to get model-tier skin as a man,autocuidado/estetica,False,517690.0,-1
qKmKDrWHKec,Jay Park's 10-Minute Daily Skincare and Hair Routine | Allure,autocuidado/estetica,False,549241.0,-1
eEa4ihjy8fc,How to get glowing skin! #aesthetician #skincare #youtubeshorts,autocuidado/estetica,False,8024563.0,4
-uLvcVf_avk,Skin care for Men in Malayalam,autocuidado/estetica,False,513936.0,4
OdUHCy57o4o,How to use Niacinamide like a Dermatologist? Skincare Routine| Niacinamide Serum| Face Serum|,autocuidado/estetica,False,3642100.0,-1
NNiiVa4MGa0,Night Skincare Routine| Skincare| Dermatologist Recommended| PM Skincare| #skincare #dermatologist,autocuidado/estetica,False,1575186.0,0
UYxW0qU_Pe0,Affordable Anti-Aging Skincare Routine for 50-60s,autocuidado/estetica,False,254455.0,0
Bqbx8Xf3rHQ,Happy skincare routine day #blackheads #skincare #skincareroutine,autocuidado/estetica,False,14784135.0,4
FNf_yu75iuc,Girls VS Guys: Skincare Routine,autocuidado/estetica,False,2451705.0,4
CO0e9qP-lPw,Full Shower and Grooming Routine for Men,autocuidado/estetica,False,471042.0,0
8S_GDqBt8dw,20 Simple Grooming Tips Every Man Should Know!,autocuidado/estetica,False,871214.0,0
vLAj2X-TPjo,Grooming Tools Every Guy Needs,autocuidado/estetica,False,3749762.0,4
hKeqHC_cIU8,Pre Date Grooming Routine,autocuidado/estetica,False,168811.0,4
plRGhDhRqXc,10 Minute Hygiene Routine That'll Make You Glow Up,autocuidado/estetica,False,138220.0,-1
QIbtu3SpPqo,Grooming Starter Pack For Every Man!,autocuidado/estetica,False,909231.0,4
goQ_zVKvtOE,Basic Hygiene For Men to Smell/Look Good,autocuidado/estetica,False,9335443.0,4
VufLcaUj_tU,How to Look 10x More Attractive (My Simple Grooming Routine),autocuidado/estetica,False,144238.0,-1
0vyfCT3P2Ao,Male Model GROOMING ROUTINE || Men's grooming TIPS,autocuidado/estetica,False,100689.0,0
8Yt_R9GnzLU,What Doctors NEVER Do In The Bathroom | Grooming Routine,autocuidado/estetica,True,3489518.0,-1
OawrQmzUUgQ,Handsome Man Grooming Routine,autocuidado/estetica,False,84310.0,4
GWLCL_Drb7I,Smell Good & Stay Fresh 24/7 | Men’s Daily Hygiene & Grooming Essentials,autocuidado/estetica,False,96551.0,0
uxZiiV-DSJ4,7 Grooming Rules All Men Should Know,autocuidado/estetica,False,762838.0,0
t6c4UCAqLSU,The Perfect Grooming Routine (Science Based),autocuidado/estetica,False,412450.0,-1
eocjaw8FaLQ,Mens grooming routine for a businessman 🪒🪥🧴👌 #mensgrooming #hairstyle #mens #skincare #shorts,autocuidado/estetica,False,281596.0,-1
uHANFRlfWZ4,8 GROOMING TIPS that will (actually) make a difference,autocuidado/estetica,False,164312.0,-1
6QC1YtsxHEY,Simple Grooming Tricks To Look Attractive Everyday,autocuidado/estetica,True,160080.0,0
4zHgtPLkDZs,5 Grooming Habits Every Man Should Do Before A Date,autocuidado/estetica,False,71717.0,4
0-VFZLSaEXk,10 Habits Of immaculately Groomed Men | Men's Grooming Tips | Tarun Molri | 2021,autocuidado/estetica,False,259018.0,0
KygP1GT9TEQ,Mens grooming routine #foryou #mens #skincareroutine #hair #skincare #shorts #mensgrooming,autocuidado/estetica,False,509464.0,-1
r6K6f9nDvbI,Summer Grooming Tips I Wish I Knew Before 30,autocuidado/estetica,False,520825.0,4
YryHwj2N8PU,5 Grooming Tips That Will Make You More Attractive THAN OTHER GUYS | Mens Grooming Tips,autocuidado/estetica,False,94368.0,4
OoIcFNqUq6Q,Grooming routine for a hairy man 😲 (🎥: TT/ mrteddybeargrr),autocuidado/estetica,False,21374.0,-1
LKwWn4Fb4WY,Grooming & Hygiene Tips For Men (Women ALWAYS Notice This),autocuidado/estetica,False,152582.0,0
u1HezCJtCfI,36 Glow-Up Tips In 4 minutes | Every Man Should Know,autocuidado/estetica,False,273326.0,0
mpIJsvfkKqU,ELEVATE YOUR BODY GROOMING GAME | MY TIPS AND TRICKS,autocuidado/estetica,False,590391.0,0
uUskOxDXIj0,Beard grooming hack for men! #grooming #beard #style #shorts,autocuidado/estetica,False,3638375.0,4
mqpjie_wwvw,BAHOT HARD 🔥 GROOMING TIPS FOR DARK INDIAN BOYS 🔥 #grooming #skincare,autocuidado/estetica,False,602064.0,4
XjJj2xSr1Rg,Men’s hair care routine! #mensgrooming,autocuidado/estetica,False,1032883.0,4
Z8pg742Kmeg,Early Morning Grooming Tips That Will Fix Your Face!,autocuidado/estetica,False,3569250.0,-1
GWxoGZWrd10,Messy to Model: Men’s Grooming Routine 🔥,autocuidado/estetica,False,7286.0,-1
sdN8CRwaghg,37 Grooming Rules Every Man Should Know,autocuidado/estetica,False,1160126.0,-1
G7pzHkFtUV0,How to do makeup on a guy#male grooming #makeupformen #makeuptutorial #dubaibeauty,autocuidado/estetica,False,3649.0,-1
QNep37o62KU,5 ways for men to improve their hygiene,autocuidado/estetica,False,484799.0,4
Yol3mqmdk-U,100 Years In Men's Grooming Routines | Who Had It Better?,autocuidado/estetica,False,90718.0,0
fTHAalWKwpo,Morning grooming routine 🧼🚿🧴 #fashion #mens #hairstyle #mensgrooming #skincare #grwm,autocuidado/estetica,False,15819842.0,-1
eqRRqgHgVqU,Self Care Products Every Man Should Own,autocuidado/estetica,False,689841.0,5
UVG2BTJkX5g,Men's Hygiene Essentials at Target 2024: Must-Have Grooming Tips,autocuidado/estetica,False,140072.0,0
CWrARP_sxwQ,12 *More* Simple Grooming Tips for Men | Don't Be a Savage!,autocuidado/estetica,False,252241.0,0
Y1DiU4JgaAQ,Did you know these MEN'S GROOMING TIPS ❓,autocuidado/estetica,False,8373.0,0
iql7sA7sYvg,Full Body Grooming Routine For Men,autocuidado/estetica,False,2301803.0,4
oRZwHbKzFFQ,Omari Hardwick's grooming routine with GQ,autocuidado/estetica,False,2341093.0,4
7zszC8w6wic,3 GROOMING TIPS FOR MEN & BARBERS #facial #beard #hair,autocuidado/estetica,False,49604.0,4
KBZh_zYgY6U,MY SHOWER ROUTINE | Men's Shower and Grooming Routine 2018 | ALEX COSTA,autocuidado/estetica,True,2797154.0,-1
h-6OKFyPOj0,Shaving 🪒 Body Hair #shaving,autocuidado/estetica,False,2701997.0,-1
4yq7VaYIweI,Men’s grooming routine #hygiene #men #boys #showerroutine #clean #bareminimum,autocuidado/estetica,False,7955.0,4
kL9tSISVRg0,🪒ഓരോ ആണും ചെയ്യേണ്ട Complete Grooming Guide!! 🔥 ⭐,autocuidado/estetica,False,46824.0,0
VMM1-7sRd80,GROOMING TIPS FOR MEN 👑 #Men #malegrooming #dailyvlog #vlog,autocuidado/estetica,False,6513.0,4
l9PtAXdi8UI,Chest hair‼️ Mens grooming #shorts#mensgrooming,autocuidado/estetica,False,3354158.0,-1
r6CF_TtGY60,"The Ultimate Beard Grooming Routine | Beard Oil, Line-Up, & Styling Tips #beardcare #beard #oil",autocuidado/estetica,False,2558643.0,0
a5PlLyBvIpQ,Men’s Grooming Secrets pt. 5 #mensgrooming #grooming,autocuidado/estetica,False,73231.0,4
QQg8r3K0jYQ,5 Shower Essentials Every Guy Needs. #grooming #showerroutine #hygiene,autocuidado/estetica,False,336187.0,4
YnBRqINMtDA,Men’s Grooming Secrets Pt. 7,autocuidado/estetica,False,513976.0,4
90enQrn5440,5-step men’s self-care day 🛀 #mensgrooming,autocuidado/estetica,False,115456.0,5
irQrk8By6tQ,The GQ guide to creating the perfect hair care routine | Amazon Beauty | British GQ,autocuidado/estetica,False,202984.0,-1
pqTu_0eA5y8,How To Develop A KICK-ASS Nighttime Routine | Men's Bedtime Grooming Regimen,autocuidado/estetica,False,590272.0,-1
V1zy8tn_TwE,Beards only look good when you take care of them #beard #oddlysatisfying #grooming,autocuidado/estetica,False,3734906.0,4
uwOrgy0eQvg,Beard Care for Beginners: Step by Step Guide | Gillette #mensgrooming,autocuidado/estetica,False,473508.0,0
Y4UfVc1Tk-I,Healthy Hair Tips💆‍♂️ #shorts #haircare,autocuidado/estetica,False,3827789.0,0
jnUa7YmP9ek,Beginner Grooming Essentials For Young Men 🪒 #grooming #mensgrooming #target,autocuidado/estetica,False,201458.0,4
_FNR8YsDV5Q,12 Grooming Rules Every Man Should Know,autocuidado/estetica,False,139170.0,0
vxyb_YlFcoY,Everyday men’s makeup! Simple and clean to wear daily! #mensmakeup #beauty,autocuidado/estetica,False,634787.0,4
FuhMJd8pM6o,Everyday Makeup & Grooming for Men | Battlecry Men’s Kit #makeup #groomingformen #mensmakeup,autocuidado/estetica,False,230576.0,0
t6ZeaCSgPwQ,4 Essential Hygiene Tips For Guys,autocuidado/estetica,False,339715.0,4
V6KXRd7id8k,Men's Grooming Tips for Men Over 40 (Stop Making These Mistakes),autocuidado/estetica,False,140.0,0
XlYW1bFP7u8,Grooming Rules Every Guy Should Follow,autocuidado/estetica,False,96771.0,4
olGTAJpZgr0,SHIHTZU BANG GROOMING #doggroomingtips #shihtzu #shihtzupuppies,autocuidado/estetica,False,3367896.0,-1
O0J50XBLPWU,Italian style beard✂️🔥 #hair #beard #groom #style,autocuidado/estetica,False,2487590.0,4
Ur9EvVYguss,The Best Beard Style For Young Guys,autocuidado/estetica,False,971071.0,4
FJg8L_b3BD8,Patchy Beard Guide (How To Shape) #mensgrooming #mensbeard #groomingroutine,autocuidado/estetica,False,407214.0,4
ccwcBG9a4w0,Grooming Essentials Every Guy Needs From Target #target #targetmens #grooming #mens,autocuidado/estetica,False,30729.0,4
3S-a4yrCz0U,Men’s Hygiene Tips Before you go on a date ✨,autocuidado/estetica,False,52501.0,4
HeH9VDd-LqY,Ideal Length To Trim Your Body Hair!,autocuidado/estetica,False,2470622.0,-1
ISZrstRq5mI,10 Daily Essentials Every Man Needs To Look Handsome & Attractive | Grooming & Style Tips,autocuidado/estetica,False,90120.0,0
iXq1XclU67o,Basic Shaadi make-up for Men/Groom🤵🏻#dailyshorts #makeup #makeuptutorial #mens #grooming #styling,autocuidado/estetica,False,3402105.0,4
IM8AMICVf7o,Full routine 👊 #goatee #beardtok #groomingroutine #groomingtips #oneblade,autocuidado/estetica,False,244741.0,4
MSG5noYNs5s,How To PROPERLY Trim Eyebrows To Look Masculine & Sexy! | Men's Eyebrow Trimming Tips,autocuidado/estetica,False,253340.0,-1
NRn7EhAXP34,Why You Suck At Shaving (+ How to fix it),autocuidado/estetica,False,2898926.0,0
zcDdQrkEuig,99% of Men BREAK these 3 Grooming Rules,autocuidado/estetica,False,3860300.0,0
uIFCy9ED5TA,How is style my hair for different jobs,autocuidado/estetica,False,6048968.0,-1
j0zsDCFCJlI,• Flight Attendant Grooming Hacks They Don’t Tell You About!” & Cabin Crew Grooming Secrets ✈️,autocuidado/estetica,False,23506.0,-1
61heYRf73Yo,Essential Hygiene Tips For Men,autocuidado/estetica,False,532114.0,4
AFCROUd5vQY,4 Tools Every Guy Needs In His Shower Ft. @tooletries - Use my code MACKENZIE15 for 15% off #ad,autocuidado/estetica,False,12803460.0,4
9EW_otcSZTo,10 Hygiene Essentials Every Guy Needs To Start Using,autocuidado/estetica,False,180667.0,-1
cGTMCta8d48,Self grooming fresh cut beard line up,autocuidado/estetica,False,2378960.0,-1
5az2AIFh4vg,The ONLY 10 Items Man NEEDS to be Attractive & Handsome! (Grooming Essentials),autocuidado/estetica,True,112209.0,0
oI43ECv_Ggk,Items Every Man Needs To Glow Up For Under $1000,autocuidado/estetica,True,1535207.0,-1
X5azKqK-Lq0,Grooming tips for men 😍 #groomingtips #menscare #haircare,autocuidado/estetica,False,344054.0,4
WA4jufcvv5U,A FULL Guide To Max Out Your Looks (Become More attractive),autocuidado/estetica,False,1329984.0,-1
d5g9d4VtaFU,Men’s Grooming Guide,autocuidado/estetica,False,56959.0,0
pxYS2W6aH8g,Men Grooming Tips - Unibrow || Eyebrow Grooming Hack || #shorts,autocuidado/estetica,False,731801.0,-1
2qfhuFumvxw,"Summer Grooming Essentials: A Fresh, Confident Routine for Men",autocuidado/estetica,False,284.0,0
NpOFYQUkFdE,50 Glow-Up Tips in 8 Minutes (Almost No Money Needed),autocuidado/estetica,False,1004520.0,0
w52BuTV4-tc,3 tips to have healthy beard and hair | Grooming tips for men #shorts #ytshorts #grooming #beard,autocuidado/estetica,False,29568.0,4
njVbgMI4Cbs,BEARD care routine for MEN #shortsvideo #groomingroutine,autocuidado/estetica,False,3982158.0,0
RveFOiVvBJc,Wedding Grooming tips✅ for Men | #shorts #grooming #wedding,autocuidado/estetica,False,107261.0,4
9igBVOwK_Cg,99% of guys make these 3 grooming mistakes 🤦🏻‍♂️,autocuidado/estetica,False,386862.0,0
BKL74OxzzaU,Trimming my arm hair for the FIRST TIME 👀🪒 #shaving #mensgrooming #shavingroutine #shavingtips,autocuidado/estetica,False,392385.0,-1
-AGQgvOJYVg,5 ESSENTIAL Grooming Tools Men Should Own! #mensgrooming #shorts,autocuidado/estetica,False,21869.0,4
eFlvaQevJF8,No BS Men’s Grooming Guide at Ulta (Every Guy Needs This),autocuidado/estetica,False,11991.0,0
LHwHib3VzGA,1 Minute Beard Grooming | Jeff Buoncristiano,autocuidado/estetica,False,1972445.0,0
5VWhEGrDX9s,Men’s Grooming Essentials #advice #selfcare #grooming #hygiene #trendingshorts,autocuidado/estetica,False,17291.0,-1
akcprz1fWPQ,How to Shape up your Beard at Home?🧔🏻#dailyshorts #beard #grooming #beardstyle #mensgrooming #tips,autocuidado/estetica,False,4915263.0,4
FnY60YScXjE,Last Minute Ready *Hacks* #shorts #lookgood,autocuidado/estetica,False,13420742.0,-1
yqDm2utROHI,"Aftershave, Lotion, and Cologne: How to Layer - Men's Fragrance & Grooming Tips",autocuidado/estetica,False,124793.0,0
QKfyvG56Y5Y,Grooming Mistakes Making You Ugly,autocuidado/estetica,False,1768008.0,1
09drXJiDBcE,Kemei 2293 Beard Trim + Nobel Beard Butter | ASMR Grooming,autocuidado/estetica,False,1328780.0,0
U4srnvWh4j4,Tips to look well-groomed,autocuidado/estetica,False,762510.0,-1
eNbek3-QPo4,Kevin Samuels : Grooming Advice For Men | Alpha Male Strategies,autocuidado/estetica,False,12272.0,-1
t0cYteXDZUU,MOST Attractive Beard Style For Men,autocuidado/estetica,False,794768.0,-1
pQFk0HRMKZQ,Late Night Grooming Tips That Will Make You Attractive,autocuidado/estetica,True,241971.0,-1
r7gO3Q4_lP4,4 Grooming Products under ₹99🪒#dailyshorts #mensgrooming #products #budget #grooming #skincare #tip,autocuidado/estetica,False,2003051.0,-1
5-XLC-Jt3N8,"Men’s Grooming & Hygiene Essentials | Stay Fresh, Look Sharp",autocuidado/estetica,False,4085.0,0
l8b85_kAtEE,10 Hacks to LEVEL UP Your LOOKS⬆️ *AFFORDABLE* | Men hacks| How to look good| Look attractive| Men,autocuidado/estetica,False,1945379.0,-1
Q0sSzbhoxq0,15 Men's Grooming Mistakes & To Avoid Them,autocuidado/estetica,True,258777.0,0
4RByceSRc5A,5 Grooming Products under ₹20/-✨#dailyshorts #mensfashion #grooming #products #skincare #styletips,autocuidado/estetica,False,19793793.0,-1
hvy3clQRtl4,Men’s eyebrow tutorial! #mensgrooming,autocuidado/estetica,False,349278.0,-1
9jImYirMR64,To Be MORE ATTRACTIVE-DO THIS(MEN'S EYEBROW grooming 101) #shorts,autocuidado/estetica,False,3270906.0,-1
0cQ7YV0nJRY,How to Look Professional at Work | Essential Grooming Tips for Men | Gillette India,autocuidado/estetica,False,12163.0,-1
Ws7k0votrfs,How To Shape Your Eyebrows Men ?👀 #trending #viralshorts #grooming #threading,autocuidado/estetica,False,4741610.0,-1
lC2quyZg2Lc,A man's self care routine is essential🏆,autocuidado/estetica,False,21874318.0,5
9uUXodjx98c,A Man’s Self Care Routine 🔑,autocuidado/estetica,False,13992978.0,5
kwZMaVmYOpY,"Men Should Have a Self Care Routine, Here’s Why",autocuidado/estetica,False,77200.0,5
2G8WXxxI5tg,10 Minute of Self-Care Routine Every Man Needs,autocuidado/estetica,False,741526.0,-1
L3Zbqa1qVww,7-Step Weekly Self-Care and Clothes Maintenance Routine for Men,autocuidado/estetica,True,20123.0,-1
fqEQknodenY,5 free ways to practice self care,autocuidado/estetica,False,150108.0,5
8ZA7tJIeN20,REAL MEN HAVE SELF CARE ROUTINES,autocuidado/estetica,False,186620.0,5
tf6hGStpK68,Men’s self-care day routine: #menslifestyle,autocuidado/estetica,False,38090.0,5
6xZAuNlC84M,Full date night routine. #routine #grwm #asmr #selfcare #menshealth,autocuidado/estetica,False,88537.0,-1
2X_R3jih8NU,"Black Men: Start a Consistent Self-Care Routine for Better Health, No Drinking or Smoking Needed.",autocuidado/estetica,False,1328.0,0
Cnt2V_ec_So,The 10 Minute Self-Care Routine Every Woman Wants Their Man To Have,autocuidado/estetica,False,51368.0,-1
3Hn5yjlQclQ,Men’s self-care routine 💙 #mensgrooming,autocuidado/estetica,False,31096.0,5
LqlB_UELHfc,Men's Self Care Maintenance Routine,autocuidado/estetica,False,410138.0,-1
JDK1U2arJRo,“Everything” shower for men! #selfcare,autocuidado/estetica,False,1295273.0,4
eJeSBYOLOgs,"the ultimate EVERYTHING shower routine | skincare, haircare, bodycare + shave routine",autocuidado/estetica,False,104389.0,0
Gg6ct9N1vfQ,The Power of Reframing Exercise as Self-Care | Mike Stanlaw | TEDxBayonne,autocuidado/estetica,False,145598.0,0
uLiyskB-QJk,"living alone | practicing self care, home tasks, and preparing for a trip.",autocuidado/estetica,False,169961.0,5
bARpudRvNgA,6 Simple Self Care Tips To Become A Better You,autocuidado/estetica,False,545610.0,0
GpNeWDcus24,Why Men Need a Night Routine. 🌙💯💤,autocuidado/estetica,False,140403.0,0
_l8Gr4SWRx4,"SELF CARE DAY VLOG | Hygiene Shopping, Pamper Routine, Coffee Shop",autocuidado/estetica,False,19417.0,0
VqgrjC9pbm4,Should Men Have a Self-Care Routine?,autocuidado/estetica,False,7632.0,5
dHHrvqD3l-8,"5 Self Care Tips for Men- Developing a self care plan is hard, by licensed therapist in Pittsburgh.",autocuidado/estetica,False,70903.0,0
Em13qN8zpLg,"my ULTIMATE self care night routine as a guy | bath, face mask, everything shower, journal, + movie",autocuidado/estetica,False,17392.0,-1
-amSoY4DgDw,Skin care for groom | men skin care | dermatologist suggests.,autocuidado/estetica,False,210041.0,0
ynBKXqkxk1I,Men’s Target Hygiene Essentials💆🏽‍♂️ #shorts #tiktok #target #hygiene #selfcare,autocuidado/estetica,False,22193.0,4
SwxxhkP7P8M,5 Unique Hygiene Tips That Will Make You More Attractive For Black Men,autocuidado/estetica,False,95736.0,-1
Jaep7tUCJ1Q,8 Tips for Young Men (from a guy who had to figure it out alone),autocuidado/estetica,False,1598807.0,-1
3nyWxIkUFrc,Relaxing Self Care Skincare Routine ASMR,autocuidado/estetica,False,3186138.0,0
22GZpCaCR2s,How to Practice Self-Care | Tips For Men,autocuidado/estetica,False,22643.0,0
BqpxfF8IZnc,The true power of the haircut✂️Selftrim with @selfcutsystem Angle Lights,autocuidado/estetica,False,34010695.0,-1
QXIrZjO9R6w,Minimalist Hair Care Routine,autocuidado/estetica,False,3147028.0,-1
-W9Kk3v0-o0,10 STEP NIGHTTIME HYGIENE ROUTINE FOR YOUNG MEN!,autocuidado/estetica,False,58985.0,4
T0_9l_Qs0SI,self care | what i do/use everyday to get good skin,autocuidado/estetica,False,117756.0,-1
Eupk56SG76M,The Missing Ingredient in Self Care | Portia Jackson-Preston | TEDxCrenshaw,autocuidado/estetica,False,289520.0,0
KXf_ADe1QKA,Shower Routine Tips Every Guy Should Know #showerroutine #hygiene,autocuidado/estetica,False,2406424.0,4
s5d9UXa64mU,HYGIENE ESSENTIALS YOU NEED THIS FALL,autocuidado/estetica,False,62404.0,0
W6Sq7-RJ2oY,5 Hair Care Tips For Men | Hair Care Routine #haircare #hairgrowth -Dr. Rasya Dixit| Doctors' Circle,autocuidado/estetica,False,81767.0,-1
PvFzS90Cc1E,Hygiene Routine To Smell Good All Day Long,autocuidado/estetica,False,498121.0,4
NaJS5pmYqpI,Ugliest steps in my selfcare routine #shorts,autocuidado/estetica,False,2858763.0,5
HLfBMPErl3Q,One Day Personal Body Care Routine to do once a month (Lockdown Special),autocuidado/estetica,False,2246977.0,-1
hor6WWe3-lA,Self Care for Men | Chris Kabeya #shorts,autocuidado/estetica,False,33728.0,-1
380A8AggJU8,Life Changing Self Care Routine! #selfcare #mentalhealth #confidence #mens,autocuidado/estetica,False,1452.0,5
60rAzKPNoYA,Men’s monthly beauty routine! #selfcare,autocuidado/estetica,False,260073.0,5
RdBeYtndS7E,How masculine men prioritize self care!,autocuidado/estetica,False,27401.0,-1
vjuoJobjdI4,Glow Like a King 👑 | Men’s Skincare & Self-Care Hacks 💆‍♂️#mensgrooming #glowupformen #mensskincare,autocuidado/estetica,False,4715.0,-1
yvo8eZhnSNE,Men’s Target Essentials - Self Care Edition #menslifestyle #selfcare #targetessentials,autocuidado/estetica,False,7171.0,5
l7xG6aj-9es,HYGIENE ESSENTIALS YOU NEED TO GLOW UP,autocuidado/estetica,False,455434.0,0
he_h-t-fM2Q,My Korean mom’s 7 step SPF routine #beauty #skincare #spf #koreanskincare #sunscreen,autocuidado/estetica,False,12228880.0,4
7JRYhFb6Mxg,Men Take Care of Yourself FIRST! Kevin Samuels #kevinsamuels,autocuidado/estetica,False,51082.0,-1
4dPPV1p-qzU,12 Habits Making You UGLY (Black Men),autocuidado/estetica,False,338851.0,-1
vkan38u8d-g,my skincare routine to achieve 🫧GLASS SKIN🫧 #skincare #skincareroutine #glassskin #koreanskincare,autocuidado/estetica,False,402482.0,4
UNvcPmBqWHs,The TRUTH about Men's Self-Care 👀,autocuidado/estetica,False,2768.0,5
1cyH6fAp0LY,"Tried EVERY beard routine, but this one worked (STEP BY STEP)",autocuidado/estetica,False,175584.0,0
w0iVTQS8ftg,A Self-Care Action Plan,autocuidado/estetica,False,913425.0,5
cu8257t7QQ4,hair care routine time!! let’s fix this rat’s nest! Breakdown in description 🫶🏻👩🏼‍🦰,autocuidado/estetica,False,25425811.0,0
IUyhjM0pe1I,People love to call Men “feminine” for practicing forms of self-care. Here’s my advice. #menshealth,autocuidado/estetica,False,116360.0,5
Ii93Vb-kae4,Self Care Routine- Men’s Self Care,autocuidado/estetica,False,421.0,0
iEPjoCK4MqQ,"Men's Self Care Routine | Self-Care Ideas for Guys To De-Stress, Unwind, and Relax",autocuidado/estetica,False,27830.0,0
GZvA2b9xKhE,all pink self care routine💞🎀 #selfcareroutine #pink #selfcare #skincare #skincareroutine #thatgirl,autocuidado/estetica,False,2667259.0,4
JjkHd-SLoAg,Men self-care routine is essential. #selfcare #55plus,autocuidado/estetica,False,334.0,5
ecmWwm0iuj0,3 Hacks To Smell Better Than Other Guys,autocuidado/estetica,False,372924.0,4
eNbB-g3Hjjs,Normalize Men's Self Care! *Botox * Hydrafacial * Skincare routine * Men's Health,autocuidado/estetica,False,28932.0,0
kP8I6dSR4iw,Men Self Care is needed too #shorts #selfcare #men #mentalhealth #content,autocuidado/estetica,False,429.0,5
NotKB3B8fE8,The blueprint for every man's hygiene routine 💪🏿🙇🏿‍♂️ #menshealth #hygieneessentials,autocuidado/estetica,False,40995.0,4
kIWXzXLkau4,I Built the Scientifically 'Perfect' Morning Routine,autocuidado/estetica,False,7471723.0,13
t8SEhnYP0R0,Self-care ideas for Men in 2022 | men's selfcare routines,autocuidado/estetica,False,725.0,0
axvx95It4KA,BATHROOM ESSENTIALS FOR MEN | NO MOR WASH CLOTH,autocuidado/estetica,False,179413.0,4
8VGfzGq2pac,EASY MEN’S Skincare Routine #skincare #men #kpop #shorts #selfcare #youtubeshorts,autocuidado/estetica,False,409.0,-1
BBaUHTP730E,20 Things Under $50 That Improve Your Life,autocuidado/estetica,True,583010.0,0
OJHIIpqUekM,I tried Patrick Bateman’s morning routine for 1 week,autocuidado/estetica,False,42969246.0,13
CSfvd6STmPU,self-care night routine😍 diy at home spa day #shorts #nyc,autocuidado/estetica,False,941640.0,-1
q0RKDY1HrE8,GRWM | Men’s Self Care Routine | Dove For Men | Shea Moisture Men’s Products,autocuidado/estetica,False,1513.0,-1
5k78P_YIAAY,My Morning Skin Care Routine 🤍 #shorts #youtubeshorts #skincare,autocuidado/estetica,False,10728561.0,4
CTaTCX5EETc,Patrick Bateman's Morning Routine 4K | American Psycho #shorts,autocuidado/estetica,False,4861448.0,6
qgYF_V56SvU,Perfact Oral Health Care Routine #shivangidesai #oralhealth #dentalcare,autocuidado/estetica,False,1804903.0,0
dJvGqsHrXkA,MALE SELF-CARE: 7 habits every man should have!,autocuidado/estetica,False,4156.0,-1
RJFVandwheU,Simplest skincare routine to start in your 30's ❤️,autocuidado/estetica,False,904789.0,-1
Aom07oPtuuo,Revolutionizing Men's Self-Care: Unlocking Sleep Hygiene,autocuidado/estetica,False,20.0,5
BYBzuvyGVp4,5 Self-Care Ideas for men,autocuidado/estetica,False,591.0,5
NUCIA-YZHIE,mens selfcare routine vlog #shorts #mensskincare #selfcare,autocuidado/estetica,False,506.0,-1
SsKT0s5J8ko,Mac Miller - Self Care,autocuidado/estetica,False,572466599.0,-1
IWxkRVaEuoc,Men’s hygiene shopping #hygiene #hygieneshopping #selfcare #smellgood,autocuidado/estetica,False,1421622.0,4
O2mmMJkxgCA,Whole Body Skincare,autocuidado/estetica,False,175676.0,4
jMEivFK2c3s,Men PERSONAL HYGIENE *Private* | Life saving hacks for men| Yellow Teeth| Tanning| Hair removal|,autocuidado/estetica,False,1192528.0,-1
5J89gCDt_rk,The Perfect Oral Health Care Routine (3 easy steps in order),autocuidado/estetica,False,783671.0,0
I7geaie_Ago,Men’s “everything” shower routine! #selfcare,autocuidado/estetica,False,42636.0,5
Wzf63llCYlc,COME HYGIENE SHOPPING WITH ME! TARGET RUN + MUST HAVE PRODUCTS,autocuidado/estetica,False,53495.0,0
RaH57aY8v4M,The Rise of Men's Grooming with Hammer & Nails | A Self-Care Revolution,autocuidado/estetica,False,1336.0,0
IrWwEr5n4eE,The Perfect Morning Routine Every Man Should Do (Science Based),autocuidado/estetica,False,2036609.0,-1
iyyS-ZTCIjM,One Easy Move for Reducing Heel Pain in the Mornings,autocuidado/estetica,False,1457524.0,0
bafB6OwGYgg,Men's Health and Personal Care: The Power of Routine,autocuidado/estetica,False,29.0,5
zdKrv1ZsXw0,Hair Growth Tips & Hair Care Routine at Home | Dr. Hansaji Yogendra,autocuidado/estetica,False,2835277.0,-1
VUKPrSMmbzc,People Share Their Self-Care Routines,autocuidado/estetica,False,500743.0,0
SG8RiKNJMdw,Haircare Tips For Men,autocuidado/estetica,False,1571639.0,-1
ZpawxABqCd4,SELF CARE for BLACK MEN,autocuidado/estetica,False,617.0,0
MrhGLV52Xdo,Self improvement tips you should do #GlowUp #glowuptipsformen #mewing #selfimprovementmen #menshair,autocuidado/estetica,False,8664077.0,0
EgobhkPTo-k,Men Self-Care Routine for Clear Skin #menshealth #skincare #selfimprovement #selfcare #wellness,autocuidado/estetica,False,80.0,-1
6BRd7JtHlGY,Fast glow up morning routine,autocuidado/estetica,False,4807904.0,1
IeVZnvj8ozo,"Yall asked, here’s my curly hair routine with a full wash day #hair #hairstyle #tutorial #viral",autocuidado/estetica,False,22691781.0,-1
_CI9dYXkiuM,Men self care #reels #vlog #viral #viralvideos #explore #shorts #video #contentcreato #selfcare,autocuidado/estetica,False,2813.0,5
TxiAH1-vUtg,Trying out American Psycho's Daily Routine for a day 🔪🩸,autocuidado/estetica,False,29209915.0,13
HjPriniJhrs,Men's glow up tips ✨#glowup #glowuptips #explore #viral#short#bestmethod,autocuidado/estetica,False,78657.0,1
JBdYIjhNmhM,BEST ASIAN GLOW UP? #glowup,autocuidado/estetica,False,4228363.0,1
CItaKe0LbGY,Man 💔💔💔 #glowup #gym #weightloss #motivation #explore,autocuidado/estetica,False,7154069.0,13
MxGa7wwFh8E,Glow up transformation #glowup #transformation #gymmotivation,autocuidado/estetica,False,1544984.0,0
_Y0gp1xHTJ8,16 Tips To Glow Up TODAY (as a guy),autocuidado/estetica,False,1022473.0,-1
qpN9LPBn5iw,LOOKISM GLOWUP #asian #glowup,autocuidado/estetica,False,5215395.0,1
brBXFAM7YiQ,MY HAIR JOURNEY #glowup,autocuidado/estetica,False,2285738.0,1
qXiLlFFya9k,Next level glow up✨#glow #edit #glowup #jawline #shorts,autocuidado/estetica,False,41646699.0,1
TYGxi1soHss,Glow up 24/100🔱🔥 Malayalam,autocuidado/estetica,False,250085.0,1
wToialYAZ8E,"“𝐅𝐚𝐬𝐭 𝐯𝐬 𝐒𝐥𝐨𝐰 𝐓𝐫𝐚𝐧𝐬𝐟𝐨𝐫𝐦𝐚𝐭𝐢𝐨𝐧 💪 | 𝐇𝐚𝐢𝐫, 𝐆𝐥𝐨𝐰-𝐔𝐩 & 𝐇𝐞𝐢𝐠𝐡𝐭 | 𝐋𝐨𝐨𝐤𝐬𝐦𝐚𝐱 𝐆𝐮𝐢𝐝𝐞 𝐟𝐨𝐫 𝐌𝐞𝐧 #𝐬𝐡𝐨𝐫𝐭𝐬”",autocuidado/estetica,False,295721.0,-1
kFhOg7L5e_s,Men's face glow up tips ✨️#glow #beautytiips #glowuptips #viral #explore#glowup#sukuna#gojo#jawline,autocuidado/estetica,False,43358.0,1
5_oICEfJIR0,✅ Before & After: Fat to Fit Weight Loss Glow Up #shorts,autocuidado/estetica,False,92990.0,-1
SbxLC9GFmb4,16 tips to glow up TODAY (as a black guy) | looksmaxxing black men,autocuidado/estetica,False,85390.0,-1
kXAJltHNSXg,Mens glowup 72/100 🔱🔥 Malayalam,autocuidado/estetica,False,203971.0,1
UBcuyeZbWNM,how to glow up as a guy,autocuidado/estetica,False,2627311.0,-1
9rIvWVnLMv8,Brown guys have the best glow-up #glowup #transformation #skincare,autocuidado/estetica,False,15570.0,-1
XeHzSinDwaM,100 Glow-Up Tips for Men 2025: Transform Your Look Fast,autocuidado/estetica,False,43908.0,0
mqj59-HIopc,“PEAK MALE GLOW UP” ── ☆ you’re literally the HOTTEST man ever! (use at your own risk!!),autocuidado/estetica,False,1048654.0,-1
pgU4ZnljoPk,Glowup exercises for boys #looksmaxxing #glowup #fy #boys #men #edits #tips #trending #shorts #tips,autocuidado/estetica,False,514608.0,1
6NDVqnXfn0o,Best Glow Up Tips For Men,autocuidado/estetica,False,2564228.0,1
xsJtkA571Lk,GLow up tips for boy #shorts #glowup #advice #boy,autocuidado/estetica,False,97807.0,1
V-PuK1SpwLI,"Face Glow-Up for Men | Almond, Foxy Eyes 🗿 #glowup #almond #eyes #viral",autocuidado/estetica,False,114546.0,-1
g5Jt_uotP-Y,getting rejected glow up,autocuidado/estetica,False,2244065.0,1
3CUGzu8-QFk,Asians have the best glow up,autocuidado/estetica,False,20170712.0,-1
EWvRVLV6B2k,Glow up or glow down? #kinghenry #glowup #asian #asianboy,autocuidado/estetica,False,115538.0,1
1lHJf_UJd78,Having a glow up for summer - teeth whitening,autocuidado/estetica,False,4040067.0,1
tWPh8eOnYaw,Instant Glow Up Routine 🤝,autocuidado/estetica,False,4675440.0,1
C8nD1y8XRFw,His GLOW UP is insane,autocuidado/estetica,False,4955594.0,0
cfS5TweyiFM,Old Money Hairstyle Transformation! (2024): Glow-Up Tips For Men,autocuidado/estetica,False,5611.0,-1
bQDsHDGGPl4,BOYS GLOW UP - Change Your Style #glowup #shorts #transformation #glowuptips,autocuidado/estetica,False,123839.0,-1
9nSDbVBX3hg,Glow Up Tips for Boys | How to Glow up as a Men #shorts #glowup,autocuidado/estetica,False,2145242.0,-1
SDExk844uLg,She called me ugly but mom said otherwise #glowup #gym #shorts,autocuidado/estetica,False,1929761.0,1
NAXTO_nPoII,RADICAL GLOW-UP TRANSFORMATION POST-PUBERTY #shorts,autocuidado/estetica,False,291848.0,-1
fPYHYr0W1DY,Fat to fit transformation || glowup,autocuidado/estetica,False,556703.0,13
ZsYL0ja-GXk,Full Glow Up Guide For Black Men / How To Glow Up For Black Men,autocuidado/estetica,False,165176.0,3
m9S0_pRGzvY,Glow up tips for guys 2/100,autocuidado/estetica,False,42672.0,-1
b6Bp1t-vkD8,2 years Glow up challenge 😮Desi To korean😲 #shorts #glowup #transformation,autocuidado/estetica,False,2996223.0,1
qgBb9VTaGWo,Glow up hairstyles- Ralph Lauren model 4/10,autocuidado/estetica,False,5270680.0,-1
MiaFoocqNFs,how to glow up & reset for 2026,autocuidado/estetica,False,437898.0,-1
yVC3rblrVic,"Ghow up tips ⚜️, Wanna be 10/10 !!! #glowup #motivation #mewing #selfcaretips #mindset #looksmaxxing",autocuidado/estetica,False,4878684.0,-1
NIms_5TqjcU,Simple Habits That Instantly Make You Glow Up,autocuidado/estetica,False,158683.0,-1
bHgvO0NyvMk,Haircuts are makeup for men💈🤷🏽‍♂️🔥…#glowup#hairtransformation#menshair#Tr3ydabarber,autocuidado/estetica,False,1597000.0,-1
nkSzJvj-THU,Glow up guide for men ✨ totorial 🗿 #fashionstyle #jawline #glowup #growing,autocuidado/estetica,False,1251720.0,1
gSdlqgTAKNs,How i had a glow up in 10 months #glowup # looksmaxxing #transformation,autocuidado/estetica,False,33046.0,1
pxWj7m-JD9E,when they call you a 3/10 #looksmaxxing #glowup #glowuptransformation,autocuidado/estetica,False,637153.0,1
n8GmuJBL_hg,Glow up Tips For Boys😮For more tips Subscribe my Channel❤#glowup #transformation #shorts #shortfeed,autocuidado/estetica,False,969708.0,0
XgatVW1_ymQ,Little Chinese Boy Glow Up #fitness #gymlife #lifestyle #glowup,autocuidado/estetica,False,142707.0,1
zlZn0quRyic,Glow up tips for men: 50/100 || #shorts #glowup #bodycare #haircut,autocuidado/estetica,False,1125191.0,4
NB1r4dpMlYY,36 Glow-Up Tips In 6 Minutes Man Glow-Up Guide 2026 | 36 Life-Changing Tips In Just 6 Minutes,autocuidado/estetica,False,35571.0,-1
veF6Bl7WvZ4,glow up tips for guys #glowup #glowuptips #boys #fortheboys,autocuidado/estetica,False,244914.0,1
uTCx2uriroI,「experimental」MALE GLOW UP BEYOND HUMAN LIMITS!,autocuidado/estetica,False,60441.0,-1
silTdqNeR2c,12 Tips to Glow Up as a Man in 2026 (Full Guide),autocuidado/estetica,False,5921.0,0
Bm3FBbGja5c,Glow up tips for men before summer : 59/100|| #bodycare #glowup #summer #shorts,autocuidado/estetica,False,22082.0,1
CUib7uob8R4,how to actually glow up,autocuidado/estetica,False,118723.0,0
syAHN5xps2E,1 year hair and jawline transformation💀 #explore #glowup #jawline #lookmaxing #mewing #mogger,autocuidado/estetica,False,97904.0,-1
nmZvx5hHays,How Men Can Glow Up Without Makeup! - Mullet high taper! #menshairstyles #menshaircut #glowup,autocuidado/estetica,False,1138105.0,1
qSOAAqC5NlI,Instant Glow-Up: 3 Easy Ways to Look Better in 30 Seconds,autocuidado/estetica,False,1102447.0,-1
ODXqEQFECQA,Glow up tips for the boys #shorts #glowuptips #mewing #glowup,autocuidado/estetica,False,52048.0,1
_ka-gVo3spY,Who had the biggest glow up? #youtubeshorts,autocuidado/estetica,False,6683077.0,1
4nmMyIyy3CY,Boys with brown skin 🤎 #brownboys #shorts,autocuidado/estetica,False,601770.0,-1
BYQyvUOPaLc,Glow up tips for boys #glowup #atractive #viral #skincare #men,autocuidado/estetica,False,764984.0,4
C9B-q7WJRfU,"Miguel Diaz glow up is 🔥| The Weeknd, Playboi Carti - Timeless| Miguel Diaz Edit|",autocuidado/estetica,False,7042283.0,6
HMkGci-CVyU,MEN STEAL YOUR BEAUTY 😳 #breakup #glowup #divorce #shorts #dating,autocuidado/estetica,False,5374355.0,-1
gwk5SFygGuk,Summer glow up tips for guys! #selfcare,autocuidado/estetica,False,235444.0,1
VDAJP_mkjIw,How to Become Unrecognizable Before Summer (Start ASAP),autocuidado/estetica,False,515609.0,-1
rQzGaie22us,TOO TURNT TONY GLOW UP 🙌,autocuidado/estetica,False,21350739.0,1
T7cKPUnEsrw,How to Glow Up as a guy in 2025 (Full guide),autocuidado/estetica,False,230873.0,-1
riShWQ4uR3I,And it took 14 seconds for this major hair glow up - with world’s most comfortable overnight curler,autocuidado/estetica,False,129287125.0,1
ve247xigJNw,#celebrity #glowup #edit. He had the biggest glowup,autocuidado/estetica,False,2297345.0,-1
bHjgeW6mM3Y,"Glow up tips #33 - ""How to fix your hairline! #hair #glowup #mensfashion #mensstyle",autocuidado/estetica,False,377718.0,-1
ScPFhHXOf1M,Rate my glowup from 1 to 30,autocuidado/estetica,False,21901033.0,0
pLoN_QPeRjU,Ranking the most UNREAL Glowups!,autocuidado/estetica,False,686702.0,1
4HTuIKO7dVA,GLOW UP TIPS #11 - SKINCARE ROUTINE FOR GUYS! #glowuptips #skincaretips,autocuidado/estetica,False,1673500.0,-1
CpK3dDvUi4A,How to glow up as an Indian guy - STEP ONE #glowup,autocuidado/estetica,False,2644285.0,1
bd5BVl_Tc-Y,Speed Running Glow Up Tips That Actually Work,autocuidado/estetica,False,331118.0,-1
NlAUsBNLwAo,Men's Glow-Up Tips: Achieve a Complete Transformation in 30 Days 💪✨,autocuidado/estetica,False,4473.0,0
MH7f6Z-97mY,Can a beard change your life? #glowup #beard #men #malegrooming,autocuidado/estetica,False,28290.0,4
2GFBt-HLBsI,Glow Up Tips for Black Men #shorts #glowuptips,autocuidado/estetica,False,43713.0,1
zJPBJ7iFObI,Tier list of men’s glow up items,autocuidado/estetica,False,1003034.0,1
QQuanyZwCQM,What about Kartik's glow up ? | #fypage #kartik #glowup #transformation #gym #qatal #transition,autocuidado/estetica,False,468961.0,-1
HdlKqfZVqTI,Best Glow up apps For Men #huntereyes #glowuptips #looksmax #mewing #sideprofile # #skincare #gymtok,autocuidado/estetica,False,38362.0,4
du9g9n9YWj8,TOO TURNT TONY GLOW UP…,autocuidado/estetica,False,80288658.0,-1
oDojpLHZ4QU,Gym will transform your face!!! #shorts #transformation,autocuidado/estetica,False,885616.0,-1
6ttdUFJcEds,How to glow up as an Indian Guy - STEP 1.5 (acne fix + long hair) #glowup #indian,autocuidado/estetica,False,1543387.0,-1
NjHZgCvrO5E,Best glow up in manhwa😲😱#windbreaker#manhwa#manhua#shorts,autocuidado/estetica,False,16294851.0,1
OLGe9wNnpCA,Korean Glowup✨Salesman-/Gong Yoo\-4k edit🗿🛐 (squid game season2)#salesman #shorts #squidgame #foryou,autocuidado/estetica,False,9059751.0,0
qR8cc6IEcXI,Do You Think This Guy Had A Glow Up Or Glow Down? #asher #shorts,autocuidado/estetica,False,2381415.0,1
y-0RBG_ZJCc,34 Glow-Up Tips in Just 7 Minutes l Look More Attractive...ll,autocuidado/estetica,False,27463.0,0
xcnzX82IwZU,Men's glow up tips ✨#glow#glowup#glowuptips#explore #viral#jawline #height #slimnose,autocuidado/estetica,False,70.0,1
trvdfMn19g8,Speed Running Your Glow Up in 2026,autocuidado/estetica,False,117955.0,-1
9A31uOuXpbc,Best Male Glow Ups 🔥 | LOUCURA LETAL ( Ultra Slowed ) | #cartoon #cartoongrowups #shorts #glowup,autocuidado/estetica,False,1599034.0,0
oLCcLYcXFuY,Miss ആക്കരുത് ഈ 50 Glow up Tips (മലയാളം ),autocuidado/estetica,False,68925.0,0
kKDQHMLIk74,Men's glow up tips✨️#glow#glowup #glowuptips #viral#explore#trending,autocuidado/estetica,False,76851.0,1
f8wHbELZiYA,Insane glowup 😮‍💨 #marlon #2025 #glowup #shorts #viral #trending,autocuidado/estetica,False,265113.0,1
_7BJbnpznTM,The Greatest Male Glow Ups Ever 🔥 #glowup #cartoongrowups #shorts,autocuidado/estetica,False,246796.0,0
ojYRAVy-Hrg,Ranking the Best King Henry Method Moments #funny #glowup #ranked #shortsviral,autocuidado/estetica,False,452839.0,0
cXbBVOY7O9k,The Quickest Male Glow Up Guide on YouTube.,autocuidado/estetica,False,102112.0,-1
djdK-2glNjI,I'm feeling good#ricky #zb1 #glowup,autocuidado/estetica,False,855504.0,1
t-iFnxE5xDY,Check Out My Channel For Black Men’s Glow Up + Self Improvement Tutorials 👑,autocuidado/estetica,False,9897.0,1
hu32Ao5ldyI,Get Glass Skin at home | glow up tips for men | looksmaxxing for glass like glowing skin for men's|,autocuidado/estetica,False,75202.0,-1
8XyFEQwo1Ww,💡 The Viral Glow Up Secret Models Don’t Want You To Know,autocuidado/estetica,False,5641500.0,1
u1dZ5Qusiwk,Glow up tips for boys that helps( #shorts #glowup #transformation #skincare #bodycare #viral,autocuidado/estetica,False,31761.0,4
FEpb9qXcieQ,Zuniga On 2 Week Glow Up Plan.✨,autocuidado/estetica,False,143837.0,1
hPfyLfw6tVM,ginger 💔#ginger #glowup #explore,autocuidado/estetica,False,21724.0,1
vnB7OmFFdaE,Ranking Gym Glowups 🤯,autocuidado/estetica,False,349726.0,-1
5XJX1e8gKtc,"BEST how to GLOW UP GUIDE you've EVER SEEN in your entire life - no sponsors, 2x tested",autocuidado/estetica,False,891850.0,0
VhgpiJNnLXg,How to Glow Up Before Summer (3 Tips),autocuidado/estetica,False,582051.0,1
aVLEU7VHhX4,Glow up tips for boys😎 #shorts #shortsfeed #glowup #glowuptips #glow #outfit #boys #tips #clothing,autocuidado/estetica,False,28741.0,1
CaQYRfX54rM,Glow Up Or Glow Down?…But With A Plot Twist #asher #shorts,autocuidado/estetica,False,22750815.0,1
kwDptpMUlyc,How to Glow Up as a Guy (The Full System) 2026,autocuidado/estetica,False,22964.0,-1
xUArKslu0WM,tiktok boys have huge glow ups #boys #glowup #tiktokboysattitude #transition,autocuidado/estetica,False,198298.0,1
XOe49-LUz5k,Glow up Tips For Boys😮For more tips Subscribe my Channel❤#glowup #transformation #shorts #shortfeed,autocuidado/estetica,False,14659174.0,0
e5gnHjvUaSw,GLOW UP TIPS FOR BOYS /SUMMER GLOW #boys #men #glowup #glowuptips #skincare,autocuidado/estetica,False,132514.0,1
pEDBAmggyMw,How To Reduce Melanin Production 💯 | Day 11 | 30 Day's Glowup Series | #attractive #glowupchallenge,autocuidado/estetica,False,4305061.0,0
z-PVZXRaOuM,Simple Tips For Facial Aesthetic Day 12 | 30 Day's Glowup Series | #attractive #glowupchallenge,autocuidado/estetica,False,174177.0,0
hUCeSTdF0Gk,Ranking The Best Boyfriend Glow up Trend 🔥#boyfriend #glowup #tiktok #shorts,autocuidado/estetica,False,43696.0,1
oNyAFxwIL_s,From heartbreak to glow-up 💔➡️🔥 Watch how I transformed him from 0 to hero! | Men’s skincare.,autocuidado/estetica,False,48841.0,4
As0M_nZFsdk,The 30-Day Male Glow Up Guide (GUARANTEED Results),autocuidado/estetica,False,53252.0,0
vlsXwetsKUQ,Jose Zuniga on OVERNIGHT Glow Up Hack,autocuidado/estetica,False,4405831.0,1
YOBU2_ldXI0,How to Be Attractive so Fast it Feels UNFAIR,autocuidado/estetica,False,443658.0,-1
YwByIyXlJg8,From Average to Godface – How to Look Like a Model,autocuidado/estetica,False,911078.0,1
b5n49Uj0cb8,Complete Guide to Glow-Up in 30 Days (From a Model),autocuidado/estetica,False,1085629.0,0
Ov_VhI3GeRE,My husband’s GLOW UP 🥰 #married #couplegoals,autocuidado/estetica,False,7767007.0,-1
tG2x4QGMgNg,6 Steps to glowup before school starts (become unrecognisable),autocuidado/estetica,True,1271415.0,-1
gTWI9EDI-qU,Who had the biggest glow up? #shorts #acting #tiktok,autocuidado/estetica,False,17587320.0,1
TedKD4Qnab0,How to Glow Up FAST in 15 Days Specifically for Black Men,autocuidado/estetica,False,103391.0,0
PkNO6oUg7ig,THE WORLD'S BEST GLOW UP.. #Shorts,autocuidado/estetica,False,1471052.0,-1
cOBZ3wQPSPk,how to glow up in 2026 asap (no bs full guide),autocuidado/estetica,False,1460084.0,0
nEe74Nlq5J0,I became ugly to prove that anyone can glowup in just 60 days…,autocuidado/estetica,False,475667.0,1
j6rqDJw3uVk,DEFINED FACE TRICK 🗿 (Glow Up Tip #5),autocuidado/estetica,False,2011550.0,-1
dYSXBOhTEVk,5 Products Every Guy Needs to Glow Up,autocuidado/estetica,False,1536731.0,1
KsELvsA_664,how to glow up for guys asap (no bs full guide),autocuidado/estetica,False,2332877.0,-1
KWJFLTC84NE,"My Full Glow Up Transformation (debloat face, aesthetic physique, ...)",autocuidado/estetica,False,195906.0,-1
kk9Nkt18poo,🔱SSS-5 - ULTIMATE MALE GLOW UP Subliminal {extreme male beauty},autocuidado/estetica,False,2332169.0,-1
rNr5ixXzB7Y,speed running glow up tips that actually work,autocuidado/estetica,False,804047.0,-1
ZuAlJYG4cug,How to Glow Up This Summer as a Guy,autocuidado/estetica,False,463417.0,1
MTny3sWg1cY,5 GLOW UP TIPS FOR YOUNG MEN!,autocuidado/estetica,False,548872.0,1
Iak6uybX16s,Glow up tips that actually work🎀 #shorts #aesthetic #skincare #fyp #glowuptips,autocuidado/estetica,False,3306545.0,-1
2Baqpz4DQAg,Glowup Tips For Boys vasline hacks #haircare #skincare #bodycare #mewing #glowup,autocuidado/estetica,False,22815.0,4
ALOB-NxnU2A,how to get clear skin for guys asap (no bs guide),autocuidado/estetica,False,2103413.0,-1
nLCCP7agK3I,How to ACTUALLY glow up as a guy,autocuidado/estetica,False,71109.0,-1
pVtR3D0w4ac,Get READY for Devil Eyes in 2025 with These Men Glow Up Tips!,autocuidado/estetica,False,39815.0,0
7t1DGJB4UUE,How to GLOW UP Using Science (Explained in 5 Levels),autocuidado/estetica,False,291966.0,-1
geJkGiyHT4I,Speed Running Glow Up Tips,autocuidado/estetica,False,535211.0,-1
WghRU49p9Ds,45 Glow-Up Tips in 7 Minutes (Glow up instantly),autocuidado/estetica,False,253920.0,-1
lsGQTlzIV-A,How to Glow Up Fast (30 Day Transformation Guide for Men),autocuidado/estetica,False,21121.0,0
_SZIsAxUzq0,get a clear skin naturally 🌟 Malayalam #glowup,autocuidado/estetica,False,1466115.0,-1
9iEHFDhGpwY,How To FINALLY Glow Up In 2025 As A Guy (Women Notice This),autocuidado/estetica,False,89146.0,-1
XCpMlurvG0g,glow up tips for boys #glowup #glowuptips #boys #aesthetic #hairstyle #transformation #selfcare,autocuidado/estetica,False,14671.0,-1
BVFR7jfVASo,ASIAN BOYS PERFECT GLOW UP (FULL GUIDE),autocuidado/estetica,False,1659017.0,1
h3eGPQMb6ts,How To Glow Up As A Black Guy | FashooTrends #shorts #glowup,autocuidado/estetica,False,231396.0,1
ndTuTfZWq2I,Get Glass Skin at home | Glow Up Tips For Men | Looksmaxxing For Glass Like Glowing Skin For Men |,autocuidado/estetica,False,63962.0,-1
y9-oWzUFI3w,7 Habits DESTROYING Your Glow Up (Black Men),autocuidado/estetica,False,59180.0,-1
xBHNxkKPFDE,How To Glow Up as A Teen (7 Day Plan),autocuidado/estetica,False,611909.0,-1
ROkElrL9QP8,How to Glow Up as a Guy in Summer 2025,autocuidado/estetica,False,142366.0,0
20wIAXNvU1M,Glow up tips #51 - You need to use vaseline for your glow up! #mensfashion #glowup #mensstyle,autocuidado/estetica,False,16937.0,-1
3tdO8Q9CV6g,Top 5 Glow up looksmaxxing methods for afro latino hispanic / mixed men #afrolatino #looksmax,autocuidado/estetica,False,58985.0,-1
vbBWy6NdKvA,how to glow up & reset your life,autocuidado/estetica,False,548944.0,-1
5853PC-PxSU,How to glow up in a week (7 day plan),autocuidado/estetica,False,1667900.0,0
mUpzRwfRzoU,Blind Dating 6 Glow Up Guys | Versus 1,autocuidado/estetica,False,6117041.0,-1
yWWB5n0VBho,"Speedrunning GLOW UP tips, That Actually Work",autocuidado/estetica,False,169309.0,0
8afzwXoXuUQ,Full Guide to Glow up the RIGHT way pt2,autocuidado/estetica,False,34990.0,-1
OrJ5hdW7CDQ,girlfriend reacts to my EXTREME GLOW UP | Andrea & Lewis #shorts,autocuidado/estetica,False,9492761.0,-1
iZrfmwDt48w,How to Glow Up in 30 Days Before Summer (5 Easy Steps),autocuidado/estetica,False,412098.0,0
5nX8XKtuZ3c,How to Glow Up Before School Starts,autocuidado/estetica,False,861523.0,1
eeahQndJMFM,Korean Glass skin just in 2 weeks😮🙈 #tiktok #glowup #shortvideos #trend #viral #transformation,autocuidado/estetica,False,3957380.0,-1
ePVeL5cbh5s,Will Poulter's Glow-Up Over the Years NEEDS To Be Studied,autocuidado/estetica,False,231974.0,1
kUtrsRbOyPM,How To Build a Lethal Face Card (Looksmaxxing Secrets),looksmaxxing,False,1092545.0,-1
_5rAQCCKNyg,how to build a looksmaxxing routine,looksmaxxing,False,331982.0,-1
h391b42uN0c,The ULTIMATE Guide to Looksmaxxing in 2026 (Full Blueprint),looksmaxxing,False,189534.0,-1
oeC_v3s84jw,How women react to unattractive VS handsome men [Compilation],looksmaxxing,False,2120728.0,-1
WM_X4wZBVd0,The ONLY Video You'll Ever Need To Improve Your Looks | Full 2026 Guide,looksmaxxing,False,357023.0,-1
FyCsSFQNT4M,Looksmaxxing: Inside the online trend pushing young men to change their looks | 7NEWS,looksmaxxing,False,87726.0,0
0B_dk4EQmo0,how to looksmax as a guy in 2026,looksmaxxing,False,98288.0,-1
eUZfRG4Bb5Q,A look into extreme beauty trend 'looksmaxxing' gaining popularity in young men,looksmaxxing,False,140442.0,0
dyF5SplMtOs,The ONLY Looksmaxing Guide Black Men Actually Need,looksmaxxing,False,81444.0,-1
3wQBs_AGCHs,"Looksmaxxing: The trend pushing men to extremes - What in the World podcast, BBC World Service",looksmaxxing,False,49847.0,0
wwsAWpUEgwA,how to looksmax: step-by-step guide,looksmaxxing,False,1973750.0,0
Ld4NXa-jqTM,How To Look Like A Model As An Average Guy (from a model),looksmaxxing,False,681506.0,0
fAwlyZfQL3k,Matt McCusker is Worried About Young Men Looksmaxxing,looksmaxxing,False,308409.0,0
z4raQjuxBnU,I Tried Clavicular's $1000 Looksmaxxing Program,looksmaxxing,True,2338268.0,0
_-l5LAKHKQ4,Change Your Face in 7 Days (5 Looksmaxxing Rules),looksmaxxing,False,142787.0,-1
L4SAvNLbDZk,#looksmax #looksmaxing #zeta #derb #bp #chicolachowski #volufiline,looksmaxxing,False,1243293.0,1
gP31PqXq_z4,Ranking The Best Looksmaxxing Products (TIER LIST),looksmaxxing,False,424358.0,7
MPFTrrEOUV0,Only Men Get Told Not to Looksmax,looksmaxxing,False,30364.0,-1
zjVqAhBg-vk,how to appeal max as a guy,looksmaxxing,False,268389.0,-1
GbAsJbSWuGU,Average To Male Model: The 4 Phases,looksmaxxing,False,147832.0,0
lQbEaIn4e0o,The Official A-Z Looksmaxxing Guide,looksmaxxing,False,489481.0,7
_j6HNw8e4xE,What's your eye type#shorts #looksmaxxing,looksmaxxing,False,1420494.0,-1
YbXoIrZWyyc,High cheekbones😱 #mewing #looksmaxxing #face #selfcare #followme,looksmaxxing,False,2596137.0,1
Ky9nvTugHLE,Looksmaxxing Day 1 🗿 #shorts #skincare #youtubeshorts #looksmaxxing,looksmaxxing,False,558266.0,-1
uEIFOqMx9MY,25 LOOKSMAXXING Secrets: Be More Attractive (Marlon Edition),looksmaxxing,False,92223.0,0
RDuk33agvCI,Human Symmetry. || #looksmaxxing #edit #actor #model #humansymmetry #masculinity,looksmaxxing,False,2918148.0,0
1RjvJr1fOPc,4 Year Looksmaxxing Transformation (Indian),looksmaxxing,False,547111.0,7
KqXHCRfP3Co,Looksmaxxing is Destroying Young Men,looksmaxxing,False,2202.0,-1
Ad54DtMJlNA,Kill The Feelings | Niccolo Govender Edit | Ripped Jeans#shorts#looksmaxxing,looksmaxxing,False,6930.0,1
UJyk-tC4bQY,Why Are So Many Young Men Suddenly Getting Plastic Surgery? The Reason is Disturbing. Ep. 1818,looksmaxxing,True,126163.0,-1
j-e626ulUCc,How To Look Like A Model As An Average Guy (from a model),looksmaxxing,True,1353569.0,0
TqpXC26qZ5I,Do THIS to get Hunter Eyes (Tip 41/100),looksmaxxing,False,4319309.0,-1
rK83f_ogsZk,A good body is so important! ||Marlon edit || #marlon #mar3lg #looksmaxxing #fypnow #shorts,looksmaxxing,False,531894.0,-1
4RALmcF2uaY,How To Get Hollow Cheeks as Teenager,looksmaxxing,False,671778.0,6
NuIRIULHuh0,Looksmaxxing for black men#blackmen #ascend #4chair,looksmaxxing,False,11970.0,3
HMIWK-KCHSM,5 Things Every Man Should Do to Look Better (NOT Looksmaxxing),looksmaxxing,True,41927.0,-1
LIxxapsb51o,1 Year Looks Transformation #looksmaxxing,looksmaxxing,False,548516.0,1
s5LfL7VI2wA,looksmaxxing is making men miserable & gay,looksmaxxing,False,5219.0,-1
y4SpfP3ltD8,what is your canthal tilt? (angle of eye) #looksmax #malemakeup #eyemakeup #makeuptutorial,looksmaxxing,False,509276.0,1
0VyF7zhm--Y,The Terrifying World Of LOOKSMAXXING - Incel Obsession Turned Tiktok Trend,looksmaxxing,False,237665.0,0
xPJiGj9P70I,"If you're 13-18 Years Old, Here is How To Looksmax (step by step guide)",looksmaxxing,False,304747.0,-1
yTr1oumgo6M,best exercise for lookmaxing#hairtutorial#besthairstyle#hairstyle#jawline#jawlineexercises#glow#usa,looksmaxxing,False,10911580.0,0
cUI0we1VxyE,True nose breather 🗿 | chico lachowski | #edit #looksmaxxing #chicolachowski,looksmaxxing,False,15793.0,-1
LAO6gwItG0I,How to lookmaxxing: step-by-step guide (Age 14-25) looks transformation guide in 2026 |,looksmaxxing,False,43649.0,-1
rNVD1Al4TGA,Types Of Male Beauty Archetypes #shorts #menstyle #looksmaxxing,looksmaxxing,False,1898042.0,1
-YZ9qLkdL5M,Looksmaxxing Final Boss💀(@andrewmaxxer),looksmaxxing,False,13822685.0,-1
Ho21dv14_DE,face fat is embarrassing 😈 #looksmaxxing #hairstyle #looksmaxing #hair #mewing,looksmaxxing,False,204846.0,1
yRDrawmdQR8,Vasily stepanov now vs prime - papoutai |#shorts #looksmaxxing #lookmaxing,looksmaxxing,False,98394.0,1
Wc08g7cwlQw,HAIR CARE routine: All hair types (looksmaxxing),looksmaxxing,False,298867.0,0
Dv9ClSqY4qg,Best hairstyle for black men in 2025 #4chair #ascend #hair #glow looksmaxxing for black men,looksmaxxing,False,4223.0,4
9RsuCKeT_L4,Should Guys Looksmax?,looksmaxxing,False,219348.0,1
PDkW2hcQeFc,Are Men Ok? - Looksmaxxing | Brotox | Bone Smashing | Man Haxx,looksmaxxing,False,744091.0,-1
sVckGKrzz8k,The Looksmaxxing Rebellion Has Started... Men Have Had ENOUGH,looksmaxxing,True,26255.0,-1
TumIQOCD3I8,“Is your hair wet right now”??😳 #edit #mog #looksmaxxing #viral #hairstyle,looksmaxxing,False,503041.0,1
t9MIZ53YJ6s,Forward growth=forward growth #looksmaxxing,looksmaxxing,False,912843.0,1
yrkNtt3PIqQ,‼️Products in Bio ‼️ #fyp #men #looksmaxxing #borastore #guasha,looksmaxxing,False,60.0,-1
q9bXFHJsonM,'Looksmaxxing’ is the dark new trend and Australian men are leading it,looksmaxxing,False,3547.0,0
VoA2EScZToE,How to Get Perfect Skin | Looksmaxxing Guide,looksmaxxing,False,72666.0,7
2rb0wO_egqo,Mentoring Young LooksMaxxing Men,looksmaxxing,False,1271.0,5
-OcLoigLI-8,bro showed all his aura on the floor 🗿😮‍💨🔥(edit got too hard). | boys interface (slowed),looksmaxxing,False,853069.0,-1
J2TIKGC3kZk,30 looksmaxxing Tips Change Your Looks (Malayalam),looksmaxxing,False,150884.0,1
Ww2UEDDN4q0,How To Look 10/10 | Looksmaxxing Guide #aesthetic #ascend #looksmaxxing #glowuptips #mensstyle,looksmaxxing,False,52983.0,-1
LKKRwkg36Ik,Looksmaxxing Is Rotting Men,looksmaxxing,False,989.0,-1
ehU9pSyfHrY,looksmaxxing men #looksmaxxing #youtubeshorts,looksmaxxing,False,28744.0,-1
RsmmmQJ1EzY,How to be ATTRACTIVE so Fast it Feels ILLEGAL,looksmaxxing,False,671060.0,1
5aCKR4by8oE,Indian men😭😭😭🤌🏼🤌🏼🤌🏼#india #mogging #looksmaxxing #looks #trending #shorts #love #sayipop,looksmaxxing,False,20642.0,1
D3qth5-hcNM,Easy Skincare Routine for Clear Skin by Jordan Barret #looksmaxxing #jordan #reveal,looksmaxxing,False,49227.0,4
xzl8IYnhxqM,Glow up advice from someone who was actually ugly. (Looksmax Guide),looksmaxxing,False,54846.0,-1
_j1ipTRps90,Looksmaxx black male#hairstyle#black male#viral#shorts follow for looksmaxxing advice for black men,looksmaxxing,False,19539.0,3
ob45O4URZNo,I tried looksmaxxing as an average brown guy (it changed my life),looksmaxxing,False,529493.0,0
cjt3xN4bqEw,Indian Men Looks Scale | 1-10 #looks #shorts #trending #looksmaxxing #looks,looksmaxxing,False,56610.0,1
quIa-nuz4J0,Is this what girls like about men? #shorts #looksmaxxing #bp #edits,looksmaxxing,False,68125.0,1
ikXKxmgpdJw,Are men just more developed facially than women? #shorts #looksmaxxing #bp #edit,looksmaxxing,False,32300.0,1
Ud1aXKLBYTI,Looksmaxing My Subscribers ✨,looksmaxxing,False,641242.0,-1
CygvGHHNBt0,best hairstyles tutorial for man #looksmaxxing #hairstyle #hair #haircut #haircare #hairstyles,looksmaxxing,False,22790.0,-1
8D3NEp_yZLs,Clavicular Ranks the Most Attractive Women & Men Based on Looksmaxxing Standards (Part 10),looksmaxxing,False,38431.0,0
YwPTdm1yHhI,No BS looksmaxxing guide in malayalam for men and women #looksmaxxing,looksmaxxing,False,6408.0,-1
an028Z1Grjs,Men’s looksamxxing tip 8 #looksmaxing #looksmaxxing #looksmax,looksmaxxing,False,620.0,1
EN8bb3ELOIA,Feminine Features That look attractive on Men ⚜️ #looksmaxxing #feminine #pretty #malebeauty,looksmaxxing,False,178737.0,1
YWRpkqJ09lc,FREE 1hr Looksmaxxing Course for Black Men,looksmaxxing,False,33332.0,-1
lC8CGXeuL5o,IMPORTANT Skincare Tip for Men #Looksmaxxing #GlowUp #Skincare,looksmaxxing,False,551.0,-1
y6MgQSxxhbE,Are skinny guys interested in chubby girls? #shorts #looksmaxxing #bp #edit,looksmaxxing,False,1196452.0,1
okFLkoJXXqo,What the Female Gaze Really Sees (vs Male Gaze),looksmaxxing,False,1418892.0,-1
_gNCJRLtRZw,Real growth looks + money #mengrowth #glowup #selfimprovement #men #looksmaxxing,looksmaxxing,False,11307.0,-1
9l4DNfSNicc,Fixing Men's Insecurity Problems #looksmaxxing #men #selfimprovement #selfcare #shorts,looksmaxxing,False,5126.0,5
bf-cH-CwlYI,Glow Up Tip Men 71/100#look#oldmoney #glowingskin#shortvideos#glowup#looksmaxxing #ytshorts,looksmaxxing,False,929.0,-1
QxdGOryYRk8,Vaseline Tips for men Pt 2 | Follow For More | #looksmaxxing #vaseline #men #viralvideo,looksmaxxing,False,2999.0,0
w69ZSuq-zt0,Asking girls the best men’s fashion for Looksmaxxing,looksmaxxing,False,47826.0,1
zFP51VCwbiI,5 VASELINE Secrets: Be More Attractive (Marlon Method),looksmaxxing,False,768323.0,0
qMzUuyPVMOs,"Outfit Ideas For Men 🧥👖, Wear This For W Drip #looksmaxxing #outfit #looks",looksmaxxing,False,24559.0,1
6SjDSZjsgF8,Haircut Transformation🤯#looksmaxxing#shorts,looksmaxxing,False,25599974.0,-1
-9iaWbjkiJc,Looks maxing first step #looksmaxxing #looksmatter #men#mewing,looksmaxxing,False,42.0,-1
RuSx1_OEoec,Men's Looksmaxxing Tips 2/100: Teeth #shorts #glowup #looksmaxxing,looksmaxxing,False,95.0,1
uDJ70omc22Y,No Bs Looksmaxxing guide for black men #looksmaxxing #Black #men #hairstyles,looksmaxxing,False,45544.0,-1
ymULZ7uEiXM,When you ascend with slap surgery #short,looksmaxxing,False,1745.0,-1
UTMD7Ah75Ww,"Looksmaxxing, bone-smashing, peptides: The young men obsessed with their looks | Extra Minutes",looksmaxxing,False,38015.0,0
AkS4LqaCji4,Signs of high testosterone level #shorts #looksmaxxing #men #testosterone #ytviral,looksmaxxing,False,12504.0,1
p-c9e1OjLqU,Simple Skincare Routine for Men (No BS) #mensskincare #looksmaxxing #NoBSRoutine,looksmaxxing,False,1066.0,4
npmc7eFzK6Q,Masculinity is Makin You Miserable: Mad Men and Looksmaxxing,looksmaxxing,False,31325.0,0
jCjx-PV7gyU,Men’s looksmaxxing tip 6 #looksmaxxing,looksmaxxing,False,32.0,-1
zRFOpwxc1iU,Looksmaxxing Is A Waste Of Time For Men,looksmaxxing,False,1011.0,-1
oU5wpdkRWZo,😮 Looksmaxxing Is A Cope For Desperate Men,looksmaxxing,False,5987.0,-1
jakAzaCrw8A,No BS Looksmaxxing Guide For Bald Black Men / How to Looksmax for Bald Black Men,looksmaxxing,False,46568.0,-1
r6hjX5o_xkk,How to softmax in looksmaxxing for beginners (part 1),looksmaxxing,False,30277.0,1
U7ats8pzlyk,softmax VS hardmax #jawline #hair #nose #trending #memes #shorts #shortvideo #glowup #usa #funny,looksmaxxing,False,73828.0,1
F21rxX0O14c,Ranking The BEST Softmaxxes...,looksmaxxing,False,13253.0,0
z3ndiPNEWhY,"Easy, cheap but effective softmaxxes.",looksmaxxing,False,34513.0,-1
Tc1ewq5fQxA,How to Fix Your Facial Harmony in 30 Days (No BS Guide),looksmaxxing,False,867105.0,0
VgLjnI47nxA,Softmaxxing: Fast ways to boost your appearance.,looksmaxxing,False,199.0,1
SvD5FX9Tp8s,Follow to learn #looksmaxxing,looksmaxxing,False,1721692.0,1
95_5_ed8d-A,Softmaxxing: How to Glow Up Without Bone Smashing or Surgery (2026 Guide),looksmaxxing,False,188.0,-1
6e3E8J9MJ5o,The Best Softmaxxes to Instantly Look Better,looksmaxxing,False,13091.0,-1
2fbdJaEhgPs,The most basic looksmaxxing guide #glowup #transformation #looksmaxx #jawline,looksmaxxing,False,49959.0,-1
2pEakYXif60,Derma Stamp #looksmaxxing #softmaxxing #hairline #hairgrowth #dermaroller #hairtransplant,looksmaxxing,False,692495.0,-1
yMnC2xWu-lA,"""SOFTMAXXING FOR ROUND FACES 😍 | Makeup, Hair & Styling Hacks to Slim & Glow"" | Chill Boba",looksmaxxing,False,2439.0,0
wcETX2ntcWs,4 Years Of Looksmaxxing Advice In 18 Minutes (Full Guide),looksmaxxing,False,197794.0,-1
OrIYC77qtSI,This one is for the girls!! #maximizeyourlook #looksmaxxing #looksmaxx #mogger #looksim #mogged,looksmaxxing,False,342987.0,1
sjAuUtl3alw,"Softmaxxing is the best looksmaxxing , health is looks #looksmaxxing #looksmaxx",looksmaxxing,False,2695.0,1
6GdsiPoDVFU,Every SoftMaxxing Method Explained In 7 Minutes,looksmaxxing,False,858.0,0
N7VKXETORDk,The surgery accusations never end. #looksmaxxing,looksmaxxing,False,390042.0,10
nYE9VxmEr88,Complete Softmaxxing Guide For Normies,looksmaxxing,False,176.0,1
emEd8Nvf4vg,face/physique/frame transformation. why settle for mediocrity? #gym #looksmaxxing #transformation,looksmaxxing,False,200017.0,-1
bh9lwNqZK2Y,Looksmaxxing Tier List: 90% of What You Do is USELESS,looksmaxxing,False,5303.0,0
2lJr7VJzzqA,Softmaxxing Tierlist,looksmaxxing,False,5845.0,1
POuTflPB9jo,SOFTMAXXING vs HARDMAXXING,looksmaxxing,False,3434.0,1
IcoDfKq5DYk,Top 5 Softmaxxes To Ascend,looksmaxxing,False,4431.0,10
1cAGk09nQ94,Hardmaxxing vs Softmaxxing: what should you choose?,looksmaxxing,False,366.0,0
j7HbehE66ZM,Top 5 Softmaxxing Tips,looksmaxxing,False,2568.0,1
bT-PZtGJKRo,The softmaxxing transformation I thought I would pull compared to where I am now!,looksmaxxing,False,1729.0,1
ZO5kKhZW9tY,6 Month LooksMaxxing transformation is CRAZY!!! #transformation #looksmaxing,looksmaxxing,False,76850.0,1
ULTz0dlTbjE,[Guide] 12 Simple Steps for a Glow Up,looksmaxxing,False,1948854.0,1
Uc9PdxYfWrU,How To Ascend Your Looks In 60 Seconds,looksmaxxing,False,61392.0,0
t6kQha9CvDE,Why Faces Are Becoming Less Attractive,looksmaxxing,False,4873028.0,1
2_nUj9NEHfo,"I Tried ""Looksmaxxing"" For 30 Days",looksmaxxing,False,1178265.0,0
8HCsJWDkSc8,I Did LOOKSMAXXING Everyday for 30 Days,looksmaxxing,False,1363846.0,0
fRdwcq2zw6E,"What women find attractive, Looksmaxxing Tierlist",looksmaxxing,False,97057.0,-1
AKNWOQq-zsY,CRUCIAL SoftMaxxing Advice Everyone Ignores,looksmaxxing,False,1013.0,-1
wGgm2PgZSPI,Nose guide softmaxxing and hardmaxxing,looksmaxxing,False,26.0,-1
RR5f6uhDZaY,How i plan to ASCEND in one month (softmaxxing),looksmaxxing,False,11.0,1
EvJo5lL0RWw,50 Looksmaxxing Tips in 8 minutes (on a budget),looksmaxxing,False,6600.0,0
dS-o3VijPbI,Clavicular shows N3on a PRO LOOKSMAXXING TRICK 👀,looksmaxxing,False,608811.0,-1
s1sy2HoK80g,Why Your Looks Matter More Than You Think | The Halo Effect & Maxxing Explained,looksmaxxing,False,118.0,-1
nE77eUoWbDc,Softmaxxing ur eyes ✨ Natural lash glow unlocked. #Softmaxxing #LashCore,looksmaxxing,False,1146.0,-1
-rAKKgRlHik,Get a wider jaw (Bigonial Width softmaxxing ),looksmaxxing,False,27254.0,1
ghg2D36jZtI,Softmaxxing and Hardmaxxing...,looksmaxxing,False,2484.0,1
PiPmdhoPb_I,The Ultimate softmaxxing Guid For beginners ( $0),looksmaxxing,True,80.0,-1
7CzpfixklQo,Fat Loss Protocol (NOT Basic Advice),looksmaxxing,False,224196.0,-1
z7YYJZqfjDM,“FACEMAXX” | reach 100% of your potential,looksmaxxing,False,369684.0,-1
iiNk3nFAYsI,How I Fixed My Weak Eye Area (Iceberg Explained),looksmaxxing,False,276086.0,7
Xyle5NDdfRU,Patchy beard!! #lookmaxxing #softmaxxing #beard #beardgrooming,looksmaxxing,False,11653.0,4
5eT7XvUgqBM,Greatest Looksmaxxing Potential? #lookmaxxing #mewing #huntereyes,looksmaxxing,False,241288.0,-1
bmuf0HnyISg,How to Fraud Your Look Within Softmaxxing to Increase Your SMV,looksmaxxing,False,178.0,1
uW7wmZOm3Ts,Crazy Natural & Surgical Looksmaxxing Transformation #huntereyes #jawexercises #mewing #lookmaxxing,looksmaxxing,False,58559.0,10
k0nAE5xhTxk,Softmaxxing vs Looksmaxxing (Kingdom Ambassadors),looksmaxxing,False,51.0,1
j-4HHkouxlM,#viralvideo Softmaxxing guid for beginners ($0),looksmaxxing,True,277.0,-1
F4NdMXsjYc8,Whats my softmaxxing protocol right now?,looksmaxxing,False,162.0,1
VekRQ-vrJoM,How to Improve your looks with Softmaxxing,looksmaxxing,False,383.0,1
a0PiCfJL8gw,Ideal Looksmaxxing Tools To Become Attractive (blackpill),looksmaxxing,False,32579.0,1
rs6KhYbpmOg,3 Softmaxxing Hacks That Change Your Face (7 Days),looksmaxxing,False,1.0,-1
C1eE6biMIj0,"""Softmaxxing 101: Upgrade skin, downgrade pants ✨🩴""",looksmaxxing,False,25.0,-1
PvZXq0AEfn8,An Unfiltered Looksmaxxing Tier List,looksmaxxing,False,16508.0,-1
L8zQe9NVPP8,"My softmaxxing transformation so far, surgerymaxxing this year!",looksmaxxing,False,1203.0,1
RogUitxgyaM,Softmaxxing Explained: The Lower-Risk Side of Looksmaxxing #Shorts,looksmaxxing,False,104.0,-1
wEHoA7syhzI,9 Softmaxxing Hacks You Can Start Today,looksmaxxing,False,94.0,-1
VNWh_H5Pktc,Softmaxxing is underrated #mogger #glowup #looksmaxxing #jawline #transformation #memes #softmaxing,looksmaxxing,False,1988.0,-1
CCf6ufvk9x4,3 softmaxxing hack that can change your face,looksmaxxing,False,8.0,-1
kMpK7q96Fyk,Hair massager #looksmaxxing #softmaxxing #haircare #hairgrowth,looksmaxxing,False,9240.0,-1
XzSK5SE0qdU,Real Looksmaxx Methods For Normies Tier List,looksmaxxing,False,340.0,-1
_EvRELxiKEc,Sub-5 🥹✌🏼 #looksmaxxing #looksmax #glowup #glowuptips #facialaesthetics #mewing #softmaxxing,looksmaxxing,False,196.0,-1
I6ojOQlD6Qk,Skin & Deformities | Softmaxxing Part 5 (Fix What You Can Naturally) #looksmaxxing,looksmaxxing,False,788.0,0
jW4NlGtWkyk,Unlock Your Best Look: Soft vs Hard Maxxing Explained!,looksmaxxing,False,1613.0,1
ecMceAXsuXU,"Looksmaxxing,"" ""hardmaxxing,"" and ""softmaxxing""",looksmaxxing,False,1211.0,1
543VqyWiI-E,How to become like Gojo - softmaxxing tips,looksmaxxing,False,667.0,-1
r1NM4SeK2VY,TOP 2 BEST ASCENSIONS #looksmaxxing#mewing#glowup#jawline#huntereyes#looksmax#softmaxxing#gymtok#ski,looksmaxxing,False,1318.0,-1
gbnnD2Z4WQE,Nietzsche probably would have preferred softmaxxing over hardmaxxing.,looksmaxxing,False,172.0,1
9jSk7UlZynU,Softmaxxing vs Hardmaxxing: Where Should YOU Start? 💰✨ #shorts,looksmaxxing,False,163.0,-1
stgo2soC1v4,Every Known Looksmax Method (Ranked),looksmaxxing,False,1064888.0,-1
kGhOkd8EQu8,Not every man can become a 7 just by softmaxxing #shorts #relatable #looksmaxxing #looksmaxx #gym,looksmaxxing,False,1838.0,-1
VKMVZ0yBVS4,Fix Dark Circles & Fine Lines | Eye Area Softmaxxing (Part 8) #looksmaxxing,looksmaxxing,False,164.0,-1
_eGARHMUeuU,Eye Area & Eyebrow Grooming | Softmaxxing Part 7 (Instant Glow Up) #looksmaxxing,looksmaxxing,False,97.0,0
YOruEO0v9PY,#looksmaxxing #softmaxxing #glowup #lookmaxxing #skincare #mewing #jawline #selfimprovement,looksmaxxing,False,9.0,1
49rAhjuGQyw,Clavicular's morning routine 😂 #bp #glowup #funny #looksmaxxing #clavicular,looksmaxxing,False,189614.0,1
KR_rPo23lZ8,Looksmaxxing Explained: The Truth About Mewing and Hardmaxxing,looksmaxxing,False,1655.0,-1
JrKUaUJGPYQ,90% of Your Glow-Up Comes From This (Not Surgery) #glowup #looksmaxxing #confidence #selfimprovement,looksmaxxing,False,31.0,0
LrDPeCA2yvw,High Facial Contrast Is the Ultimate Glow-Up Secret 👁️✨#FacialContrast #Looksmaxxing #GlowUp #shorts,looksmaxxing,False,967.0,0
fYjDHVZl0MM,#original,looksmaxxing,False,1525.0,0
n4v6qMkRA-E,You always had the potential #looks #looksmaxxing#softmaxxing#mewing#glowup#jawline#looksmax,looksmaxxing,False,545.0,-1
_DEBagFNb8o,Get mogged😂 #looksmaxxing #blackpill #mogged #softmaxxing,looksmaxxing,False,1201.0,0
ulj2svnx8NI,EXTREME GLOW UP: How to drastically change your appearance,looksmaxxing,False,623841.0,-1
SA_SYwuAIIA,softmaxxing 🍦,looksmaxxing,False,1355.0,-1
fYuukdV5DSc,#voiceacting,looksmaxxing,False,4569.0,0
rSVUp2qCWo0,The Looksmaxxing Tier List,looksmaxxing,False,193192.0,7
28EZ2zPicAk,After #biblestudy #vibes #selflove #love #selfcare #loveyourself #glowup #goals #softmaxxing #fyp,looksmaxxing,False,66.0,-1
lDbCLkS_bkA,The Overnight Looksmaxxing Glow-Up Guide,looksmaxxing,False,44329.0,7
E0dNCUw6Zr8,LOOKMAXX: NO EXCUSES 🔥 #hardmaxxing #softmaxxing #looks #max #youtubeshorts #daily #gym #viral #fyp,looksmaxxing,False,221.0,-1
GoPRCqXO5C0,"""Looksmaxxing vs. Reality: The Symmetry Myth""",looksmaxxing,False,549.0,0
C5Rw5PfN2Lg,Softmaxxing with Redken’s new All Soft All-In mask 🤍,looksmaxxing,False,3638322.0,-1
zJ8mW33csVY,SOFTMAXXING Risks That LOOKSMAXXERS Don’t Want You to Know,looksmaxxing,False,211.0,-1
G61RNdh_gl8,Softmaxxing: Before And After,looksmaxxing,False,615.0,-1
kAX767gwuVs,How to Debloat (Every REAL Method),looksmaxxing,False,1211935.0,-1
z4YidE9UGhM,"What One Year Of ""Looksmaxxing"" Actually Did To My Face (FULL GUIDE)",looksmaxxing,False,226333.0,-1
RcmnZq55-i4,They're Selling You a Door That's Already Shut,looksmaxxing,False,263.0,1
9TXDdcK49gY,asmongold says softmaxxing and hardmaxxing isnt real and the reason he has any girl interactions is,looksmaxxing,False,13.0,-1
MIvXT-juSGk,౨ৎ SOFTMAXXING 💗: the most DOLLIEST & PRETTIEST ₊˚ 🦢・₊✧ #babydoll 🩰˚.⋆⋆𐙚,looksmaxxing,False,269.0,0
BjpnUyiRJ7o,Hardmax Tier List (NO FILTER),looksmaxxing,False,351925.0,-1
BcwhlQarpog,4 Proven Ways to Achieve Softmaxxing,looksmaxxing,False,70.0,10
qMI94aFy8Nw,The Mog Chart (F x H = SMV),looksmaxxing,False,519745.0,1
PwawFmGAHzY,Why Soft Maxxing is 70% of Your Glow Up | The Truth About Aesthetics,looksmaxxing,False,714.0,0
1Se15IJSBQw,The Ultimate Softmaxxing Guide,looksmaxxing,False,9.0,-1
KTe1NhKHpoY,SA3’s Looksmaxxing Transformation | SA3 Bone Structure Method + Hardmaxxes + Softmaxxes | ALL-OUT….,looksmaxxing,False,5557.0,1
TThxL2hZLMM,How to Improve your Looks Through Softmaxxes,looksmaxxing,False,201.0,-1
YCQTg7T8noM,#bbms7promo,looksmaxxing,False,1853.0,0
22zeEwoZOek,"Meanwhile… Papaya Was ""Softmaxxing"" To Swedish Death Metal 🦜⚡",looksmaxxing,False,160.0,-1
xPblUsfuyFw,Simple Habits That Instantly Make You More Attractive,looksmaxxing,False,1186858.0,-1
cpb9Upn-Ehs,#bome,looksmaxxing,False,1619.0,0
m5Zg0DwgD0A,POV: You Finally Went For Plastic Surgery... 💀 (Natural Transformation),looksmaxxing,False,2461.0,-1
5VME9LwOqrg,#memeedit,looksmaxxing,False,1871.0,0
4KMWRPb0ykM,The ULTIMATE Hardmaxxing Tier List,looksmaxxing,False,133468.0,7
bcdRuP86QHc,Most overlooked aspects tbh,looksmaxxing,False,867307.0,-1
z04zdYJSo6o,Women beauty can’t be rated with such thing #beauty #luxmax #blackpill #femcel,looksmaxxing,False,1871.0,-1
KpKog-L9veg,Neural Networks Part 5: ArgMax and SoftMax,looksmaxxing,False,244614.0,-1
Tn7wPHDaZGs,#roshninandi,looksmaxxing,False,1139.0,0
2sTvf-KhtXo,🔥 Unlock Your Full Potential During PUBERTY to LOOKSMAX before it's too late | Looksmaxxing Part 11,looksmaxxing,False,5697.0,-1
V91J1t9ptIk,#babifreitas,looksmaxxing,False,1462.0,0
sXTKfmR9AR0,#spongebob,looksmaxxing,False,1325.0,0
RkPMp2hhwG0,#softmaxxing #menshealth2025,looksmaxxing,False,434.0,-1
NPEb0AOUaJQ,Groom Yourself - Appearance Matters - Value Yourself,looksmaxxing,False,1691.0,0
mUzhKlDjp9I,Softmaxxing before and after. Song: Miguel Angeles - FORGOTTEN CHILD (Best part looped & slowed),looksmaxxing,False,679.0,0
Cfg9373RAZo,this y'all's mogger😂,looksmaxxing,False,1421.0,0
Z8Iw6WDuk6M,Brutal Hardmaxxing Fails,looksmaxxing,False,74975.0,-1
DW6UWKPWKOI,#rizkigameon,looksmaxxing,False,1553.0,0
BwTSRdkUN18,Ture Somali 🇸🇴🔥 #looksmaxxing #looksmax #somalia #somali #immigrantstory #usa #racism #antiracism,looksmaxxing,False,193.0,-1
RhxcKPYGb_M,What is Softmax Activation Function?,looksmaxxing,False,124.0,-1
l3mXa4ZqazA,How to Unlock a Lethal Face Card as a Black Man,looksmaxxing,False,78714.0,0
hEtzw2fUY90,Softmaxxing vs Hardmaxxing,looksmaxxing,False,1631.0,1
POxiRz-JH_0,BROOKE SHIELDS CC 🕊️ | CARBON COPY SUBLIMINAL | LOOK LIKE BROOKE SHIELDS,looksmaxxing,False,712.0,-1
85C9wn2XPNI,#gameape,looksmaxxing,False,1381.0,0
V7Zg_HjF5ic,The Best Supplements for Looksmaxxing (TIER LIST),looksmaxxing,False,34069.0,-1
2XnrnhNTb1o,How to Looksmax: Step-by-Step Guide (Age 14-25) | Hindi | 2026 guide,looksmaxxing,False,177356.0,-1
D99mIVeKmC4,Top 7 Easiest Facial Features to Improve. (*SoftMaxxing*),looksmaxxing,False,269.0,0
K15EuCgm50o,PHOTOGENIC ♡ CAMERA LOVES YOU | ALWAYS LOOK GOOD IN PHOTOS,looksmaxxing,False,1185.0,-1
yX3XMlH-7Ik,"I AM A MODEL ★ MODEL IDENTITY SUBLIMINAL | RUNWAY ENERGY, CONFIDENCE & PHOTOGENIC VIBES",looksmaxxing,False,1479.0,-1
BE5ZDehxfnk,Nose Solutions (Every REAL Method),looksmaxxing,False,331163.0,-1
oVAbnGReZ4o,How To Mew in 4 EASY Steps,looksmaxxing,False,904835.0,2
J7jfp2ncDZM,REAL MEWING TUTORIAL🤫🧏🏻‍♂️💀#real #mewing #tutorial #jawline #stepbystep #shelove,looksmaxxing,False,111956.0,2
kXAZRSt3Yc4,How to Do MEWING Tongue Posture (Correctly),looksmaxxing,False,1275420.0,2
gVtIvu6D_rs,2 Easy Beginner Tips to Start Mewing and Improve a Double Chin | All You Can Face #shorts #mewing,looksmaxxing,False,3204957.0,-1
lc0EB7f4SxY,Mewing Core Tips by Dr. Mike Mew | How to Do Mewing Effectively & Consistently,looksmaxxing,False,192312.0,2
Gb7wFq-t3Iw,The PROPER Way To Mew (FOR BEGINNERS),looksmaxxing,False,802811.0,2
v_yS9Uw9Ooc,HOW TO MEW CORRECTLY ✅,looksmaxxing,False,689319.0,2
3ABN-MSE6Ww,Sleep Mewing Guide: 8 Hours a Day for Jawline Transformation,looksmaxxing,False,1402748.0,2
EFicKbbnZMs,TUTORIAL MEWING #tutorial #mewing,looksmaxxing,False,59085.0,2
w3yzJXVg7oI,Mewing tutorial🗿#shorts,looksmaxxing,False,330269.0,2
p6C4c6UndY0,Correct Way Of Mewing | Mewing Exercise,looksmaxxing,False,2332269.0,2
3nOlZ99MK-Q,Real mewing tutorial🤫🧏🏻‍♂️💀👑#real #mewing #tutorial #jawline #stepbystep #shelove,looksmaxxing,False,44172.0,2
z_DFr3DFBpA,How to mew properly,looksmaxxing,False,1003132.0,2
Gc0qZ0ut-jw,Footballers Glow up 💀,autocuidado/estetica,False,8564714.0,9
aYDl8OMD6dc,THESE MIRACLES ARE CRAZY 😱😱[PART 1](Don't check the sound) #shorts #viral #fyp #fy,autocuidado/estetica,False,7567160.0,0
lh3jOVlyzVY,$100 hairline pushback‼️😱#barber #pushback #hairtransformation #glowup#Tr3ydabarber,autocuidado/estetica,True,5394394.0,-1
PP4yJQdbdb0,How to get Fluffy hair | glow up tips for boys #glowuptips #glowup #hairstyle,autocuidado/estetica,False,3842667.0,-1
ewWWxFebVEA,Men's Next level Glow up✨🗿#glow #glowup#glowuptips#explore#viral#lookmaxxing#huntereyes#jawline,autocuidado/estetica,False,8677834.0,1
0YhbQvsTDi0,Blind Dating Guys After Looksmaxxing,autocuidado/estetica,False,2640522.0,-1
7xswUl8XYf0,How to lose face fat #shorts #glowup,autocuidado/estetica,False,2621367.0,-1
i_3kv7W1Vx8,KOREAN PERM GLOW UP,autocuidado/estetica,False,2102217.0,1
G3bmUbkC8fk,Glow up the RIGHT way- The Walid Method,autocuidado/estetica,False,1638046.0,-1
vMmMer8RwRk,Glow up hairstyles you need to try part 5 - Scandinavian side part,autocuidado/estetica,False,1638686.0,1
TRz6mh5Zo3c,Korean Boys Daily Makeup 💜✨ #koreanmakeup #koreanboys #asianmakeup #makeup #glowup,autocuidado/estetica,False,2823893.0,1
RDYrMvNKI2g,Facial Glowup exercise tutorial 🗿#glowup #jawline,autocuidado/estetica,False,3919388.0,-1
WpRLd3DIwAE,Mulher não cuida do homem se ele ficar doente 😱😒,autocuidado/estetica,False,21814.0,5
6m6eJ6H_WQU,Bowgart Mogs #mysingingmonsters #mewing #msm #shorts #looksmaxxing,looksmaxxing,False,11694266.0,2
fcNZLrscEBQ,"I Tried Fixing My Face by ""Looksmaxxing""",looksmaxxing,False,9817339.0,0
uX6hh88nyxI,Cristiano Ronaldo Mewing Edit - BYE BYE [ LOOKSMAXXING ] #ronaldo #cr7,looksmaxxing,False,4797678.0,0
78WfgETTOw8,When Girls Simp for Guys #blackpill #looksmaxxing,looksmaxxing,False,5369471.0,1
_qxtrjxVOZs,Get Glass Skin at home | glow up tips for men | looksmaxxing for glass like glowing skin for men's|,looksmaxxing,False,3492146.0,-1
I_8IaLZswQ0,Looksmaxxing My Dog,looksmaxxing,False,3422388.0,-1
f94SVhzFNPk,Ranking the Best Triple GLOW UPS Trend ✨,looksmaxxing,False,5428297.0,1
R5tFeo7ACto,How attractive is prime Hernan Drago according to science? #looksmaxxing #hernandrago,looksmaxxing,False,3716230.0,1
-6q186hNkc8,investigating looksmaxxing,looksmaxxing,False,3476305.0,1
SlaJ6InudZw,Modern Mullet Transformation🤯#looksmaxxing#shorts,looksmaxxing,False,4448298.0,1
zILvRNReRoc,Are these considered chubby women #shorts #looksmaxxing #bp #edit,looksmaxxing,False,4946556.0,1
noL9UEq7KWw,Playlist to brutally mog everyone (looksmaxxing),looksmaxxing,False,2302770.0,0
veNZCrb2gHI,I Looksmaxxed To Get Revenge,looksmaxxing,True,2272997.0,0
3zQ-17ymziI,Looksmaxxing VS HAALAND,looksmaxxing,False,2942835.0,1
Mf_0jUbi92A,"Pretty for girls, App Name: LooksMax Ai #shorts #angelinajolie #sophierain #90s #beauty",looksmaxxing,False,2206218.0,1
7tev9c_XazU,Chico Lachowski and jordan barret ⚡- I'll do it |#shorts #looksmaxxing,looksmaxxing,False,3293364.0,1
O39nr2KvYsI,Looksmaxxing Playlist,looksmaxxing,False,1839330.0,0
6py8hxA07Yc,Looksmaxxing owner exposed 😭,looksmaxxing,False,3359392.0,1
anH_BSLjpXc,Chico Lachowski edit | Suicidal-Idol - Ecstacy #chico #mog #edit #ecstacy #looksmaxxing #shorts,looksmaxxing,False,2134953.0,0
Wi4tOg57U5E,Bro she can't resist him🔥 #shorts #looksmaxxing #superman #henrycavill #edit #phonk,looksmaxxing,False,3132783.0,0
CviG9CcN8jM,Complete Grooming & Self-Care Matrix: 11 natural solutions for men #mencare #groomingtips #quotes,autocuidado/estetica,False,77.0,-1
Dc_6_UzGtXA,Isso muda tudo para homens negros (autocuidado) #transformation #lifechanging #trust,autocuidado/estetica,False,39.0,3
EbyqerJYA9s,POV:Top 10 handsome men.#Shorts #Trending #ViralShorts #Top10 #HandsomeMen #GlowUp #Fyp #Marvel#pov,autocuidado/estetica,False,185.0,-1
WbEqJExWuSI,The average man consumes. The ascended man builds. #clavicularclips #shorts,autocuidado/estetica,True,806.0,-1
fPehrjQ4seo,Lacy's insane glowup😱,autocuidado/estetica,False,1042.0,-1
2hEj5YpdA4c,Most men will never experience what it feels like to truly ascend. #shorts #clavicular,autocuidado/estetica,False,936.0,-1
Fx_YMVDDWJY,Jawline & glow up tips for men,autocuidado/estetica,False,778.0,1
m-UwqNl9Pm0,Insane Haircut Glow Up! 💈🔥 | #haircut #glowup #hairtransformation,autocuidado/estetica,False,1819.0,1
zA3YEAOJpdY,How to glow up as a guy,autocuidado/estetica,False,795.0,1
v_gFjJaGvvo,Exactly. #glowup #men #psyschology,autocuidado/estetica,False,2.0,1
DsvPkOlu51s,Official Scores with @PSLMAXAPP #glowup #aestheticmaxxing #facialrating,autocuidado/estetica,False,996.0,1
TS70SQSjbPs,Official Scores with @PSLMAXAPP #mog #glowup #facecard #aestheticmaxxing,autocuidado/estetica,False,69.0,1
DDmnNebemSc,POV: HAIR IS A MANS MAKEUP #barber #makeover #glowup #transformation,autocuidado/estetica,False,1238.0,-1
t-kLRx6iy5M,Facial rating @PSLMAXAPP #glowup #aesthetic #mogger #facecard,autocuidado/estetica,False,1071.0,1
IVr5YTUzm2s,Facial rating @PSLMAXAPP #looksmax #aesthetic #glowup #facecard,autocuidado/estetica,False,902.0,1
lnF2WW2Mq3E,✌︎㋡ #motivation #lifeisbutadream #glowup,autocuidado/estetica,False,250.0,-1
VpITwyYCcRM,Facial rating @PSLMAXAPP #ascend #facecard #glowup #mogger,autocuidado/estetica,False,1154.0,1
SU2Rp4Nwpo4,3 tips for men to glow up #youtubeshorts #mensfashion #men #menlifestyle #mensproducts #mensdaily,autocuidado/estetica,False,940.0,-1
wIWOGgBlElM,spider man glow up #marvel #spiderman,autocuidado/estetica,False,2353.0,0
N65wX3wltYc,Get your ratings @PSLMAXAPP #ascend #glowup #facialrating,autocuidado/estetica,False,1197.0,1
RwT0D-BzRzY,he had a crazy jaw dropping glow up man🌹 #scnluv,autocuidado/estetica,False,13.0,1
p7yT71JPvW8,MEN'S GLOW UP ROUTINE 🔥| Get Glass Skin At Home In 7 Steps | Looksmaxxing,autocuidado/estetica,False,125.0,0
TaYxx1Jw1tA,Official Scores with @PSLMAXAPP #facecard #aesthetic #glowup,autocuidado/estetica,False,226.0,1
zn1XbJXnEAk,MrBeast Glow Up Was Personal... 😳 #shorts #viral #mrbeast,autocuidado/estetica,False,2401.0,1
Hqlqd4e8aX8,How To Go From AVERAGE to ATTRACTIVE in 2026 (Complete Male Glow Up),autocuidado/estetica,True,170.0,0
Dnjejk_oQFk,Men’s Glow-Up Survival Guide,autocuidado/estetica,False,1067.0,-1
mghRcrr65Ko,Facial rating @PSLMAXAPP #looksmaxing #aesthetic #glowup,autocuidado/estetica,False,2.0,1
2PNWCqgLGVg,Two years transformation 🧐 #gym #glowup #gym,autocuidado/estetica,False,656.0,13
u8GyItFr9RA,Best Glow Up in 2026? #edit #glowup #aura #tanner #phonk #auraglow #softglow,autocuidado/estetica,False,1713.0,1
uhsF7QNbMSk,Get your ratings ⁨@PSLMAXAPP⁩ #facialrating #ascend #facecard #glowup,autocuidado/estetica,False,638.0,1
v7qxX0GA_l0,Get your ratings ⁨@PSLMAXAPP⁩ #mogger #facialrating #glowup #ascend,autocuidado/estetica,False,1146.0,1
1yxfivNNpDQ,3 Signs Your Glow Up Is Working👀,autocuidado/estetica,False,1449.0,1
K8fdr4MLX8w,4 Products Every Guy Needs for a Clean Glow-Up #shorts #mensgrooming,autocuidado/estetica,False,4066.0,0
TKTQqnBEHQQ,The 4 Products Every Guy Needs for a Clean Glow-Up #shorts #mensgrooming,autocuidado/estetica,False,1607.0,0
hMMW_EvwNcU,Get your ratings ⁨@PSLMAXAPP⁩ #glowup #facecard #ascend,autocuidado/estetica,False,2061.0,1
vXHKdOAt6TM,POV: you spent months searching “how to glow up” and then find out #shorts,autocuidado/estetica,True,1501.0,0
ds55ejDNZxw,The glow up most guys miss,autocuidado/estetica,False,1436.0,1
X5eNJWKiTXM,Jawline & glow up tips for men,autocuidado/estetica,False,1209.0,-1
eeatdOIqLDE,Curly Hair Glow Up Transformation! 💈🔥 | #barber #fade #curlyhair #glowup,autocuidado/estetica,False,68694.0,1
A1n-2Kx24Lo,Did I age well…? #glowup #glowupforreal #glowupchallenge #fyp #irishman #irish #puberty #transition,autocuidado/estetica,False,54.0,-1
02JCDTb2FSE,From ramen to man how soup #mbbs #mbbsstudent #transformation #glowup #fyp,autocuidado/estetica,False,1383.0,-1
EzJWyH9ECeg,Ranking The Best Boyfriend Glow Up Trend (new) #shortsviral,autocuidado/estetica,False,48999.0,1
wRW5GAdVQRo,4 tiny changes that completely change how men treats me 👀✨,autocuidado/estetica,False,1164.0,0
q7xIjMa1kHo,Ballers Glow Up.💀,autocuidado/estetica,False,13609.0,1
IWfd9mDDoTo,Official Scores with ⁨@PSLMAXAPP⁩ #glowup #looksmax #facialrating #facecard,autocuidado/estetica,False,1095.0,1
VsoNjIrkFl8,Ranking The BestYou're Not My Type #glowup #shorts #usa,autocuidado/estetica,False,1552.0,1
jD1D9Jo_ODY,Same actor btw.#IanSomerhalder #DamonSalvatore #TheVampireDiaries #GlowUp #POV #Trending#ViralShorts,autocuidado/estetica,False,23740.0,-1
ZAtEQmELTlw,7 Things Every Guy Should Do to Glow Up FAST,autocuidado/estetica,False,13.0,0
YIZOwC3Ug20,арт на вб: #225138010 #укладка #уход #стрижка #pov #nishman #reels #glowup,autocuidado/estetica,False,1156.0,1
u67leWMLM1A,This man is straight up nuts #crazymen #narcissist #exlover #glowup,autocuidado/estetica,False,2410.0,1
8Dv_2i29YNw,Tom Holland’s Glow-Up Is Actually Insane 😂🔥 | Marvel Memes #shorts,autocuidado/estetica,False,67589.0,0
MlnRJngkJdQ,Facial rating ⁨@PSLMAXAPP⁩ #facemax #glowup #looksmaxing #aesthetic,autocuidado/estetica,False,1164.0,1
lzmBc1KHP_w,The glow up most guys miss,autocuidado/estetica,False,1546.0,1
h_pW633rBDg,When the Beard Transformation Goes Wrong 😂 #BeardFail #glowup #Funny #tattoo #tattooartist,autocuidado/estetica,False,3214.0,4
74UrH0lgZUg,Ranking the best glowups #usa #motivation #glowup #aesthetic,autocuidado/estetica,False,10883.0,1
27GXeyyQFOE,Glow Up 🥰 #glowup#viral #trending#youtube#short#viralshort#fyp#gym,autocuidado/estetica,False,262.0,1
U1jvSm1hiWs,Get your ratings @PSLMAXAPP #glowup #facemax #mogger,autocuidado/estetica,False,1326.0,1
lIOJf-h2sXI,Glow up ? #fyp #smallyoutuber #glowup #smallstreamer #funny #blowup #mexican #contentcreator #viral,autocuidado/estetica,False,1578.0,1
BZ-6IBP7OIY,Glow up totorial for men ✨🗿 #fashionstyle #glowuptips #guid #glowup #totorial,autocuidado/estetica,False,12002.0,1
0EDK-7LMLCg,glow up tips for men #glowup #model #youtubeshorts #sharpjawline #viral #fyp #shorts,autocuidado/estetica,False,2967.0,1
XoVOBPbHShg,That one bro after making the glow-up look effortless (Marlon Edit),autocuidado/estetica,False,1931.0,0
K_W25Hl4kXc,glow up #shorts #trending #lifestyle #tiktok #viral #explore #foryou #fun #story #highlights,autocuidado/estetica,False,4624.0,0
GdWyKhV7Z1g,"Okayyy, we see the glow-up! 😎✨Ebook linked in bio to run your cycle safely.",autocuidado/estetica,False,1931.0,-1
0tp7sLy-dkU,#muffintop #dadbod #glowup #wl #fitness,autocuidado/estetica,False,1372.0,1
Geha-REM5NI,Goa shaTips #guashamassage #skincare #glowup #glowingskin #shorts #shortsfeed #fyp #glowupchallenge,autocuidado/estetica,False,1252.0,1
3boQTCSwz_c,the police man got angry 😡# trending #transformation #viral shorts,autocuidado/estetica,False,31684.0,0
1LqClqyBIZ4,Facial rating @PSLMAXAPP #glowup #facecard #facemax,autocuidado/estetica,False,1427.0,1
lO_4q80ImaA,Evolution of Spider-Man: From 1977 to Tom Holland#SpiderMan#TomHolland#TobeyMaguire#yt #Marvel#MCU,autocuidado/estetica,False,16383.0,-1
CR4VBYMFj-Y,Major Hair Cut & Glow Up! 💈✨ | #haircut #beardtrim #hairtransformation,autocuidado/estetica,False,88763.0,1
5yP166B5CL8,Curly Hair Glow Up! 💈✨ | #curlyhair #barber #hairtransformation,autocuidado/estetica,False,13428.0,-1
IIuhj-iXOHs,Glowup routine. 🪒 #grooming #mensgrooming #skincare #mensskincare #skincareroutine,autocuidado/estetica,False,16970.0,4
2lIZYFcm7d0,Get your ratings @PSLMAXAPP #mogger #glowup #facialrating #aesthetic,autocuidado/estetica,False,20.0,1
zhVAsJQbsYA,Kai Cenat Really Watched Ray Glow Up!🥹❤️…………………..#kaicenat,autocuidado/estetica,False,170155.0,-1
YhMoE7jaxXk,Ranking the best glow ups #usa,autocuidado/estetica,False,5952.0,1
0dEmHiLFmrs,Ranking Best 3 Glow Up Trends 🤵 #shorts #glowup #transformation,autocuidado/estetica,False,21515.0,-1
UeIdzfYtgus,Daily Morning Skincare Routine ✨ |Nitin Saw| #skincare#glowup#routine#skinglow#lifestyle#nitinsaww,autocuidado/estetica,False,58451.0,4
Q4PCFSfNAM8,Troy from Why’d I Get Married is Aging Like Fine Wine! 🍷🔥 #viral #fypage #ytshorts,autocuidado/estetica,False,533036.0,-1
7BR4eFYYSCk,"The ""Prettiest"" Alpha Male Ain't So Pretty Anymore | Looksmaxxing",looksmaxxing,False,569660.0,-1
3bujGXC_jcc,VEET HAIR REMOVAL CREAM SHORT REVIEW ✌🏻 #veet #hairremoval #qualitymantra,autocuidado/estetica,False,2431502.0,-1
WOrrkoGZu-Y,Educating Men on Skincare (Free Drink Included!),autocuidado/estetica,False,2834.0,0
OB0ruq3KHmk,💖 Skincare 🔅 Routine 💯 For 💖 ASMR 🔅 videos 💖🔅💯#adi #youtube #beauty #barberlife #explore,autocuidado/estetica,False,16113330.0,-1
E5DF4eARM14,Trying Dior’s £150 skincare line! #mensgrooming,autocuidado/estetica,False,63210.0,4
1e0-JSXJ33I,How I Maintain My 360 Waves As An Athlete #selfcare #360waves #haircare,autocuidado/estetica,False,113625.0,-1
L0seLRvuhzQ,Tom Hardy Says This Is One of Life’s Greatest Luxuries 😌🍿 #Shorts,autocuidado/estetica,False,12501.0,-1
VrkOxu0MT5s,Moroccan Hammams are the BEST #selfcare,autocuidado/estetica,False,150718.0,5
MifZSauvV0U,"The three boys she saved 15 years ago are now grown men—when they reunite, all three fight over her!",autocuidado/estetica,False,2877.0,-1
DiDkJkDSLnE,This man cloned himself to take care of his wife and kids!🧑‍🤝‍🧑❤️#edit #shorts #movie #shortsfeed,autocuidado/estetica,False,2645.0,-1
YOOAGNkr5BE,5 Easy Steps to Style Men’s Hair | American Crew Grooming Routine,autocuidado/estetica,False,13036.0,-1
uhDqDn9qsCk,Full Beard Trimming Routine for Men Desi Grooming Guide,autocuidado/estetica,False,1908135.0,-1
BhdvIpFYIfA,"HOW TO MANSCAPE LIKE A PRO – Male Model's Full Body Grooming Secrets (groin, back, legs arms, chest)",autocuidado/estetica,False,907815.0,0
tU5XCaeA-l8,FROM CAVEMAN TO NICELY GROOMED IN 1 MINUTE | #shorts,autocuidado/estetica,False,12906454.0,-1
bnHuAOUkV_c,6 SIMPLE Grooming Hacks To Instantly Boost Your Looks - Mens Simple Grooming,autocuidado/estetica,False,12897.0,0
QBqQKaUzFJM,Grooming Tips Every Man Should Know | Indian Men's Grooming Guide - Myntra Studio,autocuidado/estetica,False,425.0,0
D_gob2rhqA8,Male Grooming Supplies and Techniques : How to Shampoo & Condition Men's Hair,autocuidado/estetica,False,12075.0,-1
rwp05lW-8Xk,Men’s Grooming Salon SKY: The Ultimate Salon,autocuidado/estetica,False,7715.0,-1
RgRZ3p9EoP4,Grooming routine + curly hairstyle #fashion #mensgrooming #hairstyle #mens #skincare #curlyhair,autocuidado/estetica,False,861180.0,4
jOr2aEZoSc8,Male Grooming | September 2014 Favourites,autocuidado/estetica,False,21551.0,0
4boQyWv7cZg,Manscaping rules for men || men's grooming #shorts,autocuidado/estetica,False,21529.0,-1
hq_hA-mHgpw,How To Hold A Straight Razor! Balance Male Grooming #shorts #shaving,autocuidado/estetica,False,36630.0,-1
Uc0YIus7AQ4,The Ultimate Styling Hack; our Grooming Tonic Texture Cream!,autocuidado/estetica,False,92422.0,0
fbYkLm-OEjg,Starting the week feeling fresh 🧼🧖🏻‍♂️,autocuidado/estetica,False,1607.0,4
JRUnP4Jo7xM,Mens grooming routine 🧼🪒 #mensgrooming #skincareroutine #skincare #shorts #mensfashion,autocuidado/estetica,False,11659.0,4
FMMnMuyoxC4,Timeless Elegance: Dalip Tahil x Truefitt & Hill - A Gentleman's Grooming Journey,autocuidado/estetica,False,1111463.0,-1
x7EMxd1ifIM,Creative haircut 🫶🏼 #barber #fade #barcelona #richardrios #barbaitaliana,autocuidado/estetica,False,2630.0,-1
uNgUH8-FXG8,5 Grooming Tools EVERY MAN Needs | Get Better Skin,autocuidado/estetica,False,53318.0,0
uNWxUWM6Wmw,One of The Best Men Fragrance | Mens Grooming Essentials #viralvideo #mensstyle #styletips #fashion,autocuidado/estetica,False,3067.0,-1
7RhaHOexX7Q,7 HUGE Grooming Mistakes MOST MEN Make (and how to fix them),autocuidado/estetica,False,104668.0,0
gfv-hsLhXT4,"""The George"" -- Grooming Lounge Men's Hairstyle",autocuidado/estetica,False,6197.0,0
BKe2_T-qhI4,Male Grooming - Foundation And Contouring | This Morning,autocuidado/estetica,False,10019.0,4
ho-BRza2jNg,MITCH®: Men's Grooming Products For Any Occasion,autocuidado/estetica,False,6746.0,0
4Bi83ZmztI0,10 Best Men's Summer Grooming And Hygiene Tips,autocuidado/estetica,False,13520.0,0
NZ7wq6g09io,Grooming HACKS to Avoid Cutting Your Own Hair | HD,autocuidado/estetica,False,61935.0,-1
nglnp_KREb8,#privatebarber #luxurybarber #mensgrooming #ontariobarber #iebarber,autocuidado/estetica,False,1077.0,-1
EukCELi5d2E,What To Buy This Payday! | Men's Fashion and Grooming,autocuidado/estetica,False,18276.0,0
Au-vlY_N9RY,Malkim Hair - Mens Grooming,autocuidado/estetica,False,1544.0,4
a3MEjSumw1w,The Royal Shave by Truefitt & Hill | Men Grooming Services,autocuidado/estetica,False,2205950.0,-1
lp8jXpXqudg,Men's Grooming: Hair Pomades (Enter our Giveaway!!),autocuidado/estetica,False,11615.0,0
GNRd1lBgu-Q,The Best Men's Grooming Products Every Man Needs,autocuidado/estetica,False,34076.0,0
Z3R2mPuveYU,10 Grooming Essentials For The Car || Men's Grooming || Gent's Lounge,autocuidado/estetica,False,11440.0,-1
O23_qq72dbU,Male Grooming | June Favourites,autocuidado/estetica,False,13363.0,0
2vGfYh8Zv7U,Simple Grooming Hacks For Men | Grooming Hacks | Fit Like A Model | Myntra,autocuidado/estetica,False,1747.0,0
NmKbybm7Eaw,Beauty - Male Grooming,autocuidado/estetica,False,1438.0,-1
igX1eg2eSJw,6 BIG Grooming Mistakes To Avoid in Your Early 20's...,autocuidado/estetica,False,12632.0,0
kFEJYufKrag,Top 7 Tips To LOOK HANDSOME For Asian Men | Asian Men Grooming 101,autocuidado/estetica,False,5519.0,-1
2s0blzoK220,Men's Grooming with Noogie Thai,autocuidado/estetica,False,747.0,0
tQZTjOIuwy0,5 Men's Grooming Mistakes That Are EASY to Fix | Men's Grooming Tips,autocuidado/estetica,False,62351.0,0
HY0ZknW-Qcs,How To Stay Fresh (My favorite men's grooming products) • Effortless Gent,autocuidado/estetica,False,13029.0,-1
Kpec8r9XGRI,Best Mens Grooming Christmas Gift 2022 | Top 10 Mens Grooming Christmas Gifts,autocuidado/estetica,False,1646.0,0
PQoOvDt6Vy0,Male Grooming | March 2015 Favourites,autocuidado/estetica,False,16569.0,-1
NzN-ljhSKIA,Male Grooming Q&A | Part 1,autocuidado/estetica,False,7124.0,0
yJepKyXJmqk,5 Grooming Hacks Every Man Should Know,autocuidado/estetica,True,2699.0,0
o14dSVq9wJc,The Biggest Men's Grooming Myths People Still Believe,autocuidado/estetica,False,26257.0,-1
OlATpQWXQcE,Never Skip These Morning Hair and Grooming Steps!,autocuidado/estetica,False,18172.0,0
zh_mZLBjAcU,What To Buy This Payday! | Men's Fashion and Grooming,autocuidado/estetica,False,14261.0,0
7yoAad_UI2g,STOP Wasting Money On Grooming Products That Suck!,autocuidado/estetica,True,77814.0,0
LI1n3_lf_J0,CLEAN CUT BEARD OIL Product Review | Healthy More Stylish Beard | Mens Grooming,autocuidado/estetica,False,27312.0,4
D20WoATavlE,Romulus - pretty scene girl ( hardtekk ) |#shorts #looksmaxxing #looksmaxing,looksmaxxing,False,2567.0,1
kduyZyR5xos,POV : That One Bro Who MOGGS Everyone In The Group Photo 🔥 | Marlon Edit | #shorts #looksmaxxing,looksmaxxing,False,4738.0,0
5cmio0SyJ3g,Another day another transformation #looksmaxxing,looksmaxxing,False,222334.0,1
S64ADuS-874,What's your nose type #glowup #looksmaxxing #looksmaxing #oldmoney #looks #oldmoney #glowuptips,looksmaxxing,False,661562.0,-1
dHUwPI5im_g,The truth about hypergamy #fyp #looksmaxxing #bp #viral,looksmaxxing,False,457795.0,-1
0DB5ltka5eQ,I sleep on your back if you were wondering #looksmaxxing,looksmaxxing,False,41925.0,1
HWP_bxz2BlU,Marlon then vs now #fyp #viralshorts #looksmaxxing #marlon,looksmaxxing,False,354452.0,1
cgsHcNLirYg,WHY NOT ME? #lookism #edit #looksmaxxing #booktok #beauty #edits #shorts,looksmaxxing,False,254260.0,1
SrWmXvsGo6o,How to completely transform your look | Beauty Maxxing 101,looksmaxxing,False,346881.0,-1
CVmavC_or9s,Whos mog 💀 #looksmax#shortvideo#mog#edit#mogger#lookism#fyp#brutal..,looksmaxxing,False,588567.0,1
oiL3fZPonp4,Learn to build lean muscle #looksmaxxing #bodytransformation,looksmaxxing,False,1325179.0,-1
ZMRW1K3YoP4,The glow-up is real 👑|| Looksmaxxing #looksmaxxing #shorts,looksmaxxing,False,4162.0,1
s9XerHbQqmw,Does she look better than her boyfriend? #shorts #looksmaxxing #bp #edit,looksmaxxing,False,181943.0,1
0heWP8prke8,chico Lachowski ⚡- Parano | me in my prime |#shorts #looksmaxxing,looksmaxxing,False,2434275.0,1
YF3KJDaGTBI,What is 'looksmaxxing'? A peek inside one of today's biggest trends,looksmaxxing,False,80023.0,0
UOcYlC5kEb8,Chico Lachowski - protection charm |##shorts #looksmaxxing,looksmaxxing,False,629667.0,1
_1v3mCpSELk,Light Yagami vs Ayanokoji in Looksmaxxing | Death Note vs Classroom of the elite | #looksmaxxing,looksmaxxing,False,212543.0,0
KewcgdgVn7k,Does blonde hair look better on women? #shorts #looksmaxxing #bp #edit,looksmaxxing,False,257618.0,1
YbjXW9y2Cn4,When Looksmaxxing Goes Too Far...,looksmaxxing,False,1893204.0,0
3xUcqkmh8RQ,Is this a mid gf and handsome bf couple? #shorts #looksmaxxing #bp #edit,looksmaxxing,False,284928.0,1
fhmsMcjl5e0,Looksmaxxer (Tiktok: Saafiir) #looksmaxxing #glowup #attractive #psl #shorts,looksmaxxing,False,64408.0,-1
lykBGq-UGMs,Henry Cavill🤩#looksmaxxing#viral#chico#fyp#shorts#edit#mewing#explore#henrycavill#henrycavilledit,looksmaxxing,False,543731.0,0
fzfgvuJJ0uI,Chico lachowski- me in 2023 vs 2026 | Bloodpop brooklyn |#shorts #looksmaxxing,looksmaxxing,False,279962.0,1
KVPtf15easg,"How Tall Are Male Supermodels🧍🧬 , Their Height's Are Crazy ! #looksmaxxing #height #model",looksmaxxing,False,3666141.0,1
PYNIW-FpdGg,MAXIMUM LOOKSMAXXING 🎀👼🏻💉 PSL GODDESS + FACE CARD + GENETIC GLOW UP ☆ 𝑜𝓋𝑒𝓇𝒻𝑜𝓇𝒸𝑒𝒹,looksmaxxing,False,198244.0,-1
xThw6_OA_Fg,Chico lachowski and jordan barrett - unmoggable duo |#shorts #looksmaxxing #lookmaxing,looksmaxxing,False,11619.0,1
8YCSHfZtXOo,No one understands looksmaxxing,looksmaxxing,False,158617.0,1
Dp2NntrouH8,LOOKSMAXXING (Slowed Version),looksmaxxing,False,1112939.0,0
EzQiNFBY2RQ,Looksmaxxing Compilation #8,looksmaxxing,False,20583.0,-1
dFU8uQbeKoQ,The 7 levels of Looksmaxxing,looksmaxxing,False,109602.0,-1
DTOHYCFXOwE,Gio scotti ⚡- Mala 6ix9ine edit |#shorts #looksmaxxing,looksmaxxing,False,353976.0,-1
YSFTxfhUTVs,Does looks matter more than height in a man? #shorts #looksmaxxing #bp #edit,looksmaxxing,False,168000.0,1
YVPKuGwo9w4,Chico lachowski ⚡️- Papoutai | true mogger |#shorts #looksmaxxing,looksmaxxing,False,638305.0,1
ERCsy5p7tpw,Day 122 #edit #looksmaxxing #mog #model #beauty,looksmaxxing,False,2904.0,-1
c0R5ZBX8iOo,Is this what a 9/10 woman actually looks like? #shorts #looksmaxxing #bp #edit,looksmaxxing,False,145190.0,1
SbtBYe50ot8,Looksmaxxing Compilation #44,looksmaxxing,False,12840.0,-1
KpXzTOeRP_c,Pov : You Had @usmaxxing The Highest Appeal #looksmaxxing #appeal #mog #bp,looksmaxxing,False,303016.0,-1
jNV11D6Gev0,True Stacy #fyp #bp #looksmaxxing,looksmaxxing,False,348378.0,1
8yi9uaPqyvs,Inside the Disturbing World of Looksmaxxing,looksmaxxing,False,8492.0,-1
WzGOM5HBRVg,Youtubers Mewing,looksmaxxing,False,17225622.0,2
t5w3Lb7Et5I,Female Mewing Transformation #mewing #jawline #shorts,looksmaxxing,False,3817762.0,2
KH3DCHuIiEE,My Full Grooming Routine For Max Attractiveness,autocuidado/estetica,False,159003.0,-1
33buJR4IAfA,Doctor proves mewing isn’t real?,looksmaxxing,False,62458.0,2
59ex3QQceYI,Correct vs. Incorrect Mewing Form | Tongue Posture Explained,looksmaxxing,False,16691.0,2
_X2cv2-Z7ug,Best mewing moment 💀|| #trollface #mewing #trollfaceedit,looksmaxxing,False,16513745.0,-1
HijEkS6Yhu8,I Spent 4 Years Mewing | 4-Step Guide,looksmaxxing,False,63687.0,-1
jfo2519bnX0,BYE-BYE🧏‍♂️🤫 Jim Carrey Mewing,looksmaxxing,False,5995195.0,2
Cyi7ou-n_n0,Does Mewing Actually Work?,looksmaxxing,False,1365575.0,-1
GpCjpWTlIIw,Mewing Can Make You Worse. Here's Who.,looksmaxxing,False,75016.0,2
aGf9483smOA,Does Mewing Actually Work?,looksmaxxing,False,76760.0,-1
0iTbTk3WhRk,The Mewing Video I Should Have Made First,looksmaxxing,False,86357.0,2
u-RCbKskiCA,"How to do ""mewing"" for sharper jawline😼🥵#sharpjawline #tips #glowup #beauty #fashion #shorts #viral",looksmaxxing,False,255325.0,1
QiysixybVb8,SHE IS SO GOOD AT MEWING 😭,looksmaxxing,False,4976888.0,6
BIqYQbTINHg,Gotta mew #mewing,looksmaxxing,False,13099.0,2
K7uzQD_5Pfw,How To Build a Daily Facial Care Routine as a man (no complicated steps),autocuidado/estetica,False,7401.0,0
Q4wWhQH0ukQ,the only skincare routine you REALLY need (minimalist routine),autocuidado/estetica,False,226765.0,-1
eRbHph-Qb2Q,How to layer your skincare? The correct order to apply your daytime skincare!,autocuidado/estetica,False,271166.0,0
4quzm65z10I,How to Layer Your Skincare Products in an Anti-Aging Skincare Routine,autocuidado/estetica,False,198280.0,0
-NxzymKcC1Q,HORRIFIC Skincare Routine #dermreacts #skincare,autocuidado/estetica,False,8002381.0,4
RbbJ93vyO3I,DO PIMPLE PATCHES WORK? #shorts,autocuidado/estetica,False,4463686.0,-1
bF34N2ZkpEY,This is just a very basic skin care routine for oily acne prone skin.,autocuidado/estetica,False,7962726.0,0
LH1Lq_Sdivw,How To Prevent Ingrown Hair | 5 Best Tips | Brown Skin Derm,autocuidado/estetica,False,277459.0,0
QIrO32q4hqk,"Top 5 Diet Tips for Flawless, Youthful Skin",autocuidado/estetica,False,1670434.0,-1
4n1cnJQu0Fg,Teenagers Budget Skincare Routine For All skin Types | Oily/Acne/Combo/Dry Skin | Chetali Chadha,autocuidado/estetica,False,18029.0,0
ic3a7OClqz0,Acne Scars #shorts,autocuidado/estetica,False,4216995.0,0
qOs8q-0Y6TU,Best skincare | Skincare | Hyperpigmentation treatment | Affordable skin care #skincare,autocuidado/estetica,False,5584296.0,4
dmVWNX3VLPw,"Happy Birthday, Dr. Karam!!",autocuidado/estetica,False,5414.0,-1
svCHyzqa_XE,Best Skin Care Routine Men #shorts #skincare,autocuidado/estetica,False,307680.0,4
o1B6QvBTc4A,How to Treat Acne and Pimples? 😢 Men’s Skincare Routine | Tejas Yadav #shorts,autocuidado/estetica,False,1335084.0,-1
CcELjqo_3KM,Easy 3 Step Skincare Routine for Boys: Clear & Glowing Skin,autocuidado/estetica,False,1406383.0,-1
LWUUOfY2fW4,Skincare in the correct order! #skincareroutine #skincaretips #ipsy,autocuidado/estetica,False,2752463.0,4
B56I0FyXk8A,Fresh and Clear Night Skincare Routine,autocuidado/estetica,False,26423.0,4
tayOe6uy7sQ,"Skincare for Men: Simple, Effective, No-Nonsense Guide",autocuidado/estetica,False,146440.0,0
1ZLlVdfvLYc,Pharrell's Skincare Routine for a Youthful Look | GQ,autocuidado/estetica,False,2739459.0,-1
A0frtMt_hp8,Ultimate Hair Care Routine for a Clean and Refreshed Look #hair #how #beautiful #shorts #amazing,autocuidado/estetica,False,133936140.0,-1
HjIb1O1D67M,Grooming my eyebrows ✂️,autocuidado/estetica,False,3963775.0,-1
xFcmj0vHgfU,10 GROOMING TIPS EVERY MAN SHOULD KNOW | Men's Grooming Mistakes,autocuidado/estetica,False,1180711.0,0
NEOqkrsz-IA,Ultimate Hygiene Routine For Every Man,autocuidado/estetica,False,51710.0,4
EX4W3aez6q8,The Only Grooming Guide You'll Need As A Man,autocuidado/estetica,False,19666.0,0
rOvEAlzHbRo,How to smell good all day as a man! #mensgrooming,autocuidado/estetica,False,150569.0,4
7gJFeBoo4nI,How To Shape Your Eyebrows (FULL guide for men),autocuidado/estetica,False,1841926.0,-1
uqH0XiPtiis,12 Hygiene Essentials Every Guy Needs,autocuidado/estetica,False,280776.0,-1
ng4lyhv4d84,First Date Grooming Tips For Men 👩‍❤️‍👨,autocuidado/estetica,False,13966.0,4
sovZoHV_o3k,7 Grooming Rules Every Man Must Know ( Look 10x BETTER),autocuidado/estetica,False,164290.0,0
3pUltJjtQ_o,A tough challenge but well worth it #huskies #husky #siberianhusky #doggroomer #dogbath #tutorial,autocuidado/estetica,False,26511362.0,2
P9RdFEFh7dU,Carlos D. Harris Jr Men’s Hygiene Tips Pt. 4 #menshygiene #mensgrooming,autocuidado/estetica,False,918525.0,4
RqYI-omAk5M,BEST GROOMING TIPS FOR MEN: A SIMPLE GUIDE TO A BETTER LIFE #mensgrooming #satyamrajput98 #viral,autocuidado/estetica,False,62.0,4
9fb0DF2O1HU,Interview 🗂 GROOMING TIPS👔 #Shorts #Interview,autocuidado/estetica,False,624731.0,4
iKzw75jNnlU,How to Trim Chest Hair | Men's Grooming,autocuidado/estetica,False,2427531.0,0
QF4Cl_J0VCo,Morning Grooming Tips to Fix Your Face,autocuidado/estetica,False,302968.0,-1
z7XoLlLuBBw,How to TRIM Your Beard At Home! DIY Tutorial | Balance Male Grooming #shorts #beard,autocuidado/estetica,False,1644191.0,4
R5a9XbHiFAQ,Full Body Hair Grooming?🪒#dailyshorts #grooming #mensgrooming #bodyhair #beard #styletips #fashion,autocuidado/estetica,False,6864785.0,-1
LVtTRDnMM_k,Must-have grooming tools for every man,autocuidado/estetica,False,23512.0,0
0YPKHJc037s,How to trim moustache #Moustache #Barber #Barbershop #Men’sGrooming #grooming #movember #beard,autocuidado/estetica,False,479177.0,4
vbcCUb3dMCg,5 Grooming tips for models,autocuidado/estetica,False,186674.0,-1
Vj93Hp3rk80,HOW TO INSTANTLY MAKE YOUR BEARD SOFT #beard,autocuidado/estetica,False,302743.0,4
9Md1f9yhOqk,Everyday Grooming Tips for Instant Glow 🌟 #Grooming #MensGrooming,autocuidado/estetica,False,1810301.0,-1
LcYVn8TmkW0,3 steps easy grooming tips for men #groomingtips #skincaretips #glowup #ytshorts #grooming,autocuidado/estetica,False,2917.0,-1
64neyVHN7b4,10 MUST-KNOW Grooming Tips for Grown Men | Mens Fashioner | Ashley Weston,autocuidado/estetica,False,38352.0,0
xqWxEtLE2BY,10 Hygiene & Grooming Tips for Young Men,autocuidado/estetica,False,6161.0,-1
ze5j0JRkfTo,STOP SHAVING YOUR BODY AND DO THIS INSTEAD! - Trimming Length recommendations,autocuidado/estetica,False,1160790.0,-1
xvLRJ7DSjRc,😳🔥2026 നു മുൻപ് ഈ 6 ശീലങ്ങൾ നിങ്ങൾടെ ജീവിതം മാറ്റിമറിക്കും| 6 Grooming Habits that change your life🚀,autocuidado/estetica,False,90396.0,0
rvvC3gkfKfI,3 Grooming tips every men should know #shorts #style,autocuidado/estetica,False,8416.0,0
BKS8TDfWbo4,Simple yet BEST Grooming Habits for MEN from a MAN's perspective 🤩,autocuidado/estetica,False,50552.0,-1
FsmVRABkhso,2024's must-have mini electric shaver for men #electricshaver #mensgrooming,autocuidado/estetica,False,1211147.0,-1
pEXx2MFJsFU,8 BEARD GROWING MISTAKES YOU NEED TO AVOID with Matty Conrad,autocuidado/estetica,False,2396739.0,-1
YYPhIlZ2EC4,8 Grooming Habits That Make Men Over 60 Look Instantly Younger,autocuidado/estetica,False,197918.0,-1
LPDztL0wAgo,Men's Mental Health | The Art of Self Care,autocuidado/estetica,False,20585.0,0
YsmGayBoY-w,Men’s manicure?! #selfcare,autocuidado/estetica,False,522556.0,5
O0MjitmuxlA,Skincare Routine for everyone above 40 || Dr Ankur Sarin ||,autocuidado/estetica,False,260070.0,4
QotVL_vQzwk,Routine To Keep My Bald Head Looking Sexy,autocuidado/estetica,False,695092.0,0
N61pX8rHbuI,The Sleep Routine Every Man Should Do (Backed by Science),autocuidado/estetica,False,232976.0,-1
btEV_YDBZF4,Self care routine #selfcare #lgbt #menstyle #selflove #boy #boystyle #fitness,autocuidado/estetica,False,7137.0,5
U1XylNmUCGI,"Ep 52: Black Men, The Importance of Self Care & Self Love | Black Fly on the Wall Podcast",autocuidado/estetica,False,5453.0,0
ZItHs2UhHRs,Men Need Self-Care Too! Here's Why It Matters More Than Ever | Insidee Feel,autocuidado/estetica,False,26.0,0
xRmYckPzwa0,Bad Day SELF CARE routine.,autocuidado/estetica,False,49788.0,5
bDQPmAvSpXA,Organic self care,autocuidado/estetica,False,222690.0,-1
CgZ7I7veWAQ,Sudden Self Care #funny #comedy #marriage #couple #men #ManEnoughToCare #DoveMen #AD,autocuidado/estetica,False,3616621.0,0
qVIdfSLFfSM,#1 Dermatologist: The Ultimate Skincare Routine for Amazing Skin,autocuidado/estetica,False,1771325.0,0
RDcgD4s9JTc,Men need self care days too..,autocuidado/estetica,False,6950.0,5
5LfjrKWmJNw,5 Best Men’s Body Washes,autocuidado/estetica,False,310027.0,4
IZzmBnT4d9g,The Most Unexpected Glow Ups Compilation!😱 #299,autocuidado/estetica,False,79274.0,0
zMf09d_mIms,The post break up glow up really is magical though #breakup #GlowUp #dating #heartbreak #single,autocuidado/estetica,False,8327930.0,-1
ZtWLVk3toDA,Fix your regular diet ....#glowup #mogger #looks #looksmaxxing #handsome #attractive #gentleman,autocuidado/estetica,False,496165.0,-1
FR7ntplVOtk,The best boy Glow Up🔥🔥 #henrydanger,autocuidado/estetica,False,2871480.0,1
Pf3zU359Pl8,No BS Glow Up Guide For Black Men / How To Glow Up ASAP For Black Men,autocuidado/estetica,False,250337.0,-1
_diIcsc3OQk,How To Glow Up As A Guy,autocuidado/estetica,False,849222.0,0
WrujBh7EOdw,How to Glow Up as a Guy in 2026,autocuidado/estetica,False,142635.0,-1
sPjCnmr9euQ,Glow Up in a Week with $0!,autocuidado/estetica,True,110649.0,0
iWasCNkqP0k,Glow up before school for boys #glowup #glowuptips,autocuidado/estetica,False,42776.0,1
qa4O-zTFrDk,3 Items Every Man Needs To Glow Up For Under $100,autocuidado/estetica,True,62100.0,1
vUmft3qphkc,25 Glow Up Tips In 5 Minutes (Instantly More Attractive),autocuidado/estetica,False,186592.0,-1
UY8Qm6lUmqs,Glow up tips for boys ✨#glowup #tips 🫶🏾#hotboy 🥵#boy #skin #how #lose_nose_fat,autocuidado/estetica,False,36272.0,1
PHh3LGDLnhg,"☣️XT-01⚜️ EXTREME GLOW UP SUBLIMINAL + desired face, body, health, personality, life",autocuidado/estetica,False,6346498.0,-1
K_2mrmPttAE,Day 8: small things matters #looksmaxxing #30daychallenge #looksmax #beard #glowup #day8,looksmaxxing,False,27371.0,-1
HI4b7B26Bd0,Standing Next to Final Boss Genetics 🧬 | Lookmaxing | #shorts #lookmaxing #jordanbarrett,looksmaxxing,False,43162.0,1
OAPBpLZ9KoU,Looks Matters 👀 | LooksMaxxing #looksmaxxing,looksmaxxing,False,49975.0,-1
a3PTQ_gnK1c,Has the 'looksmaxxing' trend among young men gone too far?,looksmaxxing,False,4019.0,0
x2Xo6RwbuoA,Are men OK? #dermreacts #looksmaxxing,looksmaxxing,False,6400.0,-1
HC7TEXWqxQc,How to Get Ideal Eyebrows for Men - Full Looksmaxxing Guide,looksmaxxing,False,353636.0,-1
3uKDF1cowtQ,AOC Says Clavicular's Looksmaxxing Trend Sends Young Men Wrong Message | TMZ DC,looksmaxxing,False,5044.0,0
qmJ60vYGMqo,How To LOOKSMAX For INDIANS ( Step-by-Step Guide) ( NO BS),looksmaxxing,False,263424.0,7
iyeCv8g7l8M,Full Looksmaxxing Guide for Men 😲 How To Be An Attractive Man 🔥 தமிழில்,looksmaxxing,False,15936.0,0
lnh8Xp2W144,Why Indians CAN'T LOOKSMAX🇮🇳? Glow up SCAM!Attractive Habits for students| Hairstyles 2026|Faceshape,looksmaxxing,False,140731.0,0
ltWXxl_16w4,22 Looksmaxxing HACKS Black Men MUST know,looksmaxxing,False,38021.0,-1
9B3jb1BCpbg,"a man Will die, but not his ideas 😭🫢 #perfume",looksmaxxing,False,452387.0,-1
jmnXXgv-eIE,5 Facial Features That Make You More Attractive. How To Develop Facial Features.,looksmaxxing,False,1173937.0,0
6PkhaBtq2dM,Men’s looksmaxxing Tip 3 #looksmaxing #looksmax #looksmaxxing,looksmaxxing,False,1164.0,1
aCQVPg5AF3A,#looksmaxxing #looksmax#fvp #fypシ゚viral #fortheboys #men#glowup #fy #foryoupage #viral #reels,looksmaxxing,False,2227.0,1
XtXrAM-gW-U,Is Looksmaxxing Destroying Young Men?,looksmaxxing,False,674.0,-1
3eI-eCGWSxc,Softmaxxing Vs Hardmaxxing. Which One Makes You Attractive?,looksmaxxing,False,3252.0,1
qZjVH2iKZfQ,xQc Reacts to his Maximum Physical Potential,looksmaxxing,False,1128467.0,0
RLtAe0JO40M,Get attractive Eyes NO BS Guide (Looksmaxxing),looksmaxxing,False,369406.0,-1
qBIVyZ7TV1E,"Softmaxxing Explained | Looksmaxxing Part 2 (Face, Skin & Grooming for Men) #looksmaxxing",looksmaxxing,False,270.0,0
DxShqdxY2mI,Skincare for Men by Skin Type | Softmaxxing Guide Part-6 #looksmaxxing,looksmaxxing,False,154.0,0
ZuWsryIVSIs,Softmaxxing Is Just Self-Care,looksmaxxing,False,15.0,10
slbt3q4Zr_k,Looksmaxx with softmaxxing first #looksmaxx #looksmaxxing,looksmaxxing,False,2511.0,1
TR7ShQAiD1g,Softmaxxing Makes Men Attractive,looksmaxxing,False,751.0,0
NQt4_LWhS00,BRO HAS EVERY RIGHT TO BE THE VILLAIN #mewing#looksmax#softmaxxing#hardmaxxing#glowup #looksmaxxing,looksmaxxing,False,1211.0,-1
P7cumc-bHqA,Proof that lymphatic drainage hacks work! #lymphaticsystem,looksmaxxing,False,808778.0,6
wuaTsHXTeTE,Chad or overrated? 77/100 #shorts,looksmaxxing,False,12.0,1
qEKKlhXKDvQ,One change. +6 points. #shorts,looksmaxxing,False,273.0,1
Ryc2IfQgsDM,What is Looksmaxxing?,looksmaxxing,False,2060.0,-1
tBU9aJUjD7o,hardmaxxing :/,looksmaxxing,False,120825.0,-1
xyAbRAWavlg,My exact hardmaxxing plan!,looksmaxxing,False,16097.0,1
KrxaK7jJWmo,Why hardmaxxing fails,looksmaxxing,False,4538.0,1
9lWYrkriEfs,Soft vs Hardmaxxing Which is Better ? #blackpill #lookmaxxing #mewing,looksmaxxing,False,157279.0,1
g_TdWEXGTuQ,Hardmaxxes that improves attractiveness',looksmaxxing,False,1856.0,0
a6BSV2XniHA,back from hardmaxxing,looksmaxxing,False,19647.0,0
dEIqz9SXtOs,The Most Disturbing Looksmaxxer,looksmaxxing,False,81072.0,10
4CVhTixvtDQ,Ranking Every Known Hardmaxxing Method (Tier List),looksmaxxing,False,19387.0,0
fgHOsIUphRg,Hard-Looksmaxxing Tier List,looksmaxxing,False,136933.0,-1
lURhOeKVy-E,5 techniques better than surgery to transform your looks #looksmaxxing #glowup #jawline,looksmaxxing,False,19023.0,-1
FnamwBJnU0I,Here's my complete hardmaxxing plan revealed!,looksmaxxing,False,1093.0,1
aXvaRoENvhk,My Full Hardmaxxing Plan To Become 6'4 Ft Ultimate Psl God In Next 3 Years,looksmaxxing,False,699.0,0
IPERttvF4X8,I Spent $100K in Plastic Surgery to Become Attractive | LooksMaxxing,looksmaxxing,True,5394.0,-1
OiiXLbNurvM,The ULTIMATE Looksmaxxing Surgery Tier List,looksmaxxing,False,131145.0,-1
b565lGm61Ao,Looksmaxxing has 3 endings #looksmaxxing #glowup #bodypositivity #hardmaxxing #bp #selfimprovement,looksmaxxing,False,3752.0,-1
fmNKS2PU3BU,My Full Looksmaxxing Surgery Plan (Complete Breakdown),looksmaxxing,False,108412.0,-1
E3hNub1uw6k,Ugly Face? Try Hardmaxxing | Glow-Up Edit,looksmaxxing,False,1439.0,0
JY3Dzfz76gc,Hardmaxxing: Finding the BEST Plastic Surgeon for Male PSL Looksmax Surgeries | MY NEW FREE APP,looksmaxxing,False,2767.0,10
ue8KnB7ArrE,Hardmaxxing Guide For Looksmaxxing,looksmaxxing,False,1150.0,-1
zFojKQcjE8w,Hardmaxxing: The Dark Side to Looksmaxxing,looksmaxxing,False,64.0,1
QJ8Dl0Nu5RA,Why I won't hardmax (A study you've never seen before),looksmaxxing,False,5443.0,1
k-jlWnwrYeg,Chin Filler,looksmaxxing,False,271496.0,6
64V2yTXSmEQ,Hardmaxxing Explained in Hindi. (*Looksmaxxing Guide*),looksmaxxing,False,999.0,0
xWNPx2miDuk,Is Otoplasty Worth It? Looksmaxxing Surgery Tier List,looksmaxxing,False,210973.0,10
Z3eX5a4xaOg,Amazing Natural Looksmaxxing Transformation With a Good Base #huntereyes #lookmaxxing #mewing,looksmaxxing,False,120286.0,1
z7i3H2PApis,Crazy Jaw Transformation #blackpill #lookmaxxing #jaw #mewing,looksmaxxing,False,84722.0,2
1a5EdzPUcMI,From Shorts to full video—your real glow-up starts here. fashion #selfcare #jawline,looksmaxxing,False,132636.0,1
4uPn6avauVo,#edit #selfimprovement #looksmaxxing #trend #a95 #looksmaxx #transformation #model #chico #hardmax,looksmaxxing,False,4440.0,1
enwKSgA8nEc,My 250+ Days of Looksmaxxing Transformation,looksmaxxing,False,3414.0,1
FM0G0AoiIKA,How important are Mid-face Implants to avoid a Crocmaxxed face? 🐊 #looksmax #implants #jawsurgery,looksmaxxing,False,88189.0,10
OFX2PTEiLWE,What If FaceIQ Started HARDMAXXING?,looksmaxxing,False,32.0,-1
LB98kPUaHjw,Greatest HARDMAXXING Ascension EVER | CheatWin from Getting Hammered Official | Looksmaxxing success,looksmaxxing,False,10823.0,-1
16FRRgPrpzw,SOFTMAX VS HARDMAX WHICH ONE IS YOU CHOOSE...? #looksmaxing #ytshort #facialaesthetics #shorts,looksmaxxing,False,5953.0,1
83IM5sqkimw,Surgery with @GIANT IMPLANTS/HARDMAX CENTER in May (Istanbul turkey) #bp #surgery #looksmaxing #tran,looksmaxxing,False,4988.0,10
xFNer8aCHNg,Clavicular explains what “hardmaxxing” is ✌️🥀#clav #hardmaxxing,looksmaxxing,False,880.0,1
vpzs1ktxMDM,The Dark Side of Hunter Eye Surgery,looksmaxxing,False,16145.0,10
y_kYvjMGpr4,Botched hairlines can ruin your face!! #hairtransplant #haircare #badresults #transplantsurgery,looksmaxxing,False,26246.0,-1
gW7zjdplDyE,First hardmaxxer | PSL GODS | #shorts #edit #transformation #model #tomcruise,looksmaxxing,False,48772.0,1
5mWMxOFxQ5E,Hardmaxxing Surgeries: The ULTIMATE Tier List Revealed! #shorts,looksmaxxing,False,191.0,-1
OWuCSpSCKyE,The BEST Hardmaxxing Tier List (Ranking),looksmaxxing,False,414.0,-1
reJD45T4va0,HARDMAXXING OVERNIGHT,looksmaxxing,False,349.0,0
DCKhsmrTSEU,HardMaxxing - Skeletal Expansion Benefits (MARPE),looksmaxxing,False,443.0,10
Iobjp25Sm3g,Dangers of Wrong Looksmaxxing,looksmaxxing,False,87509.0,-1
kHTnjHffXAQ,Geometry Dash Hardmaxxing #gd #geometrydash #gdcommunity #gdmemes #geometrydashmemes,looksmaxxing,False,27997.0,1
nO2Ht9j2OKU,We Enter the Dark World of Hardmaxxing. Not Good.,looksmaxxing,False,35.0,0
xhdu_MSTEd0,Hardmaxxing☠️ #looksmaxxing #model #edit #mog #shorts,looksmaxxing,False,2401.0,1
UmIOyYYWntU,Rating Faces Honest Thoughts on Looks & Surgery,looksmaxxing,False,5001.0,-1
NkxMLpZLql8,The Looksmaxxing ROI Tier List,looksmaxxing,False,6219.0,-1
QmD4imW3ztQ,How Looksmaxxing Ruined His Face 😱,looksmaxxing,False,1499338.0,-1
8Aqy9eVqB_8,⚠️ WARNING: ULTIMATE MOGGER ༯genetic engineering for extreme lookmaxxing [UNISEX] [FORCED RESULTS],looksmaxxing,False,435156.0,-1
0wIXzJwVqOU,Im going to start hardmaxxing! Day 89 of Looksmaxxing! #looksmax #looksmaxing,looksmaxxing,False,1039.0,1
-rPiRKQJOxU,me before hardmaxxing,looksmaxxing,False,130.0,6
TVsbVk4BZHs,Cheekbone shaving CANCELLED | The 2 things I did instead | Hardmaxxing a wide face with wide zygos,looksmaxxing,False,4375.0,-1
Etc-Qf5g0k0,The Power of Hardmaxxing.,looksmaxxing,False,7882.0,-1
Mw_TmAEQmK4,ULTIMATE looksmaxxing results *i ate that* #looksmaxxing #transformation #beautiful #glowup,looksmaxxing,False,69573.0,-1
vElYX4k_1cE,Hardmaxxing trip vid up: “There’s NO instruction manual to life”@SpectrumAesthetics3 | Mental burden,looksmaxxing,False,3001.0,-1
QH4THec2Js8,Does maxillary expansion always result in advancement too?,looksmaxxing,False,186987.0,10
XaSsUBpY7EM,"“You need to hardmax, tough luck”",looksmaxxing,False,1500.0,-1
7lyw3Ilygiw,Looksmaxxing | Plastic Surgeon Reacts,looksmaxxing,False,40873.0,10
PV1XpDFeQs8,How guide surgery can improve jaw surgery recovery,looksmaxxing,False,1121.0,-1
OftdsJcl7uM,I'm Hardmaxxing (Again...),looksmaxxing,False,14.0,0
EqNlnfYqYlQ,How I Fixed My Low Cheekbones 💉😳,looksmaxxing,True,937.0,-1
bk4e1qhMt8k,Looksmaxxing playlist | Hardmaxxing,looksmaxxing,False,439.0,-1
9ksm94NV6BE,The Day My Hardmaxxing Began ⚫💉,looksmaxxing,True,1333.0,0
eo3dj-vHvlY,brutal ascension via hardmaxxing with bro 💀,looksmaxxing,False,1.0,-1
zS8cVmk3Xv4,PSI: Jaw Surgery Evolved,looksmaxxing,False,1113.0,-1
hbnDFxBgTI0,Tom Cruise is the og surgerymaxxer,looksmaxxing,False,32587.0,10
9Q0bU4wwT7s,@FaceMetrics1 Looking for WHAT at Bangkok pharmacy?? | Hardmaxxing trip day 1,looksmaxxing,False,1344.0,10
-ECrOtJYGNk,Hardmaxxing is real #gymmotivation #southasian,looksmaxxing,False,3409.0,13
QIb6HG6CF_U,Clavicular Does Bone-Smashing 🤯🔨,looksmaxxing,False,1372300.0,-1
jV1qQNz_ISI,Why You Should Never Tell People You Hardmaxxed ⚠️,looksmaxxing,True,130.0,-1
_QO3mRUVYLE,Can MARPE affect the eye area? 👁️👁️,looksmaxxing,False,35752.0,10
Nu6Gz5SHYss,From Ugly Duckling to Confident: My Transformation Story #shorts,looksmaxxing,True,1417.0,-1
EvygkYYn4wI,hardmaxxing ౨ৎ,looksmaxxing,False,61.0,1
vbBrrTVHmaQ,I'm Hardmaxxing,looksmaxxing,False,49.0,0
5vNKcQfnJ5w,FaceIQ Gave Me Looksmaxxing Tips — It’s Worse Than I Thought,looksmaxxing,False,87832.0,-1
mfl8Z_oJCJ8,Hardmaxxing this Core | OVERDOSING #09,looksmaxxing,False,1.0,-1
ZgMrxY5iyqg,Hardmaxxing #looksmaxxing #hardmaxxing #tomcruise #blackpill,looksmaxxing,False,795.0,1
XDCPWkj9Wsk,For unknown slayer / Dark Triad playlist,looksmaxxing,False,1071866.0,0
LVMTRUEJfCI,He Spent $50K On 10 Surgeries For His Dad To Say THIS 💀,looksmaxxing,True,28069.0,10
sPzDBeuRl0I,Hardmaxxing Is Denying Your Grief,looksmaxxing,False,1042.0,-1
A5z34Gfy61Y,Hardmaxxes are the final frontier & there’s NO avoiding it | Looksmaxxing to TRUE chadlite in 2026,looksmaxxing,False,13270.0,1
pp4SIvhWkwc,when looksmaxxing fails.,looksmaxxing,False,275702.0,-1
3U5XyWrfiVQ,5 Hardmaxxing Changes That Actually Work,looksmaxxing,False,114.0,0
p3-npSH1fms,HardMaxxing #looksmax #looksmaxxing #lookism #bradpitt #henrycavill,looksmaxxing,False,14645.0,1
hwxDRz1fA8A,My hardmaxxing recommendations for one of my followers!,looksmaxxing,False,676.0,-1
o0M2-mC-C6o,My Hardmaxxing Routine! Day 60 of Looksmaxixng! #looksmax #looksmaxing #skincare,looksmaxxing,False,109.0,1
vc3uamJvA74,"Politicians Are Cringey, Supergirl Trailer Reaction, We Condemn Hardmaxxing | VB Recap Ep. 19",looksmaxxing,False,11.0,0
7GJ3wo7NX8M,HardMaxxing,looksmaxxing,False,25.0,0
mtnIsWI1KeM,The Disturbing World of LooksMaxxing,looksmaxxing,False,364625.0,0
GDPMGWI3qcU,Asians know how to hardmax,looksmaxxing,False,22956.0,-1
Wu815loFWbM,STOP hardmaxxing early 🤡 #looksmax #glowup #explore,looksmaxxing,False,3248.0,-1
LgfUmdRaWmU,brainrot maxxing #tiktok #funny #memes #funnymemes #looksmaxxing #looksmaxing #cringe #comedy,looksmaxxing,False,39702.0,0
scpHJrx9cOE,canthoplasty | eye shape change surgery #eyes,looksmaxxing,False,468875.0,1
RsE338dFIDs,Blackpill Face Transformation (No Editing) 📱🗿,looksmaxxing,True,1589.0,-1
9mqpQlenc4g,Double Jaw Surgery: The Ultimate 'Hard Maxxing' S-Tier Procedure Explained #shorts,looksmaxxing,False,43.0,-1
qEAE6EeIKLs,Kai Greene Take On Looksmaxxing & Hardmaxxing: No Problem! | Kai Greene Effect,looksmaxxing,False,4432.0,-1
iqK8tg78iog,My Hardmaxxing Plan! Day 90 of Looksmaxxing! #looksmax,looksmaxxing,False,464.0,1
_twbCJp22Jk,The INSANE *CHAD* ascension via looksmaxxing of @SpectrumAesthetics3 | Hunger+Hammer+Hardmaxxing,looksmaxxing,False,1137.0,-1
JBTqlWUTk58,just watched a chico edit,looksmaxxing,False,1837.0,-1
R0SJJE4vhoE,How mfs feel after HARDMAXXING,looksmaxxing,False,79.0,1
XAl7imbsV9Y,Mewing tutorial!#mewing #tutorial #stepbystep #save #jawline #shelove,looksmaxxing,False,696796.0,-1
AxT1wruOnsc,3 STEPS OF EASY MEWING TUTORIAL🧏🏻‍♂️#easy #mewing #tutorial #stepbystep #shelove,looksmaxxing,False,84195.0,2
7D6HrzOcWwI,How to Mew,looksmaxxing,False,6124217.0,0
u358VBeuKIY,3 main steps “Mewing” 🤓🤫🧏🏻‍♂️#mewing #jawline #tutorial #stepbystep #main #shelove,looksmaxxing,False,2042766.0,-1
kOHAXaKJvrI,How to do Mewing 👅 #shorts,looksmaxxing,False,1408861.0,-1
PvZIvndwqKI,REAL MEWING TUTORIAL BRO💀🧏🏻‍♂️#real #mewing #tutorial #jawline #shelove,looksmaxxing,False,220748.0,2
eoO5xqwjn5Q,how to mewing correctly and see results (full guide),looksmaxxing,False,751583.0,0
-qrcOSZiprM,REAL MEWING TUTORIAL 🧏🏻‍♂️💀#real #mewing #tutorial #stepbystep #shelove,looksmaxxing,False,51475.0,2
kdALkQTc8Q0,How to Mew Correctly #shorts,looksmaxxing,False,34393.0,2
Cnvzlm0BtlY,Suction Mewing Tutorial,looksmaxxing,False,40059.0,2
PhfkjC5gAuk,Correct way of Mewing. #mewing #glowup #shorts #tutorial,looksmaxxing,False,7584.0,-1
3xYNjAdfTrs,Mewing tutorial try this 😈💀☠️,looksmaxxing,False,39935.0,2
CCVYIPbmC1o,My Full Mewing & Thumbpulling Routine,looksmaxxing,False,111669.0,10
WOjExniyKa0,Real mewing tutorial🧏🏻‍♂️💀#real #mewing #tutorial #jawline #stepbystep #shelove,looksmaxxing,False,143788.0,2
8uaF8uy21sU,Mewing tutorial #mewing #mewingtutorial,looksmaxxing,False,35892.0,0
bIh4wT-WfYA,Mewing For Beginners (2024),looksmaxxing,False,4282991.0,-1
LoZOzonXM1o,Mewing and the Back of the Tongue,looksmaxxing,False,64572.0,10
BNsPUakV5Ss,the only mewing guide you'll ever need to watch,looksmaxxing,False,4426.0,2
VK_s4QjTKZI,Thumbpulling Is Mewing 2.0 (Ft. Dr Mike Mew),looksmaxxing,False,339633.0,-1
mYYKM7K2j7c,Ultimate JAWLINE Guide : How to change your face PERMANENTLY (HINDI),looksmaxxing,False,2420438.0,2
fbztly59oEc,Dr. Mike Mew Reacts to Viral Mewing Transformations,looksmaxxing,False,268946.0,2
fBfFQ7oJ1z0,#Mewing #tutorial #antiaging #faceexercise #over40skincare #massage #desi #facemassage #faceposture,looksmaxxing,False,910.0,1
_b6SSD6EzmE,Thumbpulling + Mewing Guide (Ft. Dr Mike Mew),looksmaxxing,False,389713.0,-1
T-4RVp3dwXg,Jawline exercise at home#shorts #trending #ytshorts#motivation #viralvideo #facecleanup #jawline#gym,looksmaxxing,False,5077036.0,2
Ov9OkAJauCc,Can Mewing Change the Shape of Your Face? FACT or CAP? #shorts #mewing,looksmaxxing,False,1320196.0,2
2ya_hfOYKwM,REAL MEWING TUTORIAL FULL TECHNIQUE!,looksmaxxing,False,26204.0,2
VBSVYv-66WY,SOFT MEWING full guide step by step #mewing,looksmaxxing,False,2468.0,2
hjXVsgwgQq4,Mewing Technique In Hindi | How To Mewing Step By Step #mewing,looksmaxxing,False,819518.0,2
dSAV1LwErwM,How to Perfect Suction Mewing: Step-by-Step Guide,looksmaxxing,False,4921.0,2
4_SsBmRciUg,Real Mewing Tutorial Step by Step 🤫🧏🏻‍♂️💀 #real #mewing #tutorial #stepbystep #shorts #xskamol,looksmaxxing,False,30376.0,2
lIRqcJSYPH0,Real Mewing Tutorial 🤫🧏🏻‍♂️💀 #real #mewing #tutorial #jawline #stepbystep #viral #shorts,looksmaxxing,False,32843.0,2
k145Yi0s7bw,REAL MEWING! #mewing #tutorial #shelove,looksmaxxing,False,5088638.0,2
DAlS0pZlJls,How to Mewing correctly Malayalam| improve jawline 🧏🔥 Hiltapmedia,looksmaxxing,False,109048.0,2
aW6LqzS6C8M,The Biggest Mewing Mistake,looksmaxxing,False,724523.0,2
9a-UweLxLQY,Real Natural Mewing Tutorial🤫🧏🏻‍♂️💀#real #natural #mewing #tutorial #jawline #mog #viral #shorts,looksmaxxing,False,7038.0,2
JKCIvrgcfA4,REAL MEWING TUTORIAL💀🧏🏻‍♂️🤫#real #mewing #tutorial #jawline #shelove,looksmaxxing,False,158278.0,2
pUN6qL68PgM,Real Mewing Tutorial🤫🧏🏻‍♂️💀#real #mewing #tutorial #stepbystep #tips #shelove,looksmaxxing,False,2646943.0,2
fNJ1JfvCQLA,Soft Mewing Step by step in Hindi #mewing,looksmaxxing,False,2179282.0,2
BMHv9J-lG1w,MEWING IS MAKING YOU UGLIER (here’s why),looksmaxxing,False,202122.0,-1
_n2UkKXBS3k,BYE-BYE🧏‍♂️🤫 MEWING GOD Jim Carrey Tutorial,looksmaxxing,False,895908.0,2
BGwq2empnb4,Interoral Face Pushing Tutorial #looksmaxxing #mewing,looksmaxxing,False,27655.0,-1
-OmieONLy84,TOP 3 MEWING MISTAKES🤫🧏🏻‍♂️💀#mewing #shelove #top #mistakes #tutorial,looksmaxxing,False,278025.0,2
7Hq40cNnndQ,How to swallow while Mewing ? |MOG everyone series part 47/90 #shorts #mewing #fitness #fyp #short,looksmaxxing,False,85204.0,2
HqtjlM3birc,How To Create Proper Tongue Posture With Mewing,looksmaxxing,False,338883.0,2
nGYzhyRbmJA,Mewing Tutorial #shorts,looksmaxxing,False,1464.0,2
EJWYAfnZ4R0,BYE-BYE🧏‍♂️🤫 Jim Carrey Mewing Tutorial,looksmaxxing,False,261143.0,2
1z6LE0GmbvM,easy MALE natural MEWING TUTORIAL💀🤫🧏🏻#easy #male #natural #mewing #tutorial #shelove,looksmaxxing,False,9823814.0,-1
dfEtqdYL0dY,EASY GLOW UP TUTORIAL💀#easy #glowup #tutorial #mewing #jawline #shelove,looksmaxxing,False,12933541.0,-1
09YfRCUXS9E,How to do mewing (in hindi) || how to mew for beginners || how to do mewing correctly,looksmaxxing,False,2256918.0,2
buOkjb-rRO0,how to mewing correctly and see results [full guide],looksmaxxing,False,32736.0,-1
31kMruC9RHI,Mewing The Right Way | Does Mewing Work? | Mewing Tutorial,looksmaxxing,False,9005.0,2
6egv6oZZ87Q,Mewing tutorial #mewing #tutorial #glowup #menstyle ##facemask #jawline #facial,looksmaxxing,False,5927.0,1
DcAvdLEscKs,Real Mewing Tutorial🤫🧏🏻‍♂️💀#real #mewing #tutorial #stepbystep #shelove,looksmaxxing,False,559238.0,2
_VJdAqaX_po,That’s one friend:💀🧏🏻‍♂️#friends #friendship #mewing #shelove #tutorial,looksmaxxing,False,1788389.0,-1
9F2mhx3K2k4,I Tried Mewing Gum…,looksmaxxing,False,42179250.0,-1
tzu00VSwe8E,MEWING EXERCISES | Beginners,looksmaxxing,False,5496.0,10
UTIbdZ4dveo,Real Mewing Tutorial🤫🧏🏻💀#tutorial #real #mewing #stepbystep #shelove,looksmaxxing,False,108304.0,2
UTBmyNoVtJs,REAL MEWING TUTORIAL OUTSIDE 💀#real #mewing #tutorial #outside #shelove,looksmaxxing,False,348774.0,2
SY7Aaz4T20A,Real Mewing Tutorial🤫🧏🏻‍♂️💀#real #mewing #tutorial #stepbystep #facetransformation #shelove,looksmaxxing,False,70189.0,2
NBBG0a0OO1k,iShowSpeed Learn Mewing... 😂,looksmaxxing,False,21115248.0,2
PLfmrb8Wtlw,REAL MEWING TUTORIAL🤫🧏🏻‍♂️💀!#real #mewing #jawline #tutorial #stepbystep #shelove,looksmaxxing,False,893367.0,2
EqNNCNiBgjI,What Is Mewing & Does It ACTUALLY Work ?!,looksmaxxing,False,317375.0,2
ptt1_RIBNKI,How to mew properly | Tongue posture explained,looksmaxxing,False,37081.0,2
sHbAJi9ytHU,STRAM: my personal mewing technique,looksmaxxing,False,53015.0,2
lwV6MTNkBtU,Fixing All Mewing MISTAKES (the complete guide),looksmaxxing,False,24189.0,2
m_KRdkNplgM,STAY NATURAL MEWING💀🧏🏻🤫#stay #natural #mewing #tutorial #shelove,looksmaxxing,False,49369271.0,2
QFUmBDczUtA,Lesson 6 : The suction hold || Mewing Beginner Guide,looksmaxxing,False,3075.0,2
4lrKN2U9cig,SHELOVE EXTREMELY HARD MEWING TUTORIAL!,looksmaxxing,False,60444.0,0
FC75nlOL43o,How to swallow correctly #glowup #jawline #mewing #orthotropics,looksmaxxing,False,135721.0,2
qmu_K69qxd0,TUTORIAL NATURAL MEWING💀#tutorial #natural #mewing #naturalbeauty #shelove,looksmaxxing,False,1838553.0,-1
6A8NPmWyHvM,Mewing Step by Step In Hindi Mewing Exercise,looksmaxxing,False,126061.0,2
E95EIp9G4mo,Becoming A Man.,manosphere/ideologia,False,1362941.0,-1
i8D9gZSTtqI,IT'S TIME TO BECOME A MAN - Best Motivational Speech | Matthew McConaughey,manosphere/ideologia,False,304537.0,0
QkCa--fyGjA,You vs You.,manosphere/ideologia,False,9323964.0,0
oJAUD9_AKOI,The mindset a man can reach and yet you.... #mindset #davidgoggins #motivation #trending #shorts,manosphere/ideologia,False,7846232.0,-1
RceuXWF8APo,girl's mentality vs men's mentality 💁‍♂️💁‍♀️(+4M),manosphere/ideologia,False,4545351.0,5
H_ySUusbWWo,Men Now VS Then 🥶 #masculinity #motivation #discipline #mindset,manosphere/ideologia,False,8843096.0,-1
G1hqsr5mkzA,The Mindset Doctor: The Secret Man Behind The World's Top Performers | Professor Steve Peters,manosphere/ideologia,False,1970000.0,-1
WZNfKCWslIk,5 Secret Mindsets of Men Who Never Chase Women,manosphere/ideologia,False,839917.0,0
YIstArpXdAQ,Be That Guy.,manosphere/ideologia,False,8186287.0,0
TLKxdTmk-zc,The Most Eye Opening 10 Minutes Of Your Life | David Goggins,manosphere/ideologia,False,23829036.0,-1
miY6S9KGB8g,10 Habits That Separate Weak Men from Strong Men,manosphere/ideologia,False,902997.0,-1
BsblgcBB17A,You're Lazy ♠️ #motivation #davidgoggins #mindset #motivationalquotes #inspiration #elitemindset,manosphere/ideologia,False,5580051.0,0
ktB1V8YjNbI,BE A MAN. - Best Motivational Speeches,manosphere/ideologia,False,344468.0,0
4xdHnJBkyNw,𝐌𝐀𝐒𝐂𝐔𝐋𝐈𝐍𝐈𝐓𝐘,manosphere/ideologia,False,1194102.0,-1
92z27GM0BnE,How to BE A MAN: essential and performative masculinity,manosphere/ideologia,False,1806909.0,-1
KmIKXVCgYQc,Be A Man,manosphere/ideologia,False,1012854.0,-1
AJ1-WE1B2Ss,YOU OWE IT TO YOU IN 2026 - Best Motivational Speech | Matthew McConaughey,manosphere/ideologia,False,2810553.0,0
b_nfAmDjScg,Where are the masculine men? #masculinity #mindset #partner #dating #love,manosphere/ideologia,False,6601775.0,-1
_TLOcqhtLBc,Be A Dangerous Man.,manosphere/ideologia,False,1157219.0,-1
XWxKXpwwvz8,BE THAT MF - Powerful Motivational Speech Video,manosphere/ideologia,False,2438445.0,0
0qVlPcJp7c4,Kill the Boy And Let the Man Be Born. 2.0,manosphere/ideologia,False,1787803.0,-1
DHWEqlG7DI0,"Discipline, Confidence & The Champion’s Mindset - Chris Bumstead (4K)",manosphere/ideologia,True,2116801.0,0
zpC-6zM9cFs,Men After Losing Everything — Bruce Wayne #motivation #rebuild #mindset,manosphere/ideologia,False,3981530.0,5
92g9DbL5twU,The Clearest Sign a Man Is Actually Insecure - Robert Greene,manosphere/ideologia,True,2372329.0,-1
aJCqpJKQ4KI,IT'S TIME TO MAN UP - The Most Powerful Motivational Speech Compilation,manosphere/ideologia,False,211667.0,0
FB1nz0wgMN4,Men Are Weak #motivation #mindset #selfimprovement,manosphere/ideologia,False,378711.0,0
DvvUsAVKbDI,You’re Too Comfortable — Kill Your Laziness | Mindset That Creates Winners - Andrew Tate Motivation,manosphere/ideologia,False,218475.0,-1
dRVXSwBnoak,Become Dangerously Focused — The General's Mindset for Men Who Refuse to Lose | Machiavelli's Rules,manosphere/ideologia,False,406429.0,-1
vc5uG32pT_8,7 Savage Lessons That Turn Broken Men Into Unstoppable Kings | Machiavelli's Hidden Laws,manosphere/ideologia,False,433376.0,-1
L4jfQlbIdNU,Men Respond Differently to Women With This Mindset,manosphere/ideologia,False,322137.0,0
Bxzpki_btdw,Unlock Your Potential: Andrew Tate's Guide to a Winning Mindset!,manosphere/ideologia,False,961603.0,0
WnsPVRU9Ud4,TIME TO MAN UP!,manosphere/ideologia,False,1274738.0,0
EQ8kTqvOJR8,Be a man,manosphere/ideologia,False,2493224.0,-1
yRHCjKPHqLA,The Moment That Brought a Grown Man to Tears💔🥺,manosphere/ideologia,False,33886306.0,0
v4Z2Zvy_ewY,“The Man’s Happiness Means Nothing” | Charleston White,manosphere/ideologia,False,1800493.0,-1
4eNow-VJR1I,Scarcity Mindset 99% of MEN have with dating and women,manosphere/ideologia,False,27379.0,-1
c0ew5HmgPJo,from boyhood to manhood: the mindset that changed everything,manosphere/ideologia,False,532791.0,-1
51m2lxnjR2M,A Nice Guy Vs A Good Man | Matthew McConaughey #motivation #mindset,manosphere/ideologia,False,155575.0,5
qOJOTd9QkCE,Men when it comes to Ego 🔥 #wealthmindset #successmindset,manosphere/ideologia,False,3826649.0,-1
w0mLFLgs7bw,Train to Win vs. Train to Dominate: The Mindset of Elite Athletes,manosphere/ideologia,False,368240.0,0
H5XpcvfCP9g,The Toughest Man On The Planet: David Goggins,manosphere/ideologia,False,12285961.0,0
hfePd0-8KCM,The Stoic Mindset- Jordan Peterson #jordanpeterson #canadianpsychologist,manosphere/ideologia,False,1874009.0,-1
Y17LKrnTpsY,Bro met the toughest man alive 🥶🙌 #davidgoggins #motivation #stayfocused #mindset #fyp,manosphere/ideologia,False,653163.0,0
o9bk0PCayVA,Turn From A Boy To A Man🗿 #sigmarules #menquote,manosphere/ideologia,False,3782335.0,0
7nOCjzYtzwY,David Goggins' mindset in a few sentences | Quotes | Mindset,manosphere/ideologia,False,11193495.0,-1
bS0WwcHI7QY,Ego Over Pain: The Unseen Giant #motivation #Mindset #2025goals,manosphere/ideologia,False,9314589.0,0
shFrNOmuxAg,Men's Are Simple ❤ #mentality #corecore #cheating #relationship,manosphere/ideologia,False,15845149.0,-1
nQvye9RISkQ,3 Essences of an Attractive Man | Chris Williamson,manosphere/ideologia,False,1782955.0,-1
Pg-XjnaXvu8,Stay disciplined‼️Credit: Creed #discipline #mindset,manosphere/ideologia,False,7370051.0,5
_8N5gqIiljI,Woman Motivation Vs Men Motivation (David Goggins) #motivation #mindset #davidgoggins #winterarc,manosphere/ideologia,False,66201.0,0
Mk1hdqQG07k,Elon Musk: 100 Hours or Be Average #motivation #inspiration #mindset #quotes #success #facts #shorts,manosphere/ideologia,False,924829.0,-1
iB_YzkciC8A,Become Sigma Male 🗿 #motivation #inspiration #shorts,manosphere/ideologia,False,771308.0,5
WJQvScHw1uA,The Mindset Shift That Transforms Average Men into High Value Men,manosphere/ideologia,False,3148.0,-1
lZyY_l6TRzY,Sad but reality 🙃‼️#motivation #quotes #men #sad #success #mindset #enterpreneur #shorts,manosphere/ideologia,False,43374.0,0
H-hiS90iLrc,Men Need Tough Love 💯🤔#viral #trending #mindset #love #mindset #podcast #truth #society #culture e,manosphere/ideologia,False,17612.0,5
Dsj5gtOU4m8,"If They Can, What's Holding You Back? #inspireme #mindsetboost #bebetter #shorts",manosphere/ideologia,False,951978.0,-1
9zIEKjUlj_k,Do women need men? #mindset #love #dating #partner,manosphere/ideologia,False,50290.0,5
teztXa3EGNY,"Men, Rediscover Your True Purpose 🙌 #shorts #mindset #growth",manosphere/ideologia,False,54810.0,-1
THX5n6QvhWU,When It Comes To Men Ego 🗿 | #motivation #ego #mindset #success #men #edit,manosphere/ideologia,False,102531.0,-1
udYRlvmY9ak,How men operate. #motivation #mindset #hopecore,manosphere/ideologia,False,26187.0,5
TYYseEeiWuM,Men’s mental health awareness. Check in on your loved ones. #mentalhealth #fyp #share #story,manosphere/ideologia,False,1230797.0,5
a4UIZNvZebQ,Men Love Women For Real | Myron Gaines,manosphere/ideologia,False,1564669.0,5
lyMB8kyqE5E,The BIGGEST Mindset Shift Men Need To Make Right Now,manosphere/ideologia,False,196054.0,-1
JRdRYQ-iAU4,GOOD Times Create WEAK Men - Motivational Speech,manosphere/ideologia,False,905343.0,5
ZyM9yoEO1Mg,The Silent Struggles Of Men | Dry Creek Dewayne #motivation #mindset #mentalhealth,manosphere/ideologia,False,2572203.0,5
NrZyKcRhqVM,THE BILLIONAIRE MINDSET - Motivational Speech #motivation #richmentality #mindset,manosphere/ideologia,False,393417.0,5
KAHZpQqrGkA,6 Signs Of A Weak Man. #stoicism #selfimprovement #stoicgrowth #personalgrowth,manosphere/ideologia,False,1150597.0,-1
zwtYQVC5jvs,I BROKE MYSELF TO REBUILD MYSELF - Powerful Motivational Speech Video,manosphere/ideologia,False,229541.0,-1
wPKQkol3gJA,DOOR TO DOOR KILLER MINDSET // ANDY ELLIOTT //,manosphere/ideologia,False,678650.0,0
yNDxkTXN-rU,THE FYP YOU NEED☠️#discipline #motivation #success #mindset #quotes #consistency #fyp #reels #shorts,manosphere/ideologia,False,5115.0,5
sVQtkc7P0mo,Be a better man! #relationship #reality #love,manosphere/ideologia,False,3293851.0,-1
DohEASOi1CI,The Most Dangerous People In Society Are Lazy Ambitious People: Patrick Bet David,manosphere/ideologia,False,40179378.0,0
QT-O1Z9-xOA,The Alpha Male Mindset,manosphere/ideologia,False,305512.0,7
gr4_9IcLGW8,How to Develop an abundance mindset,manosphere/ideologia,False,206827.0,7
GGPDAbcx6Lc,Rich people's mindset...| FT. Prakhar Gupta | Think Bold | #motivation #inspiration #thinkbold,manosphere/ideologia,False,8035782.0,5
2wQW4JU9fms,Obsessed Ego #motivation #mindset #selfimprovement,manosphere/ideologia,False,2196623.0,0
2CCn_kxj8n8,Competence of Masculinity | JORDAN PETERSON,manosphere/ideologia,False,1432534.0,-1
tqMgjiYn2mE,Mindset 📈🤑🔥| Iman Gadzhi Motivational Quotes Status | #motivation #imangadzhi #billionaire #viral,manosphere/ideologia,False,1278789.0,0
CtgJFInUIV4,Men mindset vs Boy mindset ✨,manosphere/ideologia,False,9907.0,5
xZZ0H5wxYdM,Boys vs Men! #oldmoneyoutfits #oldmoneyaesthetic #ootdguide #oldmoney,manosphere/ideologia,False,14774081.0,1
7fLqPBK_Z9o,What Is Some Good Advice?,manosphere/ideologia,False,29752940.0,0
usnDYQpp2f8,Things men learn too late in life. #perspective #stoicism #mindset #mentality #men,manosphere/ideologia,False,6191.0,5
eTcrS55Ud9I,All Men Want The Same Thing | Layah Heilpern #motivation #men #masculinity #dating #relationships,manosphere/ideologia,False,5622953.0,-1
GWt-C_41c-c,men's mentality🎯 #motivation #mindset #testosterone #300,manosphere/ideologia,False,7398.0,-1
_bRtv2ai7z0,When a boy becomes a man 😎 #motivation #shorts #sigma #fyp,manosphere/ideologia,False,14916843.0,0
EdEEkqmBzdM,5 Ways To Be More Masculine #shorts,manosphere/ideologia,False,396191.0,0
rLDyhK9_SyM,Bane Quotes | Why Do Some Men Never Give Up?,manosphere/ideologia,False,837852.0,-1
wp317UhjENE,Hidden Truths About Men's Minds🧠🌟 #mensmindset #shorts #mindset,manosphere/ideologia,False,1018.0,-1
-nMxwlqdl7I,David Goggins Mindset- Hard truths,manosphere/ideologia,False,1043849.0,0
c0pi9iRnr04,"Men’s Ego Hits Different 🗿 | She Expected Attention, But He Ignored Her #mindset#motivation#ego",manosphere/ideologia,False,424094.0,-1
6XF4zHWZoIY,WARRIOR MINDSET - David Goggins Motivational Speech,manosphere/ideologia,False,281556.0,-1
AO3vWcMQu_0,Rules to be successful 📈#success #successmotivation #mindset #boxing,manosphere/ideologia,False,4862783.0,5
f-PcC08yvs0,The Hard Truth Of Men’s Mental Health,manosphere/ideologia,False,757987.0,0
yV4wNhYbZQ8,A Man’s Ego Hits Different 💀🔥 #mindset #selfimprovement#motivation #discipline #mindsetmatters,manosphere/ideologia,False,2230162.0,-1
y4uyU930ucI,thinking of Men & Women 🔰 || ft. RajShamani,manosphere/ideologia,False,6653973.0,5
Mwm0nFA4OaA,They Think Men Are Easy To Replace… 💀 #mindset #selfimprovement #motivation#discipline,manosphere/ideologia,False,1100589.0,-1
gMkEEgcacbw,The Psychology of The Man Child,manosphere/ideologia,False,834025.0,-1
4ycd7f29MUM,Men Don't Panic 😎 #motivation #motivationalquotes #mindset #mindsetmatters,manosphere/ideologia,False,6607931.0,-1
vu-uI4jB0Vs,Never Hurt Men Ego 🔱 #motivation #becomeabetteryou #success #ego #believeinyourself #viral #sigma,manosphere/ideologia,False,968526.0,-1
ahPTrE0drGw,Boy 🤡 vs Men 🗿 on relationships ( Which one are you ) ? | Kuldeep Singhaniaa #shorts,manosphere/ideologia,False,4833519.0,-1
dC-52L6nLkY,The 5 AM Mindset.,manosphere/ideologia,False,1841636.0,-1
a5mjA4DHaP0,Boring Men Are Invisible: One Mindset Shift Fixes This,manosphere/ideologia,False,3428.0,-1
-xIjoOQ6am8,Call a bro #mindset #selfimprovement #men,manosphere/ideologia,False,494.0,5
88EfKBdep4M,Girls Motivation VS Men Motivation,manosphere/ideologia,False,2610871.0,-1
fIIJxPTDoTU,Conor McGregor - Mindset of a Champion | Motivation to Win in life,manosphere/ideologia,False,631423.0,-1
ZPB20cbc5B4,Monk: This Society is Too Weak..😳,manosphere/ideologia,False,7326082.0,0
COvASzU-e6M,I WILL NEVER QUIT 💥 NAVY SEAL MINDSET #motivation #mindset #masculinity #men #muscle #money #male,manosphere/ideologia,False,224.0,-1
tSo1ICk2pZc,DATING HELP FOR MEN QUESTIONS AND ANSWERS LIVE,manosphere/ideologia,False,3368.0,0
8DeixbgNzug,HOW TO BE MORE MASCULINE,manosphere/ideologia,False,192925.0,5
yMo621v3mK8,men what he can reach🗿#men #alpha #sigma #Relatable #Shorts #Trending #FYP #WatchThis,manosphere/ideologia,False,38251.0,-1
r6aMJOORanQ,How to be mentally tough 🧠⚔️💪🏼 #motivation #mindset #quotes,manosphere/ideologia,False,1760307.0,5
i4D_3IF35C0,Discipline and consistency is the key! #mindset #discipline #motivation #goggins,manosphere/ideologia,False,11136909.0,5
lIe903nkhXo,EVERYTHING You Need To Know About SIGMA MALES | Sigma Male Mindset And Lifestyle,manosphere/ideologia,True,207126.0,0
cQFPr4ZeAyw,“Thomas Shelby Mindset: 3 Habits That Make You Unstoppable ⚡”,manosphere/ideologia,False,1892015.0,0
2WhD5PK99N0,David Goggins Mentality😈,manosphere/ideologia,False,9429724.0,-1
XGrLYf5nzZ8,This speech by Khabib will change your mindset.👑,manosphere/ideologia,False,8946674.0,0
V-5UixCjwE8,She Feels Your Standard Before She Hears It (This Is What Attracts Her),manosphere/ideologia,False,4361.0,-1
mwGTWUSvGnc,MAN BECOME POWERFUL…/sigma rule/motivation #shorts #sigmarule #quotes #billionaire #sigmastatus,manosphere/ideologia,False,10811167.0,-1
clKEmJHsqtg,Only Few Men Will Understand This Success Mindset Men Psychology|#success #psychology #Men #Focus,manosphere/ideologia,False,16994.0,5
TR1EwjrUL1s,"""You Can't Break a MAN.. 🗿"" - ""Men's Mentality"" Edit | MONTAGEM KURO (Slowed)",manosphere/ideologia,False,867367.0,-1
QqJVIhIxk8Y,The 40% Rule. #goggins #discipline #realist #stoic #mindset #success #mentalstrength #40percentrule,manosphere/ideologia,False,45046.0,5
KbwWGUVXYS0,Billionaire's Winning Mindset | Mukesh Ambani,manosphere/ideologia,True,5057009.0,0
_7XPxaV7zD0,Every man's goal | #motivation #success #mindset #bugatti #rich #luxury #phonk#trendingshorts #fyp |,manosphere/ideologia,False,5854785.0,5
G0YHiG792P4,The Only 2 Rules You Need to Master Your Love Life,manosphere/ideologia,False,2463.0,0
X4ILx3a78KA,RULES FOR MEN #lifelessons #motivation #mindset,manosphere/ideologia,False,2166.0,5
cTNN20f4-VE,3 life lessons from Legend Tony stark/ Iron Man. #shorts #mindset,manosphere/ideologia,False,332308.0,-1
ULNC6pBGAyQ,Wait for the money.🔥#mindset #selfimprovement#motivation #discipline,manosphere/ideologia,False,3504023.0,0
n8VIMi-qHwg,Top 5 books on masculinity,manosphere/ideologia,False,36015.0,0
2ylPWOnxj44,Exposing the MENTALITY of Indian MEN 🤡,manosphere/ideologia,False,620645.0,-1
lN1t751Qdfs,Be Delusional 🌠 #motivation #success #mindset,manosphere/ideologia,False,2239283.0,5
VsjkDDDFzQw,"The Toughest Man on Earth 🔥 Discipline & Consistency Unleashed 💪 #HimeeshMadan #DavidGoggins""",manosphere/ideologia,False,3423210.0,-1
33TY85ngV9Y,"Good men taken for granted, Bad ones stay on her mind:",manosphere/ideologia,False,268432.0,5
T_5E0UPkyq8,How Fast A Man Turn Nonchalant #mentality #corecore #cheating #relationship,manosphere/ideologia,False,269091.0,-1
ukMzwAClMYQ,Richest man rich mindset 💎- sub for more 🔥 #motivation #millionairevibes #luxurycars #million,manosphere/ideologia,False,1888.0,0
r7JQ5m2mMmU,Success Means Nothing Without A Good Heart 💯 | PM Narendra Modi | Nikhil Kamath,manosphere/ideologia,False,27516.0,-1
kli1vVYEBog,ALPHA MALE - Subliminal Subconscious Programming (Mindset & Pheromones),manosphere/ideologia,False,213603.0,0
HLwr-zV5erE,What Is Your Dream Life?📈#entrepreneur #motivation #millionaire #mindset #success #shorts,manosphere/ideologia,False,1428992.0,0
n4ASWjdnmYU,Dark psychology facts about men & women 🧠🔥 #psychologyfacts #mindset #shorts Secrets of human psyc.,manosphere/ideologia,False,110275.0,-1
Y--aT-Y_rno,The Mindset That Transforms Ordinary Men Into Unstoppable Men | Machiavelli,manosphere/ideologia,False,38.0,-1
EnHOFQP_fi8,Beware the Men Who Sell guys a Fake Version of Manhood,manosphere/ideologia,True,2120.0,-1
fWVDMOL2ICk,FOCUS ON YOURSELF AND STAY SILENT IN 2026 - Powerful Motivational Speech | Dry Creek Dewayne,manosphere/ideologia,False,518212.0,0
Ejqd7MhklXk,"Women or Men, who has a harder life? #shorts",manosphere/ideologia,False,2420753.0,1
DQ1hyMCkSUE,"""Mindset Of David Goggins Type Humans"" #mindset #discipline #motivation #shorts #trendingshorts",manosphere/ideologia,False,433287.0,5
94bKh5UoLpg,Enjoy it while it lasts #mindset #fun #men,manosphere/ideologia,False,14530.0,5
0AgDmguLlqE,5 AM MINDSET - Powerful Motivational Speech | David Goggins,manosphere/ideologia,False,488009.0,-1
tROecTbsyEU,Most Men Wake Up Losing (They Don’t Even Know It),manosphere/ideologia,True,5965.0,-1
JityuRfGH0o,Don't try and make someone fall for you if you're not going to be there to catch them when they,manosphere/ideologia,False,13917.0,0
rNk5sWHa8Do,5 Things Men Do That Make Women Instantly Dismiss Them (Most Men Have No Idea),manosphere/ideologia,False,2769.0,0
oGvmuKRMDaA,A Real Man's Purpose - Dry Creek Wrangler School,manosphere/ideologia,False,3980330.0,-1
VFSapVO015Y,They Paid $12 For… Hose Water😨#motivation #mindset #viral,manosphere/ideologia,True,22475.0,0
VSceuiPBpxY,THE MINDSET OF A WINNER | Kobe Bryant Champions Advice,manosphere/ideologia,False,20474187.0,0
bgNybhfPOss,definition of real man 💯 #rajshamani #motivation #successmindset,manosphere/ideologia,False,7150784.0,5
R2b_pXpPxB4,Believe in Yourself and Embrace the Journey | Ricky Turcios’ Winning Mindset,manosphere/ideologia,False,186467.0,-1
r95UbJ40jBo,Mindset Of Indians 💩❤️‍🩹 (not every indian) | #india #edit #maharashtranews,manosphere/ideologia,False,70643.0,0
c_hvAfUaLiA,EVERY MAN WANTS THIS PROBLEM 💀 #mindset #selfimprovement #motivation #discipline,manosphere/ideologia,False,1484788.0,-1
xi2TNuGzMKc,Ugly Nerd to Jacked Stud: Jon Sonmez Bulldog Mindset - Men are Talking - Episode 12,manosphere/ideologia,False,6403.0,-1
woAZ8YSQYaE,BE A MAN.,manosphere/ideologia,False,943486.0,-1
DfLu1z6e79Q,Think again...📈💰 #motivation #inspiration #success #quotes #billionaire #millionaire #mindset #money,manosphere/ideologia,False,739682.0,5
JSFqxCsUwos,The choice is yours #animemotivation #discipline #selfimprovement #stoicism #mindset #motivation,manosphere/ideologia,False,6556972.0,5
rP_FMYccxmU,🗿 They Thinks They Can Live Without Men... Until This Happens 💀#Mindsetmatters #motivationalquotes,manosphere/ideologia,False,162997.0,-1
Ji7QdjNL9qQ,POV: Men's Aura🗿#mindset #selfimprovement #motivation #discipline,manosphere/ideologia,False,415547.0,0
Z13Mw4t6rDw,Tate MELTS DOWN as Legal Team DESTROYED ON LIVE TV,manosphere/ideologia,False,8417.0,0
sPVeEfsUqUo,Andrew Tate is FINISHED this has gone too far this is insane,manosphere/ideologia,False,28720.0,12
sgNZsmyDNvo,Andrew Tate Just THREATENED Trump's Presidency…,manosphere/ideologia,False,82135.0,0
YOFw7FhIATM,"""Andrew Tate repeatedly has said there's no victims. Well, I'm here to say there are.""",manosphere/ideologia,False,7467.0,0
9QK-LTou25c,(NEW!) Andrew Tate's Emergency Interview Before Miami Arrest | Jack Neel Podcast,manosphere/ideologia,True,2504501.0,-1
m0VNsSoXoik,Andrew Tate's Top G Lie Got Exposed,manosphere/ideologia,False,15722.0,0
8mXGYaaGL5A,🚨 Tate JUST GOT TERRIBLE NEWS…,manosphere/ideologia,False,45851.0,0
PnHcbdnBgRs,"IT'S TIME TO RESET, RESTART, AND REFOCUS - Andrew Tate Motivation | Motivational Speech",manosphere/ideologia,False,41084.0,0
9dBXr_N1ycE,"Andrew Tate new insane MELTDOWN, worst one yet...",manosphere/ideologia,False,44859.0,12
eG9sIcxwo6U,Joe Rogan Shares A Crazy Story With Andrew Tate...,manosphere/ideologia,False,40097.0,-1
152wOddjWW8,Andrew Tate Has a TOTAL MELTDOWN in Jail... It's HILARIOUS,manosphere/ideologia,False,37326.0,0
aKkVFAKnYPQ,The Andrew Tate Files Are Really Bad,manosphere/ideologia,False,5240996.0,-1
qMkEsQ9F35k,"NO EXCUSES, GET IT DONE - Andrew Tate Motivation | Motivational Speech",manosphere/ideologia,False,44467.0,0
s9szVXE1gyw,Andrew Tate new charges? Lawyer CRASHING OUT bad right now,manosphere/ideologia,False,25130.0,12
k5QrCCt0O0g,Andrew Tate Shares His Last Words to His Fans,manosphere/ideologia,False,567500.0,6
dPofNfMMN40,Andrew Tate NetWorth 😳💰(2025) #andrewtate #network #viral #shorts,manosphere/ideologia,False,1930048.0,-1
s_sxoUqFzBQ,EXCLUSIVE: Andrew Tate And Tristan Tate's Lawyers Sit Down With Piers Morgan Over UK Charges,manosphere/ideologia,False,5209.0,0
eMGEDmvWtHU,Tate Just F*cked His Own Brother,manosphere/ideologia,False,90103.0,0
3D-12wp38ek,The end of Andrew Tate?,manosphere/ideologia,False,2600.0,6
tG120xbYZlQ,Andrew Tates UK lawyers reveal bombshell information,manosphere/ideologia,False,34726.0,12
5d9IZSY-NP8,Andrew Tate Is One Step From Life In Prison,manosphere/ideologia,False,218445.0,0
WxZiPZsvChM,Andrew Tate Told Jack Neel Something Was Coming... Then It Got MUCH Worse,manosphere/ideologia,True,226.0,0
3xOF9O8SSHw,Andrew Tate opens up about crying after being released from jail,manosphere/ideologia,False,5886887.0,0
Xj9UH5ryHcs,Andrew Tate is having a hard time in prison,manosphere/ideologia,False,47916.0,0
VUJtorZV818,Andrew Tate MELTDOWN over bail denial just exposed himself...,manosphere/ideologia,False,39641.0,12
rXIOKOUzI8M,How Andrew Tate Buys From The Apple Store,manosphere/ideologia,False,1036883.0,6
0I_QK0c6MG4,Andrew Tate: The Warning Signs Nobody Saw | Psychological Analysis,manosphere/ideologia,False,997618.0,0
uZ1r7bJl1rk,Andrew Tate is Cooked,manosphere/ideologia,False,517580.0,0
82DOqoR9WcY,ANDREW TATE STOLE HIS GIRLFRIEND 😳,manosphere/ideologia,False,580938.0,0
sYj0exUT_Mw,Andrew Tate vs Therapist (Round 2),manosphere/ideologia,False,10455295.0,-1
dhCGVGPU9AM,Bonnie Blue and Andrew Tate Podcast... the biggest linkup in 2025 #bonnieblue #andrewtate,manosphere/ideologia,False,149813.0,-1
LFJAHZlizAg,THE 1% MINDSET - Andrew Tate Motivation | Motivational Speech,manosphere/ideologia,False,73842.0,0
t3XDMQXpNJY,Andrew tate advices fan,manosphere/ideologia,False,8187454.0,-1
8ZTBAUHjGtk,Andrew Tate’s Lawyers Face Piers Morgan Uncensored | Holborn Adams Solicitors,manosphere/ideologia,False,104170.0,0
kOYFYn2ElBE,Confessions of A Former Andrew Tate Fan,manosphere/ideologia,False,22773.0,0
CQqPz1YesmI,Andrew Tate Smoking A Cigar,manosphere/ideologia,False,1113681.0,6
9JloxvkO7aA,Andrew Tate back in Dubai with his Iconic Bugatti!,manosphere/ideologia,False,1935386.0,6
Yoi6btnzego,ANDREW TATE'S LEGENDARY RIZZ 🥶,manosphere/ideologia,False,5744365.0,0
VQEUhEiTUcQ,Tate Brothers: Not in Solitary. Not Starving. Not Getting Out.,manosphere/ideologia,False,142052.0,0
3d8xWy3q67s,He can't believe they did it to him... | Andrew Tate,manosphere/ideologia,False,99395.0,0
_1PYNqHUh9o,Andrew Tate JAIL Humiliation LEAKS,manosphere/ideologia,True,668866.0,0
1_OKHUNAR8c,Andrew Tate's Life Is Falling Apart,manosphere/ideologia,False,534705.0,0
5T7ZHIphco0,Royalty - Andrew Tate (Official Music Video),manosphere/ideologia,False,2221060.0,-1
3R9jbbKcosM,Andrew Tate Is Suing Me — ft. WillyMac,manosphere/ideologia,False,22262.0,0
3JCSB2bChfc,"“HE’S A S*** FIGHTER” HS TIKKYTOKKY ON ANDREW TATE, KSI, GENERAL G VS LIKKLEMAN",manosphere/ideologia,False,25672.0,-1
YjZaLqC9_z8,Andrew Tate x Jack Neel Podcast (2026 Interview),manosphere/ideologia,False,2188508.0,0
aWw2S6CSxc0,Trump Just Called Andrew Tate's BIG BLUFF…,manosphere/ideologia,False,72119.0,0
Mhh2kJO7Wfk,Andrew Tate's Lawyer Interviewed by Piers Morgan – LIVE REACTION,manosphere/ideologia,False,1631.0,0
OicmTPSuM7s,ACT AS IF EVERYTHING WORKS OUT FOR YOU - Andrew Tate Motivation | Motivational Speech,manosphere/ideologia,False,29921.0,0
AuNbVScPPPs,🚨 RUBIO SAVES ANDREW TATE!?,manosphere/ideologia,False,116962.0,0
BvSN6WCBrlc,Andrew Tate to now go to the UK willingly!?,manosphere/ideologia,False,42541.0,12
pCliXwzjmeo,'You're a Racist BIGOT!' Mehdi Hasan vs Nancy Mace | Andrew Tate Lawyers Speak to Piers Morgan,manosphere/ideologia,True,768685.0,0
ir_DIgwZeBQ,Will Andrew Tate be safe in prison since he is a kickboxer ?,manosphere/ideologia,False,91413.0,0
8DXbHexz96c,BREAKING: It’s Over for Andrew Tate,manosphere/ideologia,False,98572.0,0
KBAffd3OVcA,30 Minutes That Will Make You More Disciplined | Andrew Tate,manosphere/ideologia,False,61849.0,0
svThGHMX4Tw,Andrew & Tristan Tate Reached the End of the Algorithm,manosphere/ideologia,False,2469783.0,-1
VGWGcESPltM,Andrew Tate vs Piers Morgan | The Full Interview,manosphere/ideologia,False,16340236.0,-1
4H56KuMv8fk,Andrew Tate And His Team Are Insanely Desperate After He Was Denied Bail.....,manosphere/ideologia,False,55806.0,-1
2nQcV4Gvsjo,What They Don't Tell You About Andrew Tate! – Tommy Robinson,manosphere/ideologia,False,194439.0,0
8n_U8a47iAU,Andrew Tate Cringe...,manosphere/ideologia,False,291592.0,0
BGlLJu-Tj7c,Andrew Tate's Reaction to Custom Muay Thai Shorts,manosphere/ideologia,False,986968.0,6
bCglfptSMdI,It’s over for Andrew Tate…,manosphere/ideologia,False,484262.0,0
JlS5pGG9_GI,Andrew Tate meets BBC Journalist LUCY again - House Arrest Life,manosphere/ideologia,False,71324.0,0
n7_jVgkWiic,Andrew Tate's Last Words With His Brother,manosphere/ideologia,False,1737906.0,6
-vdk9S0W6Xk,"Andrew, Tristan Tate appear in Miami federal court",manosphere/ideologia,False,343760.0,0
X8QX9Av4dBY,Trump Says He Knows ‘Nothing’ About Andrew Tate Returning to US,manosphere/ideologia,False,5672378.0,0
rt1D5lwlHx8,Andrew Tate Was Actually Broke!,manosphere/ideologia,False,245247.0,-1
4degEyoCkXU,The ONLY 30 Minutes of Andrew Tate Mindset You'll EVER Need (NO MUSIC),manosphere/ideologia,False,119643.0,0
UbH_qSWuDbk,The Andrew Tate Interview,manosphere/ideologia,True,1231871.0,-1
zpH0hoVAqPY,Fuentes CRASHES OUT on MAGA for Tate GOING TO PRISON,manosphere/ideologia,False,47884.0,0
7AzEAJ1IqQc,Tate’s Saddest Reaction Was to This OF Star...❤️‍🩹😔,manosphere/ideologia,False,1921348.0,0
nBJDDf7OX-4,Andrew Tate | The Comeback - Motivational Speech Compilation,manosphere/ideologia,False,353992.0,0
Q__InNlZi3A,The Andrew Tate Interview - PART 2 | EP. 48,manosphere/ideologia,False,5866963.0,-1
NfOWwoFuWZ8,Andrew Tate Speaks Up Before Jail | #ABtalks with Andrew Tate | Chapter 250,manosphere/ideologia,False,1550442.0,0
IOEO1QAJjyA,Evolution of Andrew Tate,manosphere/ideologia,False,8746377.0,0
l5KrAoJcZGA,Andrew Tate Talking About Alcohol,manosphere/ideologia,False,1132616.0,0
CpubgLkl6jw,Andrew Tate’s Life is Over As He Knows It,manosphere/ideologia,False,869897.0,-1
p6B59B01Fe4,Andrew Tate FURIOUS Speaks Out In Court,manosphere/ideologia,False,196862.0,0
OhCcYBYBzhI,Tate Just F**CKED HIS LIFE,manosphere/ideologia,False,74728.0,0
TjJwoMhIU-U,Andrew Tate's Most Watched Interview,manosphere/ideologia,False,7586165.0,-1
k2QO_6ou0HA,Andrew Tate is Officially F*cked Now..,manosphere/ideologia,False,85792.0,0
WQRiebgOnes,The allegations against Andrew Tate,manosphere/ideologia,False,194511.0,0
c7YZEYzSrxU,"Andrew Tate POISONED, pooped pants, 2 Court Hearings tomorrow Everything You Need to Know",manosphere/ideologia,False,30682.0,12
bj8Bf1FXwHI,The Algorithm Has Taken Control of You || Andrew Tate,manosphere/ideologia,False,126592.0,0
FBIDp9Ybe0A,Andrew Tate Real Personality,manosphere/ideologia,False,442659.0,-1
BQnRgpgtPWI,Andrew Tate Drops FINAL Bomb on Trump,manosphere/ideologia,False,938907.0,0
TcSfWkD-cUc,HOW TO TALK : Andrew Tate's Guide To Effective Communication,manosphere/ideologia,False,416499.0,-1
2pMsYSR7g78,PART 2: Andrew Tate Talks Palestine and Israel With Piers Morgan | Latest Interview,manosphere/ideologia,False,10160180.0,0
66Vk9z_Jv1Y,GOD IS TRAINING YOU FOR MORE | Andrew Tate Motivational Speech,manosphere/ideologia,False,1388.0,-1
6QycMFu6PL4,Andrew Tate Completely Destroys Piers Morgan,manosphere/ideologia,False,5374336.0,0
x2HulKg66xA,The Incredibly Satisfying Downfall of Andrew Tate,manosphere/ideologia,False,2173714.0,0
f38ESWWUG9A,The Tates Took The Stand… And Blew It,manosphere/ideologia,False,43009.0,0
aQa90CSUbcA,Andrew Tate Shares His Last Message to the World.,manosphere/ideologia,False,2423412.0,0
a6dvd34dAQs,The first rule of success...,manosphere/ideologia,False,93848.0,0
bOIt-y0cCdc,The Andrew Tate Files Are More Unhinged Than We Thought,manosphere/ideologia,False,618064.0,-1
J2RJA6H5_8w,Andrew Tate on Khabib Nurmagomedov!,manosphere/ideologia,False,6747611.0,6
9yD8D_67c6Q,Be That MF - Andrew Tate Motivation | Motivational Speech,manosphere/ideologia,False,49082.0,0
8mjiCo0Fu08,Andrew Tate Gets Sent Away,manosphere/ideologia,True,630804.0,0
HK-3bCn-yjk,Andrew Tate Is Facing Life in Prison... The Machiavellian Mistake That Doomed Him,manosphere/ideologia,False,4361.0,0
yXYadCv1CDI,Breaking : Andrew Tate 12 Terabyte DATA LEAK - Everything You Need to Know,manosphere/ideologia,False,64715.0,12
KNJQRrDRW9s,Andrew Tate is Getting Desperate As He's Thrown Back in Jail,manosphere/ideologia,True,896754.0,0
ONnRxXAh8II,You Have To Carry This Alone.,manosphere/ideologia,False,108535.0,-1
fCOw1MndAdI,Andrew Tate and His Brother Are Going to Jail for a Long Long Time,manosphere/ideologia,False,344576.0,0
nM1s2VZmzrc,Megyn Kelly Recounts Disgusting Past Andrew Tate Comments and Allegations as he Returns to America,manosphere/ideologia,False,64421.0,0
zPBfxkPb0UY,Exposing Andrew Tate 😂,manosphere/ideologia,False,1414129.0,6
WzWLWUSZ0G0,Andrew Tate's WORST NIGHTMARE Just Happened…,manosphere/ideologia,False,80434.0,0
E0AFTmxK5Qs,🎙️ Go biohack yourself with Andrew Tate 🏋️‍♂️,manosphere/ideologia,False,313764.0,0
3w3XgPmHwv4,Did Sneako try to Sleep With Andrew Tate?,manosphere/ideologia,False,418710.0,6
WmtRqTHSIW0,Getting rich is easy...,manosphere/ideologia,False,358673.0,0
5fkAbSfoIFM,Andrew Tate’s Epic $10k Coffee Mug Kick! 🥋☕,manosphere/ideologia,True,99578.0,0
HLWJvqZIyqw,The Most Eye-Opening 21 Minutes Of Your Life | Andrew Tate Motivation,manosphere/ideologia,False,133200.0,0
E6CkSdE6Y5E,"GET ANGRY, GET DISCIPLINED, GET RICH — OR STAY BROKE | Andrew Tate Motivation",manosphere/ideologia,False,427280.0,0
bO7c0QStC5w,Andrew Tate Is Officially F*cked..,manosphere/ideologia,False,78382.0,0
UTr8QibueQY,"DO IT ALONE, BROKE, TIRED & SCARED. JUST DO IT - Andrew Tate Motivation | New Motivational Speech",manosphere/ideologia,False,100195.0,0
Ok3vFKSdfPU,Andrew Tate Sold Millions a Dream. It Was All Fake | The Palki Sharma Show | India Global Review,manosphere/ideologia,False,848185.0,-1
7hQDAozkIXo,Andew Tate Lawyer Could Be KICKED OFF Case — This 42-Page Motion Is Wild,manosphere/ideologia,False,18234.0,12
AQ47wucpVV8,Kill Them With Success — Discipline Creates Winners | Andrew Tate Motivation,manosphere/ideologia,False,574872.0,0
dWfBwZv-bvQ,Suffer or Perish | Andrew Tate Motivational Speech,manosphere/ideologia,False,329566.0,0
81l1Ovhh-Cc,CHOOSE YOUR HARD - Andrew Tate Motivation | Motivational Speech,manosphere/ideologia,False,13896.0,0
LDuHtTfDuYg,EX-CIA Spy Breaks Down Why Andrew Tate REALLY Got Arrested,manosphere/ideologia,False,197571.0,0
y5ABLzFGVZ8,"Andrew Tate: ""I Was A National Security Threat!"" Why They're Still After Me Right Now | Jack Neel",manosphere/ideologia,False,40672.0,0
5B4lOv1832o,ANDREW TATE ADMITS HE DOESNT LIKE FAT PEOPLE ON PODCAST 🤣 | #shorts,manosphere/ideologia,False,122773.0,-1
2lYHfTYORls,Andrew Tate emails LEAK in regards to m!nors this is insane,manosphere/ideologia,False,47693.0,12
vsp69jYlYsg,Your Mom's House Podcast w/ Andrew Tate - Ep.636,manosphere/ideologia,True,7097988.0,-1
KeB1DFppIcE,Bonnie Blue and Andrew Tate Podcast... the biggest linkup in 2025 #bonnieblue #andrewtate,manosphere/ideologia,False,1351819.0,-1
jND6BWUDJEs,Do You Actually Want It?,manosphere/ideologia,False,549252.0,0
prDQuy1QNi8,"Andrew Tate [Edit] 👑 ""Royalty"" 👑 | Top G #motivation",manosphere/ideologia,False,1549678.0,0
Zz7kJJv9GAE,Andrew Tate's Arrest Reveals Something No One's Talking About,manosphere/ideologia,False,55665.0,-1
e4UJE8XbrUs,Exposing Andrew Tate’s Crypto Grift,manosphere/ideologia,True,6332337.0,-1
ufj0MfUJiY0,The Andrew Tate Reckoning Is Here,manosphere/ideologia,True,309603.0,0
yHJGuT-WqPQ,It Just Got EVEN WORSE For Andrew Tate...,manosphere/ideologia,False,57003.0,-1
fR9SBOPrg5Q,Andrew Tate Snitches on Trump,manosphere/ideologia,False,1064753.0,0
rqxGaIfcF9c,Andrew Tate's Arrest Is Way Worse Than You Think,manosphere/ideologia,False,855457.0,0
f0Av_E9s638,Charlie Kirk on Andrew Tate,manosphere/ideologia,False,897291.0,6
jHYOQLf5pMA,Andrew Tate is scared in prison and is being extorted in prison and tortured everyday,manosphere/ideologia,False,103676.0,0
GPFCay6hXso,The TRUTH About Dating Andrew Tate! 🤯,manosphere/ideologia,False,365378.0,-1
dj9jGXZbm7s,You Can’t Live Like This Anymore.,manosphere/ideologia,False,193167.0,0
wIBoUtK8VXI,Sneako on Andrew Tate’s Arrest,manosphere/ideologia,False,904125.0,6
dx5T-c07fxs,Andrew Tate TARGETED in Jail,manosphere/ideologia,True,326506.0,0
QCMwJ39CZ1U,CoffeeZilla Has Ended Andrew Tate.. (Update),manosphere/ideologia,False,41052.0,0
RIOx12m6GYE,Andrew Tate vs Slavic women 😂😂😂#funny #andrewtate #money #funnyvideo,manosphere/ideologia,False,48941.0,9
W_CaiI4Rn98,Andrew Tate was Half Right.,manosphere/ideologia,False,9494.0,6
ONwRMjg2UQM,Andrew Tate's new MELTDOWN has just gone too far,manosphere/ideologia,False,45645.0,12
wU5Eaew3c8s,Andrew Tate Is Even More EVIL Than We Thought.. (NEW Charges Revealed),manosphere/ideologia,False,93629.0,0
Jj0kk0Zevok,"Andrew Tate [Edit]🔥""FREEDOM"" | Top G, Tate Brothers #music #motivation",manosphere/ideologia,False,4363.0,0
El_pmeyh6ZU,Andrew Tate’s Brother Says They Took Everything… But It Gets Worse,manosphere/ideologia,False,22961.0,0
dYMOWvR6-pU,Andrew Tate War Room Videos now surface and Tristan Tate Flight Logs EXPOSED,manosphere/ideologia,False,40088.0,12
K2slrvEhyms,Andrew Tate’s former publicist says influencer was ‘more than respectful’,manosphere/ideologia,False,63862.0,0
TgpcjDaTYdI,Criminal Lawyer Reacts To The Arrest Of Andrew & Tristan Tate,manosphere/ideologia,True,351631.0,0
zwQdJeUqcsc,Chase DeMoor Exposes Andrew Tate & Calls Out Jake Paul | Jeff FM | 218,manosphere/ideologia,False,42985.0,-1
kG9IjWE6VA4,FRAUD?!?! Is Andrew Tate LEGIT at KICKBOXING? | MIGHTY MOUSE BREAKDOWN!,manosphere/ideologia,True,2837991.0,0
rxEoEQyMO1o,LEMON DROP - It's Over! Andrew and Tristan Tate Are Stuck In Jail,manosphere/ideologia,False,360722.0,0
rEZPTwzPNh8,Andrew Tate SNAPS at Reporter for SILLY QUESTION,manosphere/ideologia,False,3307112.0,0
0Qrw8i3p_9M,"DO IT ALONE, BROKE, TIRED & SCARED. JUST DO IT. - Andrew Tate Motivation | Motivational Speech",manosphere/ideologia,False,100684.0,0
RpSJZsE1fjI,"How Andrew Tate's ""S*x Slaves"" Finally Put Him in Jail",manosphere/ideologia,False,528272.0,0
AhPXJvDMMwQ,The Untold Stories of Andrew Tate's Alleged Victims | Lila Rose Show E197,manosphere/ideologia,True,108953.0,0
hNpbaYO_SHc,Monarch vs Wiktor Malinowski x Andrew Tate: 8 000 000$ BUY-IN - Triton 2026 Heads-Up Highlights!,manosphere/ideologia,False,60081.0,0
OJ7ajuy7y_Q,Andrew Tate's Prison Fantasy COLLAPSES After Attorney Speaks Out,manosphere/ideologia,False,52475.0,0
S8HTI3bJglw,Andrew Tate's Prison Tweets: A Reading,manosphere/ideologia,False,61678.0,-1
WVMCeIurxWY,Adin ross reaction to Andrew Tate body coming out of jail #andrewtate #adinross,manosphere/ideologia,False,1693527.0,0
R-3wTh8A9Hs,Remember Andrew Tate? His Life is Over Now.,manosphere/ideologia,False,510436.0,-1
t92duLlMuzE,Andrew Tate's Rented Cars: The TRUTH Revealed! #shorts,manosphere/ideologia,False,220067.0,-1
ZoOijWSlDCY,Tate brothers HIT with devastating legal case,manosphere/ideologia,False,631429.0,0
_3aCcUj5XOc,It's Over For Andrew Tate (MAJOR NEWS),manosphere/ideologia,False,296869.0,0
E-XSVCgwzYM,"Andrew Tate : "" The Truth is Funny "" | Emergency Meeting",manosphere/ideologia,False,18489.0,0
3ufytGiQuvU,I think he enjoyed this a little too much 😂 #skincare #mensgrooming #routine #relatable #funny,autocuidado/estetica,False,14777.0,4
sLXElApN7fc,POV: A Perfect Self Care Morning 🌿✨,autocuidado/estetica,False,949.0,0
sRpxN2jUZDs,Japanese bodybuilders became careworkers #truestory #japan #news #historyshorts,autocuidado/estetica,False,6314.0,-1
RVWVV2IPpL8,Be careful with the man who sacrificed for you.,autocuidado/estetica,False,16902.0,-1
JJCYR9IBKXI,My moustache routine ✨,autocuidado/estetica,False,443546.0,-1
-Y9_-_E0kSY,Why Do Some Men Comb Their Hair Forward? 🤔💇‍♂️,autocuidado/estetica,False,1346.0,-1
wOs3CvFL2Cg,Giveaway | Remington Male Grooming,autocuidado/estetica,False,9534.0,0
bC8TgcGIsPU,Mens Grooming Routine💫 #mensgrooming #fashion #facewash #goodlookpersonality #shorts #viralshorts,autocuidado/estetica,False,3708.0,-1
uFIEP6gTjFo,New 2018 hairstyles men's grooming by Davide Greco barber,autocuidado/estetica,False,2663.0,4
sIDs1_tbptM,How to shapeshift from straight to textured hair w Simpletics #simpletics #seasaltspray #texture 6,autocuidado/estetica,False,12519.0,-1
tTBuxj2-owk,Best Beard Styles For Men ##shorts #youtubeshorts #fade #beard #hairstyle,autocuidado/estetica,False,7237.0,-1
SDGY06h2Do4,HOW I HANDLE MY BEARD GROOMING AT HOME IN UNDER 5 MINUTES!,autocuidado/estetica,False,376.0,4
SqzKXR2Mr4Q,FULL service mens grooming in NJ 💈🙌,autocuidado/estetica,False,11914.0,0
VhXP_5k7Mz0,My Simple Morning Routine | Men’s Grooming & Skincare ☕️,autocuidado/estetica,False,219.0,-1
JMOkFNGTFJ0,#simpletics #hairspray #texture #tiktokshopcreatorpicks 9,autocuidado/estetica,False,1073.0,-1
Ushd9xnqUrE,I’m sorry bro 😂 I had to. Hope this helps #mustache #beardtips #beardcare #mensgrooming,autocuidado/estetica,False,3650.0,4
9X5CqWUSdxM,DYMS Signature Salon,autocuidado/estetica,False,1310.0,-1
6Qic5hOjvdY,The Business Behind the Men’s Grooming Boom,autocuidado/estetica,False,141.0,-1
pD7mg3WkaRc,7 AWESOME Grooming Tips EVERY Young Man Needs To Know (Tip #3 Is GOLD!),autocuidado/estetica,False,37189.0,0
Dp-gzyZYR2k,MENS STYLE & GROOMING ROUTINE | Ali Gordon | Ad,autocuidado/estetica,False,26846.0,0
jPkqekd7eLY,Men's Grooming Opportunity Indian Startups Are Winning,autocuidado/estetica,False,763.0,-1
iwxpA8Ognno,The suit is ready. The ring is ready. Now let’s get the groom ready!,autocuidado/estetica,False,1178.0,0
Qph0io5oBMk,Male Grooming | David Mitchell's SoapBox,autocuidado/estetica,False,776861.0,0
AyWvjWdCrSw,Grooming Guide to Manscaping Starting With Your Morning Shower Routine | Manscaped 3-step Routine,autocuidado/estetica,False,1309.0,-1
ZIu2_pZxIKM,An Amazing Father and Son Afro Hair Photoshoot,autocuidado/estetica,False,2116337.0,-1
lz6FLIgzFps,Looksmaxxers are accidentally solving this health epidemic,looksmaxxing,False,72367.0,-1
0zVmNpLC5YI,POV: Your Brother Got ALL the Good Genetics 💀 #TimotheeChalamet #TomHolland #looksmaxxing #edit,looksmaxxing,False,6523.0,-1
99YX7BtUC2k,The real face of looksmaxing ⚡️- Chico lachowski |#shorts #looksmaxxing #lookmaxing,looksmaxxing,False,28958.0,1
5P2onrrtvlU,Chico lachowski and jordan barrett in 2016 | #shorts #looksmaxxing #lookmaxing,looksmaxxing,False,14998.0,1
gABff2f3hxk,togi teaches looksmaxxing💀,looksmaxxing,False,3448.0,1
TT4QWT0aRJY,When She Called Me Handsome / Clark kent edit #smallville #tomwelling #usaudience #looksmaxxing,looksmaxxing,False,5074.0,0
ZravI3C5lyQ,Vmogsu terras her shi #vmogsu #edit #looksmaxxing #mogged #transition,looksmaxxing,False,25927.0,1
TJ4nvYNQX8Y,Not Caring Anymore | Niccolo Govender Edit#shorts#looksmaxxing,looksmaxxing,False,61628.0,1
4Ir6aGSqDK4,Looksmaxxing transformation 💀 best looksmaxxers #looksmaxxing #look #ytshorts #model #usa #fyp #pov,looksmaxxing,False,37156.0,1
ZFt5l1K_NuA,Why Some Guys Look Better Bald #bp #looks #looksmaxxing #mewing,looksmaxxing,False,13692.0,1
KwKad0XzkNA,The Paradox of Looksmaxxing,looksmaxxing,False,25240.0,-1
taFE9ftDn98,Chico lachowski ⚡️- under your spell |#shorts #looksmaxxing #lookmaxing,looksmaxxing,False,48788.0,1
9pdH5Ssg1Ck,Chico lachowski - before the college vs after |#shorts #looksmaxxing,looksmaxxing,False,60820.0,1
9JYcflKi-VY,asmr looksmaxxing,looksmaxxing,False,109521.0,0
b9GH6tJVLAU,"TikTok ""Bodybuilder"" Might Lose BOTH ARMS for ""Looksmaxxing""..",looksmaxxing,False,1409291.0,0
55X6VMCsKAM,Looksmaxxer Romulus edit 💀 best looksmaxxer #looksmaxxing #look #model #ytshorts #usa #fyp #looks,looksmaxxing,False,189025.0,1
gBV80-T9Rcs,CLAVICULAR'S INTERVIEW: How Looksmaxxing Exploits Neurodivergence,looksmaxxing,False,367178.0,-1
KeEpkj4J6Qc,Hidden Gem💎🗿 || cAgo.looksmaxxing #shorts,looksmaxxing,False,1073.0,-1
84t78S7iS8o,Day 117 #edit #looksmaxxing #model #mog #beauty,looksmaxxing,False,15668.0,-1
pvh8Rp5ADk8,from weird & simp to actual men transformation #looksmaxxing #glowup #guide,looksmaxxing,False,10886.0,1
Fg60sa4N9zQ,Looksmaxxing Influencer Connor Murphy DROWNED in Thailand at 32,looksmaxxing,False,4304.0,-1
OvIXtqhufk4,The best mewing chin tucks transformation,looksmaxxing,False,249974.0,2
VipkWF9SnA0,MEWING the Only REAL BENEFITS 🤯,looksmaxxing,False,679610.0,10
OzkAKBHedng,Mewing Meme Funny Compilation 🤫 TikTok Compilation /MOVIE MEWING ONLINE FILTER #mewing,looksmaxxing,False,514447.0,2
wIiirZVr82k,Does Mewing ACTUALLY Change Your Jawline?! 🤔🦷,looksmaxxing,False,15745.0,2
pommq6IMuUU,Mewing for Beginners by Jose Zuniga,looksmaxxing,False,12527.0,-1
fG10CYSCyf8,【7-Day Mewing Challenge】 Lift & Sculpt Your Face Naturally – No Surgery!,looksmaxxing,False,151303.0,2
ySdcqkXCPJU,Best mewing moments #trollface #edit #troll,looksmaxxing,False,3976533.0,2
YKlb1FznQOM,Can mewing change the nose?,looksmaxxing,False,373673.0,2
0A1nfn_6hhw,You're mewing wrong,looksmaxxing,False,27612.0,10
SZ9OG6jtXBI,Mew-olingo 🤫🧏‍♂️🦉 (Mewing Duolingo Cake) #duolingo #mewing #cake #shorts,looksmaxxing,False,16978166.0,-1
SdJUv6O22to,The Best Anti-Aging Skincare Routine,autocuidado/estetica,False,292739.0,0
lR1ncaayN4s,Simple and easy skin care routine for men | avoid these common mistakes with Dr. Agni Bose Ep.04,autocuidado/estetica,False,38588.0,0
U_BAff6ZT6I,How To Get Glass Skin For Black Men (Full Ultimate Guide),autocuidado/estetica,False,70373.0,3
nMbvBSZ8qXE,BEST MORNING SKINCARE ROUTINE | KINGHENRY,autocuidado/estetica,False,663172.0,-1
7v5vkOfGVWM,Products We HATE and LOVE from CeraVe | Doctorly Reviews,autocuidado/estetica,False,1887820.0,0
2iVQfbfdU1Q,The 2 Min. SCIENCE based SKINCARE ROUTINE! (தமிழ்) #tamil #health #skincare #nutrition #skin,autocuidado/estetica,False,1488983.0,0
JafKHIw5m-4,The Ultimate Skin Care Routine For Black Men 🤩,autocuidado/estetica,False,19130.0,-1
PJ8_SBUgspw,Nothing can be easier than this : SIMPLEST SKINCARE FOR MEN,autocuidado/estetica,False,62450.0,0
i3uUGotQM68,How to Get Clear Skin At Home| 7 Easy Tips for Glass Skin,autocuidado/estetica,False,708759.0,-1
_VStq-dc4xM,Every sister has her skincare staples! Which ones are yours?,autocuidado/estetica,False,9923531.0,-1
SNdl66K7T5w,GRWM ft reginald men....#mensgrooming #reginaldmen #grwmskincare #skincareroutines,autocuidado/estetica,False,513796.0,4
z8ZisMQOQ_M,TRETINOIN - The GOAT of Skincare Ingredients?,autocuidado/estetica,False,2871293.0,0
aP8Ce8X2mm8,4 GROOMING HACKS FOR INDIAN BOYS & MEN #shorts #trending #ytshorts,autocuidado/estetica,False,452296.0,-1
sxQYqrkB9eM,TOP 5 GROOMING TIPS FOR MEN - Advice From A Male Model,autocuidado/estetica,False,102930.0,-1
wEAY-Nc-m_E,The ULTIMATE 5 Min Men's Grooming Routine | Tips & Tricks To Get Groomed FAST!,autocuidado/estetica,True,474198.0,0
jLmN0ts0k4o,The Link Between Hygiene and Mental Health,autocuidado/estetica,False,196291.0,0
Wb5uS9KDq44,15 Cheap Items That Will Make You Glow Up as a Guy,autocuidado/estetica,False,6776.0,-1
mN4SoZhRgVw,glow up tips before school boys #shorts #glowuptips #glowup #subscribe #teenagers,autocuidado/estetica,False,63135.0,1
wK8h74Oaikw,36 Glow-Up Tips in Just 7 Minutes l Look More Attractive...ll,autocuidado/estetica,False,453775.0,0
tE42Gd8xtX0,Growing Out Your Beard Was Your Biggest Mistake | Niccolo Govender Edit#shorts#looksmaxxing,looksmaxxing,False,15480.0,4
O_Bb7jj8QUw,Do Lash Serums Actually work for men? #looksmaxxing #looksmaxing #eyelash,looksmaxxing,False,25169.0,-1
S9VvxQPnTDo,How to look handsome #handsome #attractiveface #mewing mewing tutorial #looksmaxxing looksmaxing,looksmaxxing,False,140599.0,-1
d9347h7O440,Men’s looksmaxxing Tip 5 #looksmaxxing #looksmaxing,looksmaxxing,False,2686.0,-1
rGnyGxdWrB4,5 things all men should be doing #selfimprovement #men #looksmaxxing,looksmaxxing,False,169.0,-1
TA1kKzd_msA,true eve 𓏵 stacy ִ💉་༘࿐ BRUTAL LOOKSMAXXING (℘𝒶𝒾𝒹 ༝ 𝑒𝓍𝓅),looksmaxxing,True,333586.0,-1
_vUzidxSWlg,Ugliest Facial Features (Tier List),looksmaxxing,False,973053.0,0
jyOAFJW9oi4,The most attractive nose shape for guys 😭,looksmaxxing,False,1473466.0,1
SthDCvlufpY,SOFTMAXXING.,looksmaxxing,False,514.0,0
AntUYmtHKrM,How To Get Model-Tier Facial Aesthetics (13+ Tips),looksmaxxing,False,1211064.0,1
OjLX4j_RZ7M,Extreme psl goddess & looksmaxxing (⚠️listen once),looksmaxxing,False,325099.0,0
Zd4jMgdGANM,Looksmaxxing edits,looksmaxxing,False,126509.0,1
lSVjxTsN_cY,How do men lose their minds in the appearance race?,looksmaxxing,False,869.0,-1
pU7s977wUww,Looksmaxxing: Secret Gen Z slang,looksmaxxing,False,568.0,-1
9DW_J2SnL9g,BRUTAL smile pill,looksmaxxing,False,8276.0,0
gH6YmcKk0d0,20 LOOKSMAXING Secrets to INSTANTLY Look More Attractive!,looksmaxxing,False,135000.0,-1
V1hE0U9oPLA,full Looksmaxing playlist best parts and (Perfect speed),looksmaxxing,False,273761.0,0
gUZKdDMn8Y4,Sub 5 to Chad Transformation Fat Loss #blackpill #lookmaxxing #mewing,looksmaxxing,False,129718.0,1
QwiIYArLqgY,everything is hardmaxxing now 😢 #bp #looksmaxxing #foryou,looksmaxxing,False,712.0,1
kLFi8rjhBgE,brutal ascension via hardmaxxing with bro 💀,looksmaxxing,False,2.0,-1
y2MV3zwqMkg,Hardmaxxing can increase the knowledge of people who criticize it,looksmaxxing,False,820.0,0
hpQpwbDb2HU,Overjet Explained and How We Fix It!,looksmaxxing,False,633437.0,-1
zor6MadY9eU,Lesson 3: The Cheezy Swallow || Mewing Beginner Guide,looksmaxxing,False,2365.0,2
7y7RwADxIFc,Mewing Beginner Tutorial For Sharper Jawline,looksmaxxing,False,126014.0,2
2EAAD9JOnf4,The Complete Mewing Tutorial (Nose Breathing + Tongue Posture),looksmaxxing,False,81382.0,2
SUX3yOMmeWQ,Mewing For Dummies!,looksmaxxing,False,320185.0,2
Q2yf9eoWj-8,REAL NATURAL MEWING TUTORIAL💀🧏🏻‍♂️🤫#real #natural #mewing #tutorial #jawline #shelove,looksmaxxing,False,744099.0,2
Fr1VT1g1TT8,❌SURGERY☠️MEWING TUTORIAL🧏🏻‍♂️✅#mewing #tutorial #stepbystep #shelove,looksmaxxing,False,118064.0,-1
4SES0dFQ3XU,Jawline Secrets: How to Mew Correctly in Tamil!,looksmaxxing,False,41543.0,2
NSflT7fyeMQ,"Mewing - It’s Not Just About Looks, It’s About Your Health",looksmaxxing,False,52389.0,2
pfDT6V3ou30,How to Mew PROPERLY (Get a Sharp Jawline) 🤫🗿#facts #shorts,looksmaxxing,False,59934.0,2
lsCeqtJxMbY,Sigma face tutorial #sigma #face #turorial #stepbystep #mewing #shelove,looksmaxxing,False,100917.0,-1
HYWEh98QUhI,Real ice mewing tutorial🧏🏻‍♂️🧊💀#real #tutorial #mewing #ice #stepbystep #jawline #shelove,looksmaxxing,False,92505.0,2
rCkXpIfhyPI,Can Mewing Actually Change Your Face?,looksmaxxing,False,61149.0,2
WLFcde2eaBU,"Kareem Shami (Syrianpsycho) Explains ""Mewing"" on Tamron Hall Show",looksmaxxing,False,2247079.0,2
9kltWVYPCQ0,The Power of Mewing: Transform Your Face in Minutes 🧏🏻‍♂️ #mewing #transformation,looksmaxxing,False,1595.0,2
xHfVj9rbhM0,COMPLETE GUIDE on How to Mew (Perfect your Tongue Posture!),looksmaxxing,False,1222037.0,2
QnFK-E3kX3w,⚠️ These Common Mewing mistakes will PERMANENTLY Destroy your FACE!,looksmaxxing,False,61618.0,2
HaL0IiXr8y4,Mewing ultimate guide ( tutorial + precautions),looksmaxxing,False,706.0,2
gpg83oizUlE,Can Mewing Improve Your Jawline?,looksmaxxing,False,4094.0,2
k6J6ysZ5pWs,ALPHA MINDSET // ANDY ELLIOTT,manosphere/ideologia,False,314296.0,0
-v1Q8g7F36k,The Masculine Man: 5 Traits That Define True Masculinity | Power | Money Now | Motivation,manosphere/ideologia,False,318702.0,-1
xJAGrURdZ6s,What Women Want From Men,manosphere/ideologia,False,937940.0,-1
9oqZbrm8-Y8,Modern WOMEN are craving STOIC MEN with a MASCULINE MINDSET now more than ever (female nature shown),manosphere/ideologia,False,60425.0,-1
S0pYBB8uB20,Winners and Losers Mindset | Andrew Huberman,manosphere/ideologia,False,1064239.0,0
Fkt1JWZb48g,How to cultivate a growth mindset | Tony Robbins,manosphere/ideologia,False,116470.0,0
L3Y1wkji8DY,Call your boys #mindset #men #followgod,manosphere/ideologia,False,369797.0,-1
7ktoqU_7pCI,HOW TO DEVELOP A POSITIVE MINDSET,manosphere/ideologia,False,256578.0,-1
f8DgXkylpAE,Real Man Mindset #shorts,manosphere/ideologia,False,17705.0,-1
obGw9Te2wDg,7 Signs You Have A Strong Mindset🗿 #sigmarules #menquote,manosphere/ideologia,False,4487517.0,0
pjdbq9YtU3U,"MEN, LISTEN: NEVER GO BACK TO THE OLD YOU. 💯🔥 #shorts #successmindset",manosphere/ideologia,False,2836.0,-1
OUiOutjedUE,10 Rules Every Man Should Know Before It’s Too Late. 🧠🔥,manosphere/ideologia,False,12808.0,-1
EGR9_PvxGgU,Men with Mindset 📈. #motivation #trending #shorts,manosphere/ideologia,False,21970.0,5
BPnCN8YsorM,Mike Tyson mindset before a fight,manosphere/ideologia,False,4858457.0,5
e4uOGQPQj5A,"A man choose a girl,..💀🔥 #mindset #selfimprovement #patienceinadversityinnerstrength",manosphere/ideologia,False,150661.0,-1
LANVRlrv660,Boys vs Men motivation❓❔#shorts #motivation #mindset #discipline #hardwork #consistency #fyp #reels,manosphere/ideologia,False,230407.0,5
UMJPKYCF7k0,Where Does Growth Live by Tom Brady #motivation #inspiration #mindset,manosphere/ideologia,False,25879.0,0
gYut-ATXzkE,our future... #motivation #money #millionaire #success #shorts,manosphere/ideologia,False,83545.0,0
HOc1HsclQlU,Are Men Measured By Their Pockets 📏🤑⁉️#viral #trending #mindset #love #podcast #society #dating,manosphere/ideologia,False,557.0,5
lIDTX22M7yU,Define Men's Trust Level 🗿🔥 #sonic #mindset #selfimprovement #motivation #discipline,manosphere/ideologia,False,28906.0,-1
WzDuFaVkLac,Break Fear Unlock Potential... #motivation #Mindset #selfimprovement,manosphere/ideologia,False,15860195.0,0
-PZ9qC9yeso,The Toxic Mindset Keeping Modern Women Single,manosphere/ideologia,False,54464.0,-1
6VE31XX9idE,Stop Reading Self-Help Books Now #shortsindia #millionairemindset #viralvideo,manosphere/ideologia,False,1397460.0,7
bNdeEWqXrkE,How to Become Rich by Mindset #billionaire #mindset #motivation #rich,manosphere/ideologia,False,715091.0,-1
J4jCXTMT7eY,Women Are Begging Men to Start Dating Again — Do THIS When She Comes Back.,manosphere/ideologia,False,2973.0,-1
AFAx_s7vFVE,The hidden cost of making excuses... 🛑,manosphere/ideologia,False,300.0,-1
Pjt7GHTBj0A,What are your thoughts? #men #mindset #private,manosphere/ideologia,False,1289.0,5
mDpvdC9nUo8,Men When It's Comes to Ego 💥 #men #ego #goal #discipline,manosphere/ideologia,False,1305054.0,-1
D3br2gcPjbw,What are your thoughts? #mindset #men,manosphere/ideologia,False,709.0,5
_zeA4VxMfD8,real men #aura #prank #discovery #jealousy #edit #handprank #sigma #motivation,manosphere/ideologia,False,418275.0,5
RkaCnfJZXT4,The 1% Mindset.,manosphere/ideologia,False,2333043.0,-1
_C6lTlSBuXw,"Testosterone 3.0: Forged in Discipline, Born for War.",manosphere/ideologia,False,1886828.0,-1
D_z02Fxw7hA,They Think Men Are Easy To Replace… 💀 #mindset #selfimprovement #motivation#discipline,manosphere/ideologia,False,15615.0,-1
hO4iY7fUy_0,Andrew Tate BRAGGED About Silencing Critics… Now Creators Are Being Sued,manosphere/ideologia,False,6495.0,0
ZWY1EjTBVk0,Andrew Tate handcuffed and brutally screamed at,manosphere/ideologia,False,27046.0,0
HM2jmupAe6E,Andrew Tate now fighting at the FDC prison,manosphere/ideologia,False,42384.0,12
crQ47mVWeiw,Tate CAPTURED... He SPIRALS After 'No Call' Gets EXPOSED,manosphere/ideologia,False,30559.0,0
iNs8dDQ0jaA,Andrew Tate Explains How To Get Girls FAST and EASY,manosphere/ideologia,False,403337.0,-1
X-k3MCSusZI,"Andrew Tate : "" You're a Man "" | Brutal Truth of Modern Society❗",manosphere/ideologia,False,11548.0,-1
ELCDTZhZI6I,What does extradition actually mean for the Tate brothers? #TateBrothers #AndrewTate,manosphere/ideologia,False,331.0,0
lcvI0xOcfAw,Women React to Andrew Tate #andrewtate #andrewtateedits #andrewtateclips #shorts #NYC,manosphere/ideologia,False,9124044.0,-1
Xe_l0riKCpY,How GOOD was Andrew Tate Actually?,manosphere/ideologia,False,2140448.0,-1
B2gpxVX23jA,"Andrew Tate BOMBSHELL Indictment, New Charges, Haemorrhoid crisis?! They are finished its over omg",manosphere/ideologia,False,41060.0,-1
96U5XaK8jpg,The Rise and Fall of Andrew Tate's $1B Empire,manosphere/ideologia,True,765544.0,-1
yYLo7U4rrtY,Tate's PDF Allegations Are HORRIFIC,manosphere/ideologia,False,138379.0,-1
DJuQu8X2s_I,30 Minutes of Andrew Tate That Will FIX Your Life. (NO MUSIC),manosphere/ideologia,False,33332.0,0
iwOXLfVsieA,Andrew Tate x Candace Owens | Candace Ep 46,manosphere/ideologia,False,2793741.0,-1
ZDYQoFXONq0,Former close confidante of Andrew Tate believes his arrest is the end of his influence | 60 Minutes,manosphere/ideologia,False,739537.0,-1
yy1MAN5Trd4,The Collapse of Andrew Tate,manosphere/ideologia,False,976616.0,0
JXzmx5oZpRQ,Andrew Tate FINALLY Snaps on Trump,manosphere/ideologia,False,354864.0,0
m1S9oOgnGp0,ANDREW TATE AND CHIAN DO NOT GET ALONG | Grilling S2 Ep 7,manosphere/ideologia,False,24358454.0,6
C-GckVMGA2k,Former Tate Brothers Spokesperson On WHY She Left Andrew Tate & Tristan Tate,manosphere/ideologia,False,118207.0,0
mWxP0mwORrs,Andrew tate dance #shorts #andrewtate #edit,manosphere/ideologia,False,4460244.0,-1
CWAcK5lhsuE,WAKE UP AND GET IT DONE - Andrew Tate Motivation for 2026 | New Year Motivational Speech,manosphere/ideologia,False,139627.0,0
dTlQmQ-Vd1w,Andrew Tate brainwashing children parents? New letters,manosphere/ideologia,False,16897.0,12
TcTmsonJNdY,UK Formally Demands the Tate Brothers’ Extradition,manosphere/ideologia,False,199684.0,0
UyNIW89N3I8,Prove Everyone Wrong.,manosphere/ideologia,False,245141.0,0
pMIenujz7gk,Andrew Tate's birthday party at exclusive nightclub #shorts,manosphere/ideologia,False,1681178.0,6
Vhipk8QhhYI,Andrew Tate is destroying his life..,manosphere/ideologia,False,44392.0,0
3NexOrW0uew,"""Everything Is My Fault"" — Andrew Tate on Masculinity, Politics, Family, Allegations & The Matrix",manosphere/ideologia,False,3017461.0,-1
g2ZgYDOEKBE,"I DID IT ALONE, BROKE & TIRED. - Andrew Tate Motivation for 2026 | New Year Motivational Speech",manosphere/ideologia,False,79825.0,0
_mMxWuAbz04,"""NO TIME TO WASTE"" - Andrew Tate Motivational Video | 4k",manosphere/ideologia,False,154740.0,-1
-VuzbysnQWw,THE ANDREW TATE FILES LEAKED!!!,manosphere/ideologia,False,65445.0,0
z_h4L0S-Wgo,ARISE - Andrew Tate Motivation | Motivational Speech,manosphere/ideologia,False,3294.0,0
8oSzqVYXk1o,"Andrew Tate [Edit]🔥""OUTSIDE"" | Top G, Tate Brothers #music #motivation",manosphere/ideologia,False,508920.0,0
dW2UTEJ4G_4,Extended Prison Sentence for TheTate Brothers in the UK,manosphere/ideologia,False,20748.0,0
dZo4G1QaHks,"Andrew Tate now wants to die,",manosphere/ideologia,False,51892.0,12
WaaHcZWWkl4,Barron Trump Can't Save Andrew Tate After THIS…,manosphere/ideologia,True,73844.0,0
J3Ups5yT7P4,Daz Watches Andrew Tate,manosphere/ideologia,False,12865082.0,0
XK06MGn7u1g,Andrew Tate Wants Revenge On Everyone...,manosphere/ideologia,False,19472.0,0
yynBgON6-Y0,2026 Is Closer Than You Think | Andrew Tate Motivation,manosphere/ideologia,False,338061.0,0
G9wXIqGDJ_E,The ONLY 30 Minutes of Andrew Tate Motivation You'll EVER Need. (NO MUSIC),manosphere/ideologia,False,42734.0,0
uiVHySdxX48,Andrew Tate Calls Out Ron DeSantis for Caving to Media Pressure After Florida Arrival,manosphere/ideologia,False,24529.0,0
Ex5M2Xm3ckE,Devastating News for Andrew Tate..,manosphere/ideologia,False,76059.0,0
WCCWNzwoNEw,Andrew Tate’s Friends Defend Him – LIVE Reaction,manosphere/ideologia,False,7401.0,0
Pjetv5KR8ls,"Andrew Tate SUFFERING in poop-filled prison, inhumane conditions",manosphere/ideologia,False,31545.0,12
j59SdEyNO9c,Tristan Tate Admits Andrew May Not Go to Heaven (EP 196),manosphere/ideologia,False,1104414.0,0
zI4PqBDg3rE,Life of Andrew Tate - [Stereo Love],manosphere/ideologia,False,2084225.0,-1
i4YFuzncv6g,"""I KNOW IT'S OVER FOR ME"" JUDGE ENDS ANDREW TATE‼️ | HIS CULT WAS HACKED 💀",manosphere/ideologia,False,302200.0,0
q-PKnDf_X7I,Andrew Tate’s MAJOR NEW Court Filing just dropped - Everything You Need to Know,manosphere/ideologia,False,38420.0,12
Jvx2w2iCBw8,Tate Brothers DENIED BAIL — Judge Uses Their Own Words Against Them,manosphere/ideologia,False,299865.0,0
rryDptPwyiE,Jillian Michaels vs. Andrew Tate: The Truth About His Exploitation,manosphere/ideologia,False,16058.0,0
ml5wYWspn08,Tate Drags Barron into Arrest,manosphere/ideologia,False,1151005.0,0
Jgn3jdiTKLY,"Andrew Tate CRIES in new posts, breaking down,",manosphere/ideologia,False,45593.0,12
atUw0d-1BOY,🚨Andrew Tate's ARREST Just Sent TRUMP RUNNING INTO HIDING!,manosphere/ideologia,False,303730.0,0
2q5z5hlIkVc,Andrew Tate Is Panicking & Desperate,manosphere/ideologia,False,49388.0,6
o0Xo9OmjXHw,"Dr Phil Reacts To Andrew Tate & Tristan Tate Arrest: ""They're Just Conmen!""",manosphere/ideologia,False,98069.0,0
4p7KpFjbOLs,Andrew Tate Suffers HUMILIATING Defeat in Federal Court!,manosphere/ideologia,True,28828.0,0
iHuHQmYKrik,Reacting to Andrew Tate’s Arrest | EP. 164,manosphere/ideologia,False,79112.0,0
n_W1zdqVHoI,Andrew Tate Suffers MAJOR Humiliation As Lawyer Reveals Damning Financial Lies,manosphere/ideologia,True,51451.0,0
LSkK66ECGkg,Andrew Tate vs Aliza (7 NBA Player Throat GOAT) F&F AH,manosphere/ideologia,False,28425.0,0
FNmGYtbjHYg,Andrew Tate: Your Brain Is Broken. (NO MUSIC),manosphere/ideologia,False,29053.0,0
6kUXDdH4WFg,Tate Brothers DENIED Bail: Judge’s Flight Risk & Danger Ruling Explained,manosphere/ideologia,False,167471.0,0
-jjbiW7UTMU,Andrew Tate Went To Russia And It Was A Total Failure,manosphere/ideologia,False,59283.0,0
sgHhryJf9FA,Tate EXPOSES Trump in CRYPTIC Video About Jeffrey Epstein,manosphere/ideologia,False,65062.0,0
W6A59ZO3jO0,Andrew Tate's Brother Takes The Stand In Court... This Is Bad!,manosphere/ideologia,False,29218.0,0
iyReHW2RGzM,Judge Strikes Andrew Tate’s Late 150-Page Filing Before Bail Hearing,manosphere/ideologia,False,279745.0,0
dQaMF2CnRO8,Tate Just Got Barron Trump in Trouble…,manosphere/ideologia,False,107910.0,0
TxIo0toy1k8,Andrew Tate top PAID fans SCAMMED in brutal heist omg,manosphere/ideologia,False,40266.0,12
Ezy2O0Mr2R0,IT'S HAPPENING... | Andrew Tate,manosphere/ideologia,False,52952.0,0
IWg9CoNvciI,Andrew Tate Made Millions Selling Nothing (Coffeezilla Proved It),manosphere/ideologia,False,95794.0,-1
yE-aBex08GA,'You Never Had a Girlfriend LIE About You?!' Andrew Tate & Tristan Tate Extradition | With Dr Phil,manosphere/ideologia,False,505986.0,0
KW0mstDOZ0E,FBI Just Dropped Andrew Tate Bombshell..,manosphere/ideologia,False,54760.0,0
McoCUmynePo,Andrew Tate was arrested.,manosphere/ideologia,False,184178.0,0
83J5LpaWX_w,Day 3 of finding my new beard style: Light stubble #selfcare,autocuidado/estetica,False,182111.0,4
oD8Ug5a48OY,How to smell GOOD all summer as a man #selfcare,autocuidado/estetica,False,42736.0,4
NMNWd5xtHck,Hygiene Mistakes Every Guy Is Making #hygiene #selfcare,autocuidado/estetica,False,4338476.0,4
KYptEALSmAI,Best Grooming Kits For Men 🧴,autocuidado/estetica,False,15825.0,4
ERZV9M_pxek,Twelve Months Inside an Alpine Cable-Car Station Left This Transformation ✨ #Shorts,autocuidado/estetica,False,1040.0,-1
67vty_eOPM4,New cut who dis??? #fyp #viral #hair #hairstyle 8,autocuidado/estetica,False,905.0,-1
A0EF81iK39c,Mens Curly Haircut and Facial Grooming Education for Barbers,autocuidado/estetica,False,12152.0,-1
tUqgxGBsPN0,How To Get Hollow Cheeks in Just 30 Days 💫 | Glowup | #attractive #mens#shorts,looksmaxxing,False,517427.0,0
d45KXWWxIQc,` How to be a man #motivation #gawdor #masculinity #mindset #viralshorts,manosphere/ideologia,False,83121.0,5
JXoyplCoeyo,10 essential steps every man must take to unlock his full potential in just 30 days,manosphere/ideologia,False,349805.0,-1
xfwYcFVhi_s,Real 🧠 #real #alone #mindset #mentality #sadness #life #inspirational,manosphere/ideologia,False,9601132.0,0
4_LaCrlX83U,Andrew Tate Will Go To Jail For This…,manosphere/ideologia,False,99809.0,0
Y589sgtL1Y4,Quick Mid Fade #barber #fade #midfade #viral #shorts,autocuidado/estetica,False,3095.0,-1
rF8YIARDYas,Beard Removal with Waxing | Viral Beard Cutting #shorts #viral,autocuidado/estetica,False,1558.0,-1
CXOpjG39qbg,U.S. Navy Male Grooming Standards,autocuidado/estetica,False,2809.0,4
UjDkHDhBGnc,How To Make Your Beard Darker #beard #beardstyle #beards #mensgrooming #shaving #grooming #mustache,autocuidado/estetica,False,5637.0,4
nDypvYTLIIU,6 Grooming Tricks EVERY GUY SHOULD TRY!,autocuidado/estetica,True,1668428.0,0
sl4vnq6BXLs,8 Grooming Mistakes Men Make | Most Common Grooming Mistakes,autocuidado/estetica,False,39436.0,0
wzIcBfUxkEU,The ONLY 10 Grooming Tools EVERY Man Needs To Glow Up,autocuidado/estetica,False,33889.0,0
Dxm_-7Fy608,9 Grooming Hacks for the Traveling Gentleman (+ TSA Tips!),autocuidado/estetica,False,26495.0,0
ah9TBDRE9hk,Premium Men's Grooming Products - Made in Pakistan,autocuidado/estetica,False,79102.0,-1
5KhaZ9NYSoY,MY ULTIMATE GROOMING ROUTINE // HAIR+ SKIN PRODUCTS,autocuidado/estetica,False,4719.0,0
FXZAY_Z-wkQ,10 CRAZY Grooming Hacks EVERY Guy Should Know!,autocuidado/estetica,True,1621219.0,0
zGX4vTbWVUM,Male Cabin crew interview grooming ✨✈️,autocuidado/estetica,False,633.0,4
57QizNdYHbs,Royal Grooming Experience at Truefitt & Hill. | ft. ig_calcutta,autocuidado/estetica,False,1012555.0,-1
2B4aInCuFAM,How to Fasten your Beard Growth?🧔🏻 #dailyshorts #beard #beardstyle #grooming #mensfashion #style,autocuidado/estetica,False,6507568.0,4
-w44mGsGTFs,Popular Nobody Talks Paul Mitchell MVRCK Grooming Cream,autocuidado/estetica,False,1787.0,0
TS0XRp70-IQ,Beard Makeover Had Him Emotional the Entire Time! 😭✂️ He was not ready for this grooming session,autocuidado/estetica,False,78583.0,4
wJgV-usri0I,The Terrifying World Of LooksMaxxing,looksmaxxing,False,721130.0,0
ZJcu-kR6na4,Caught Feelings😭 | Clark Kent Edit#shorts#looksmaxxing,looksmaxxing,False,68545.0,-1
choZKAD775E,Analysis w/FaceIQLabs CODE: SEBASTIANRAMIVAN @FaceIQ1 #shorts #facialanalysis #looksmaxxing,looksmaxxing,False,6908.0,1
BJYSx7gPk4c,Ranking the best looksmaxxing results #usa,looksmaxxing,False,5068.0,0
KpP0j9OP5FU,Looksmaxxing Compilation #60,looksmaxxing,False,20103.0,-1
Mqfys4EAmUE,How Attractive Francisco lachowski?#looksmaxxing #shorts,looksmaxxing,False,1084907.0,0
2k_9Qfg2hZo,"Popular looksmaxxing influencer arrested ""mid-stream"" in Fortitude Valley | 7NEWS",looksmaxxing,False,75711.0,0
u0ojM03OE8I,POV: You Ascended (Looksmaxxing playlist for moggers),looksmaxxing,False,1378431.0,-1
Ftfx_cR5CyM,How to Become a CHAD in 30 Days (Looksmaxxing Guide),looksmaxxing,False,27180.0,0
t0IziVZwplg,"This ""looksmaxxing"" YouTuber can't stop stealing",looksmaxxing,False,1068601.0,0
Lx5lMx0HQgI,the looksmaxxing tiktok chef is a misogynist? wow no way 😐,looksmaxxing,False,288410.0,-1
oy2vWby-cDI,I Joined Clavicular's Looksmaxxing School,looksmaxxing,False,208050.0,-1
HkDqIBKoCiY,Looksmaxxing Compilation #6,looksmaxxing,False,30448.0,-1
3gFkNfOBxSo,brutal looksmaxxing audios,looksmaxxing,False,154536.0,0
ItfMjR4_M-o,"""Just sleep on your back bro"" (looksmaxxing playlist)",looksmaxxing,False,500124.0,-1
r6qbaxX_dV4,"Connor Murphy, Looksmaxxing Giga-Chad, Dead at 31",looksmaxxing,False,140236.0,-1
CtaS4rn_mLo,"WARNING: LIFEMAXXING ☠︎︎ looksmaxxing, moneymaxxing, auramaxxing + more [brutally boosted]",looksmaxxing,False,507936.0,-1
gIZq-ouH_Lc,The Complete LooksMaxxing Guide By Zeta,looksmaxxing,False,179254.0,0
VpDwMW_hxqY,BRUTAL LOOKSMAXXING: PSL god/goddess prototype ♱ lethal face card [ MAX 2X ]🧬,looksmaxxing,False,424009.0,-1
7YUoXrwP5hk,Chico Lachowski ⚡ | Edit |#shorts #looksmaxxing,looksmaxxing,False,2208889.0,0
9tC-anlHtZc,Look! || Chico lachowoski dancing || #edit #looksmaxxing #chicolachowski #jordanbarrett,looksmaxxing,False,372915.0,-1
P-4CwkZ79l4,"'Looksmaxxing' is the latest social media trend, but doctors say it's dangerous",looksmaxxing,False,29794.0,0
cK35H79QNpY,Patchy beard ❌ Goatee Stache ✅ #guide #looksmaxxing,looksmaxxing,False,141484.0,-1
HArAqrey-2Q,Every Looksmaxx Technique In 1 Video,looksmaxxing,False,42723.0,-1
5gb1ZxHdMo4,"After 7 Years of Looksmaxxing, Here's What Works",looksmaxxing,False,35186.0,-1
QYxDTaVxcT4,Does makeup actually matter? #shorts #looksmaxxing #bp #edit,looksmaxxing,False,188154.0,1
SYFN_dquJ68,Mewing and coffee🤫🧏‍♂️ #2danimation #animation #comedy #boogytoons,looksmaxxing,False,8848178.0,6
lE2cRlBWeGY,Why you can't breathe when mewing #mewing #mewtropics,looksmaxxing,False,10672.0,2
GosZhUUyIok,GIRLS MEWING VS BOYS MEWING💀PART-2|#trollface #trolledit #aura #shorts,looksmaxxing,False,1311135.0,2
MZQLp9KDVE0,Mewing Transformation #roblox #youtube #viral #memes #shorts #mewing #mogging,looksmaxxing,False,1373197.0,2
VkM_-FsmXT8,Mewing Transformation,looksmaxxing,False,12278595.0,2
8OoXxgHTJIE,Dermatologist Reviews: Target Skincare Routine for Teenagers,autocuidado/estetica,False,104699.0,0
WPiE0Ijxn7k,SIMPLE ACNE ROUTINE FROM A DERMATOLOGIST | Doctorly Routines,autocuidado/estetica,False,1000371.0,0
2nuzf0FxO94,My Anti-Aging Skincare Routine,autocuidado/estetica,False,1044293.0,0
HeOk1CWsFoM,Rating Popular Moisturisers as a Dermatologist #skincare #dermatologisttips #skincaretips,autocuidado/estetica,False,13570005.0,-1
EWAGaq7Pp7M,mini VS FULL size PREPPY MAKEUP & SKINCARE ROUTINE!💓,autocuidado/estetica,False,6619594.0,4
aE4XpC-lJ-c,🤚🏻Hand skin care 🫧 #haul #unpacking #beautytiips #unboxing #skincare #skincareroutine #routines,autocuidado/estetica,False,898717.0,4
3UsecWEfbCQ,3 products- perfect beard line #beard #grooming #beardstyle#mensgrooming #skincare #style,autocuidado/estetica,False,1576789.0,4
t-0_5nSxux0,Simple yet BEST Grooming Habits for MEN from a girl’s perspective 🤩,autocuidado/estetica,False,1118736.0,0
5SE3SmYsXjo,Budget hacks for COLLEGE STUDENTS✅| Grooming Hacks for TEENAGERS🔥 #GroomingTips #Fashion #Shorts,autocuidado/estetica,False,6788966.0,-1
R7HqLfDsb7E,If you Love Your Hair | Learn These 5 Hair Care Steps,autocuidado/estetica,False,2416209.0,-1
paUSXWMboxM,How to Shape Up Your Beard (4 Step Tutorial) | GQ,autocuidado/estetica,False,17643040.0,-1
LFAGyPxDMwk,Curly beard to straight beard 🥸 #howtosetbeard #beard #beardstyle #mensgrooming #beards,autocuidado/estetica,False,3357181.0,4
JCGKDE5v2Jo,How to Smell Good All Day as a Guy,autocuidado/estetica,True,492476.0,-1
zX9t5jGovCk,5 mobility exercises (morning routine) ✅ #mobility,autocuidado/estetica,False,3240637.0,13
KAr8J42FUr8,Glow up totorial for men ✨🗿 #fashionstyle #glowup #totorial #glowuptips #guid,autocuidado/estetica,False,5693.0,1
RSoWXaZKNEI,✨ Top Guy Glow Ups Tiktok Compilation 2020 ✨,autocuidado/estetica,False,1374765.0,-1
wJXy-Fhc9E0,7 minutes Compilations Glow up gym 💪[compilation tiktok prt 2],autocuidado/estetica,False,82207.0,-1
yJSrSBRD6o8,Male Glow Up / Male Good Looks Enhancement Subliminal - Uplifting Version,autocuidado/estetica,False,475.0,-1
IoZKYPSIjbw,Jawline & glow up tips for men,autocuidado/estetica,False,10679.0,-1
WEvFa431hb4,Glow up totorial for men ✨🗿 #fashionstyle #glowup #totorial #glowuptips #guid #sharp jawline,autocuidado/estetica,False,19223.0,1
eNwinix7yqQ,Mens Glowup tip 47/100🗿#men glow up #glowup#100 glowup tips,autocuidado/estetica,False,887.0,-1
0GDgvhX_q3I,Glow up totorial for men ✨🗿 #fashionstyle #jawline #tutorial #trending,autocuidado/estetica,False,38850.0,-1
BA9_96N5_oA,Jawline & glow up tips for men,autocuidado/estetica,False,1265.0,-1
_ABkgZr-6Yc,My glow up routine be like🫢 #grooming #men #skincare #mensskincare #lifestyle #paiichuuu,autocuidado/estetica,False,233654.0,-1
mCvyCgkkfiU,Glow up totorial for men ✨🗿 #fashionstyle #glowup #guid #glowuptips#totorial,autocuidado/estetica,False,2095.0,1
WHUdTLj_4jk,Glow up tips for men - 1/100,autocuidado/estetica,False,0.0,1
NUslSJcSrXU,Ranking the Best Men’s Glow Up Trends 🔥,autocuidado/estetica,False,12235.0,0
YJKDE9fwB7w,Indian Boys Day by Day #glowup #mensfashion #shortshorts #shortsfeed #india #trending,autocuidado/estetica,False,60171.0,1
ypRdu7BWGOU,Glow Up Routine for Men 9 ✨ Face Exercises for a Sharper Jawline 🗿 #glowup #faceexercise #men,autocuidado/estetica,False,6308.0,-1
XbAu3r1Ftp4,Marlon Glowup 🔥 #marlon #edit,autocuidado/estetica,False,1121326.0,-1
W7YYR2D2F-E,Ranking the Best Boyfriend Glow Up Trend 💪✨#shorts #tiktoktrend #tiktokviral,autocuidado/estetica,False,7354373.0,1
hqa6hZEQVAM,How to ACTUALLY Glow Up: Physically & Mentally,autocuidado/estetica,False,662289.0,0
JmqsPrcfBac,#kpop #idols who had crazy #glowups #glowup ( #male #idol #version ),autocuidado/estetica,False,34569.0,1
_T7_qvPUh1M,How to GLOW UP & become THAT Student in 3 Steps,autocuidado/estetica,False,225020.0,1
EsPzm5B7Ll4,How To Glow Up For Teen Boys (Before school),autocuidado/estetica,False,85258.0,0
0dKsXvz5MVU,7 BEAUTY TIPS THAT HELPED ME GLOW UP! (i wish i knew these earlier) #glowupguide #skincare #glowup,autocuidado/estetica,False,5633109.0,-1
9_kPTuiec58,Glow up tips that feel like cheating,autocuidado/estetica,False,58924.0,0
mbMMZBTATd8,Looksmaxxing Step-By-Step Glow Up Guide for Black Men,looksmaxxing,False,7389.0,-1
mMTe8IQcdjI,minoxidil for looksmaxxing #shorts,looksmaxxing,False,1017.0,0
KjN1YUOxDcY,AFFORDING the Hardmaxxes you NEED to ASCEND | Moneymaxxing so you can Looksmax,looksmaxxing,False,3936.0,10
lEqIwDhafS8,Teens Are Aging Their Faces 10 Years Early 😳,looksmaxxing,False,1116.0,-1
E64QtEiRbQU,Clavicular Dedicated his Life to LOOKSMAXXING Before and After,looksmaxxing,False,232489.0,-1
Rf1EW6YyZFc,HOW DO I GET A SHARPER JAWLINE WITHOUT SURGERY?,looksmaxxing,False,9578623.0,-1
oJIk2PyukjY,The Ultimate All-in-One Face Fix Routine｜Just 5-Minute Everyday｜Balancing Facial Asymmetry,looksmaxxing,False,14651253.0,-1
BNhVHrl5-PE,Combo Teaches Mewing #combopanda #herewego #gaming,looksmaxxing,False,3114460.0,-1
-F3soEk3PDI,MEWING SKINWALKER,looksmaxxing,False,2307111.0,1
-gfeG41kMvk,Were you able to do it? #looks #mewing #beauty,looksmaxxing,False,834755.0,-1
U4QvdH9U6jA,Hard Mewing All Steps in Hindi,looksmaxxing,False,253869.0,2
s6vG8RxglMo,How to Be Confident: 5 Things Men Who Command Respect Never Do,manosphere/ideologia,True,7944.0,0
oCYGN3kbBKs,Just worry about today. #masculinity #motivation #selfsteem #mindset #men #shorts,manosphere/ideologia,False,4911.0,-1
-hVHeP-1hGc,The Power Of Eagle Mindset - Best Motivational Video | Titan Man,manosphere/ideologia,False,3063204.0,-1
QMgKbk9LSjI,I've read 613 business books - these 16 will make you RICH,manosphere/ideologia,True,2482096.0,-1
n4SPwPhWu8g,How to develop a mindset for peak performance | Marc Cormier | TEDxUKY,manosphere/ideologia,False,525000.0,-1
nErA9Vovbbc,Too Many Men Have a Lone Wolf Mentality,manosphere/ideologia,False,1908543.0,-1
QoAoefT3VJc,Novak Djokovic REVEALS His Secret Mindset Shift That ENDS Self-Doubt...,manosphere/ideologia,False,2496891.0,0
4SpmhSauqNQ,Men’s Plan B : 🥷🏼 #alone #mentalhealth #mindset #thoughts,manosphere/ideologia,False,2444066.0,5
BozZdxuhdbw,The Touch Code That Decides If She Wants You-Most Men Have No Idea This Exists,manosphere/ideologia,False,4689.0,0
Z_RULjrNwgc,SIGMA MALE MINDSET Affirmations For Self-Confidence & Growth,manosphere/ideologia,False,68343.0,0
gbHiYLAB1ys,OBSESSION BEATS TALENT - Michael Jordan Motivational Speech (The Mindset Of Winner),manosphere/ideologia,False,842606.0,0
LT9qnKRo96E,This Voice Message Just Proved Boring Men Are Doomed...,manosphere/ideologia,False,3304.0,-1
QAwJa_ggpcI,Haters Say AI 😂 #motivation #mindset #success #discipline #motivational #shorts #edit,manosphere/ideologia,False,3248729.0,0
az6NibAUf7Y,RICH VS POOR MINDSET | An Eye Opening Interview with Robert Kiyosaki,manosphere/ideologia,False,21840871.0,0
4Br0GVNyueQ,Top 6 Books if you're in 20s or 30s ft. Capt. Raghu Raman,manosphere/ideologia,False,12312491.0,6
gy4wADPfCXE,"Healthy Mindset on Weak Men, Modern Women, Marriage, Divorce & More | #38",manosphere/ideologia,False,70536.0,-1
dz7UJz6O1Sk,Loyal man revealed! 😮🔥 #loyal #bearmindset #motivation #mindset #relationship #wisdom #inspiration,manosphere/ideologia,False,1407127.0,-1
uxGakRBwGLc,definition of real man ♂️ #rajshamani #motivation #mindset,manosphere/ideologia,False,296480.0,5
Zl-d_cANTqc,10 Obvious Signs You Have a Sigma Male Mindset,manosphere/ideologia,False,32159.0,0
WeEaX0xy9ic,How to Develop an Abundance Mindset | Jim Rohn Motivation,manosphere/ideologia,False,205495.0,0
IH6p2AbANSM,THE MIND OF MAN CAN LIFT ANYTHING,manosphere/ideologia,False,1814063.0,-1
JQwUUXojoqE,Best treadmill settings for cardio? 🏃🏻😅,manosphere/ideologia,False,2395986.0,13
fhgRtcIXVWY,Stay Hard 💪 #davidgoggins #motivation #mindset #shorts,manosphere/ideologia,False,738389.0,-1
MWmnNByjBnA,"Same Age, Different Mindset 🥶",manosphere/ideologia,False,6087502.0,6
o1H8dBG0WqI,These are the fragrances men in London are wearing.,manosphere/ideologia,False,196255.0,-1
vLRYeyE-3ao,₹8 Crore Just on Sneakers? - @rajshamani 🤯,manosphere/ideologia,False,29856783.0,12
45x-2e3WUUU,Ben Eagle recovered thanks to ginseng water #calmpower #trending #action,manosphere/ideologia,False,41492.0,0
Q2OabJ5PsbM,SHUT UP AND GRIND - Powerful Motivational Speech Video,manosphere/ideologia,False,219766.0,0
zyMVPjOPttE,One psychology book to make better decisions in life |best books to read in 2024 #book #mustreadbook,manosphere/ideologia,False,1048908.0,5
U0TIwgySHRk,The Temple that Inspired Steve Jobs & Mark Zuck 🤯,manosphere/ideologia,False,9344641.0,0
Hx0VZjLvY-M,"PERSISTENCE - Best David Goggins, Jocko Willink, and Eric Thomas Motivational Compilation Ever",manosphere/ideologia,False,670568.0,0
JOib_oyosu0,Cable Biceps Curl Variations #shorts,manosphere/ideologia,False,1857455.0,-1
gG0JSu-fL3s,bro's questions 🫡💯 #rajshamani #thinking #mindset,manosphere/ideologia,False,3813274.0,5
mEMHivzlx6I,NAVY SEAL MINDSET - Best Motivational Speech Video (Jocko Willink Motivation),manosphere/ideologia,False,2488642.0,0
PmLDIn7c0ks,When A Man Can't Trigger Her — He Pays For Everything Else,manosphere/ideologia,True,2463.0,-1
2oUu74dyU38,The Tate Brothers’ “It’s All an Act” Defense Backfired,manosphere/ideologia,False,518.0,0
T5IP_9cbMnE,Andrew Tate: Without Strength You Are Nothing. (NO MUSIC),manosphere/ideologia,False,3076.0,0
KzLL415n91U,Exposing Tate's FAKE Car Collection?,manosphere/ideologia,False,2192391.0,-1
NETYj7CeR28,Andrew Tate Exposes Joe Rogan’s Dirty Little Secret,manosphere/ideologia,False,3717833.0,-1
0KCT-a7llXI,Andrew Tate invites Piers Morgan to Islam #andrewtate #piersmorgan,manosphere/ideologia,False,213920.0,6
KQdHW-19Mk0,Andrew Tate Ruined a Generation of Kids…,manosphere/ideologia,False,1870247.0,0
n7g6T6HNymo,How Andrew Tate Got Rich,manosphere/ideologia,False,6244431.0,-1
vOPUje3xr-w,You’re never tired when you’re winning...,manosphere/ideologia,False,130644.0,0
-CaV3ePx-LE,Andrew Tate | PBD Podcast | Ep. 721,manosphere/ideologia,False,1431204.0,-1
SM90dS6_ZY4,Andrew Tate Is BEGGING The Cabal,manosphere/ideologia,False,12668.0,0
uwHkSDxBDxs,Andrew Tate BREAKS SILENCE on facing CP charges!!,manosphere/ideologia,False,24197.0,12
-rVxNjM9Dx0,Andrew Tate and his lawyer are losing it right now omg,manosphere/ideologia,False,29871.0,12
0I8-ljZAp0w,ANDREW TATE BUYS A NEW TESLA CYBERTRUCK 💯🔥,manosphere/ideologia,False,7013724.0,0
Vy4If5yBPtM,LIVE: Andrew Tate DENIED Bail – Full Court Ruling Breakdown,manosphere/ideologia,False,5829.0,0
qI-jisODwbc,When An Influencer Fights Andrew Tate,manosphere/ideologia,False,221962.0,-1
-UKcJH4Rw34,Andrew Tate is cooked..,manosphere/ideologia,False,87612.0,0
6qfmndBoMK8,Andrew Tate’s Lawyers Make HUMILIATING Admission in Court!,manosphere/ideologia,True,19561.0,0
8Q7FPBJ9hlE,"Andrew Tate RANTS over Epstein, why he’s locked up finally explained",manosphere/ideologia,False,41040.0,12
uFG8sIdQRC0,Very bad news for Andrew Tate just dropped,manosphere/ideologia,False,16272.0,12
86omEMqHyZE,Andrew Tate | Edit,manosphere/ideologia,False,2134292.0,0
i0fbrQXOmLk,Andrew Tate's LEGENDARY Motivational Speech To Adin Ross,manosphere/ideologia,False,3859015.0,0
2oWbDCql4JA,PART 1: Piers Morgan vs Andrew Tate In Romania | Latest Interview,manosphere/ideologia,False,13810605.0,0
kSe3vsd8h0w,Andrew Tate's Lawyer Is Back... | LIVE REACTION,manosphere/ideologia,False,6956.0,0
T-nQmcp0_bo,BREAKING: Tate is gone forever...,manosphere/ideologia,False,539440.0,-1
0u-_yNebqPo,Andrew Tate,manosphere/ideologia,False,45905.0,0
xZQ6egH2sgA,Andrew Tate is scamming his audience.,manosphere/ideologia,False,25515.0,0
kKxtVZo3tGk,The DARK Reality of ANDREW TATE MATRIX!,manosphere/ideologia,False,3102832.0,-1
ff4NTnRa6h8,Andrew Tate Theme Song (all version),manosphere/ideologia,False,1401891.0,-1
UAl-DLo4CGQ,Andrew Tate on men’s loneliness,manosphere/ideologia,False,464441.0,5
IjmYeCxuD9k,Andrew Tate's war room members brutally exposed in SECRET footage omg,manosphere/ideologia,False,37863.0,12
q6bLaRqynnU,Andrew Tate Kadın Düşmanı mı? - BBC Ropörtaj #andrewtate,manosphere/ideologia,False,502849.0,6
ykuqy1O7s_E,*Ideias de Outifit 2023*| AESTHETIC | #boy #outfit #pinterest #aesthetic #autocuidado,autocuidado/estetica,False,1898.0,-1
05L-tLTja2Y,Your sign to get laser hair removal a a guy’ #selfcare,autocuidado/estetica,False,46830.0,-1
OXb_fBgapaA,Talking to yourself is important self-care,autocuidado/estetica,False,1364.0,0
irpf9voptQI,"Como usar produtos para barba - como eu cuido, minha rotina e dicas de uso",autocuidado/estetica,False,23655.0,-1
zsSvR4ApZzM,i tried LOOKSMAXXING…,looksmaxxing,False,93307.0,0
H1_97nrXCm0,Looksmaxxing Compilation #58,looksmaxxing,False,7949.0,-1
Df52Ql_Nc9c,Behind the growing and controversial trend of looksmaxxing,looksmaxxing,False,23957.0,0
skUR3eQQV9s,Playlist to Brutally Mog Everyone (Blackpill Edit Songs | Looksmaxxing Playlist),looksmaxxing,False,32289.0,0
H3urx7pV840,"How Clavicular Makes (And Spends) $500,000+ Per Month By LooksMaxxing",looksmaxxing,True,253407.0,0
BgSza07a6d4,Professional Model Ranks Clavicular's 31 Looksmaxxing Methods,looksmaxxing,True,33376.0,-1
hpxguGGapXI,5 Looksmaxxing Methods That Will RUIN You Forever,looksmaxxing,False,229616.0,-1
GRHcYzsTvlM,Clavicular Breaks Down Looksmaxxing Methods to Get Taller & Lose Weight (Part 7),looksmaxxing,False,35804.0,-1
xQvhqt2r2l8,'I’m NOT Apologizing!' Clavicular FULL Interview With Piers Morgan,looksmaxxing,False,1238658.0,0
YSAlVSx41pA,Why is CityboyJJ’s hair always wet😭 #edit #mog #looksmaxxing #viral #hairstyle,looksmaxxing,False,200353.0,1
UtZYtZYjSMA,No BS Looksmaxxing Guide for Teenagers / How to Looksmax in High School,looksmaxxing,False,37773.0,0
QBPn7gyYnIY,"Rain, Neon and Lofi Beats | 10 Hour Focus Session Over a Los Santos Street",criadores_pt,False,0.0,0
Un_ukhkwu5g,GTA V Relaxing Night Drive in the Rain | Los Santos Ambience,criadores_pt,False,2.0,0
K8jQN5m0-8s,Driving In Los Santos in Snow and Rain listening to Non Stop Pop FM,criadores_pt,False,4.0,0
M1Ui-JTp11Q,10 Hours Trevor & Wade Airtug Drive GTA V Rain Sleep,criadores_pt,False,5427.0,0
qoW-NMj6iMw,Stormy Drive Through Los Santos in GTA V #GTAV #GTA5 #Gaming #Rain #LosSantos,criadores_pt,False,45.0,0
zAX55Hm6JKg,Los Santos Looks INSANE in the Rain 🌧️ | GTA V 4K| Relaxing Rain Sounds,criadores_pt,False,38.0,0
mOOahw2Nolc,"9,999,999 OBJECTS RAINED FROM THE SKY! 🚗🐋 Los Santos Gets DESTROYED in GTA 5",criadores_pt,False,15.0,0
vhUiQByjtcc,10 Hours Los Santos Night Drive GTA V Heavy Rain,criadores_pt,False,39733.0,0
e7Q-AcTCjSA,"GTAV - Driving From Los Santos To Sandy Shores, Heavy Rain & Thunderstorm - GTA 5 Sleep Ambience.",criadores_pt,False,42520.0,0
rjxHlEJVSJw,SWV - Rain / Gta 5 / Blonded Los Santos 97.8 FM,criadores_pt,False,18976.0,-1
GVqHcQUF9kQ,Cozy Thunderstorm Drive In GTA V | Rain Sounds For Stress Relief And Sleep,criadores_pt,False,237593.0,0
UbH_bjpLGZU,GTA 5 Walking in the Rain around Los Santos for 6 hours (Relax Study Sleep - City Ambience ASMR),criadores_pt,False,99089.0,0
4mhjOaL4BFY,Crying in the Rain,criadores_pt,False,18458.0,0
fVKfIg7wwaw,Come on in out of the Rain - Sheryn Regis | Lyrics,criadores_pt,False,14258220.0,-1
kvCQxTW75jM,Through the Rain - Mariah Carey | cover by Marinel Santos,criadores_pt,False,24296.0,0
MD5CGxXeJvc,GTA 5 - MEGA STORM FLOODS LOS SANTOS!,criadores_pt,False,3179904.0,-1
sLYkLhgbAHE,Purple Rain,criadores_pt,False,18187278.0,0
xG3E3LyYjNA,"Louro Santos, Victor Santos - Crying In The Rain",criadores_pt,False,75244.0,0
F4OEXqYSaDo,Porque tirou sua mulher da faculdade #shorts #gabriel breier #faculdade #mulheres,criadores_pt,False,216.0,-1
sKRjxhCzWbI,DEBATE: CAFÉ COM TEU PAI X CARLA PRATA,criadores_pt,False,26532.0,-1
plCnEbcRq7E,PLAYLIST DOS DEUSES DA ESTÉTICA | PART 1,criadores_pt,False,792873.0,-1
fUqdGBP9iC4,ZYZZ DANCE? #shorts #breier #zyzz,criadores_pt,False,128955.0,13
C9sg0bRqUeE,GABRIEL BREIER - Moony I Don't Know Why (GYM HARDSTYLE) #breier #gabrielbreier #zyzz #motivation,criadores_pt,False,58118.0,-1
_8IsEgouB0E,O QUE O HOMEM QUER? com BRENO FARIA | VIDA DI GADO #033,criadores_pt,False,16415.0,-1
u54da1SdKA8,ELAS GOSTAM DE APANHAR? com BRENO FARIA | VIDA DI GADO #039,criadores_pt,False,10810.0,-1
QTLkQKygJ1Y,"Trezoitão, Breno e Sr. Saldanha em: Desputizando ao Vivo!",criadores_pt,True,5768.0,0
mJEU9VtZLCA,FootBallers Looksmaxing 🗿🤫 #football #viral #edit #mbappe #robaldo #looks #glowup #messi #trending,looksmaxxing,False,38992522.0,0
wwqpwEjCKl4,"ER Doctor REACTS to Clavicular Looksmaxxing ""Tips""",looksmaxxing,False,1953515.0,-1
0KINn-lPyf8,Taper Fade Transformation 🤯#looksmaxxing#shorts,looksmaxxing,False,2713046.0,1
f9EhQF3coRE,lucky twice - im so lucky (tiktok looksmaxxing version),looksmaxxing,False,1425961.0,1
JfpAfYHJMW0,Looks = Leverage || Dark Triad Playlist,looksmaxxing,False,1353303.0,0
DjsqmMV5byw,Weird times we feel EXTRA attractive 🥵🥰 #besties #bestiesforever #looksmaxxing,looksmaxxing,False,1808606.0,-1
L_J2ejxyvWg,МИСС МИРА СТАЛ КОНСУЛЬТАНТОМ?🫣#looksmaxxing#looksmax#внешность#модель#красота,looksmaxxing,False,1945824.0,1
L-MthvnAtjA,bootleg_mov (Dark triad x jordan barrett) + slowed (best part),looksmaxxing,False,951050.0,0
d2BOtwrCEhw,Textured Top Transformation 🤯#looksmaxxing#shorts,looksmaxxing,False,1588413.0,1
G4l8Qmnk3E4,Hypergamy can't be stopped #fyp #bp #looksmaxxing,looksmaxxing,False,1671881.0,-1
u09p5CoP734,"""tah tah little buddy"" 👋🏽 #looksmaxxing",looksmaxxing,False,1505730.0,1
q5pm33sb5is,Dark Triad Looksmaxxing Playlist,looksmaxxing,False,835675.0,-1
0icMJ3nIric,Nose - The King Of Looksmaxxing,looksmaxxing,False,724147.0,-1
a0Q7S4-S4Cc,There's looksmaxxing and then there's this 😆 #MercedesAMGF1 #GeorgeRussell #KimiAntonelli,looksmaxxing,False,1237218.0,-1
L_3TtBXo8vc,Comment your lip shapes ✨✨ #glowup #glow #lips #lipshades #looksmaxxing #lifestyle #oldmoney,looksmaxxing,False,1776159.0,-1
ZmqBkxj6v0w,"Exercise for jawline, hunter eyes,slim nose #glowup #looksmaxxing #trendingshorts #youtubeshorts",looksmaxxing,False,1621125.0,1
2Llk92yWXik,bp edit audios bc you're a brutal mogger ⋆⁺₊⋆ ☾⋆⁺₊⋆ (+timestamps),looksmaxxing,False,539650.0,0
K1FJc2i9RI8,Chico ⚡- Brooklyn pop {slowed} || Chico lachowski edit||#looksmaxxing #masculinity #brooklyn#shorts,looksmaxxing,False,788150.0,1
Yj_swgNvorI,Wojak Tries LOOKSMAXING (Brutal Reality),looksmaxxing,False,531608.0,0
8eS8P98-CLQ,Chico lachowski × anna speckhart edit✨#looksmaxxing #pslgodess #shorts#chicolachowski#anna speckhart,looksmaxxing,False,828475.0,0
A1EWnrviQu4,Chad and Stacy Couple #fyp #bp #looksmaxxing,looksmaxxing,False,915481.0,1
YeIwK-kM3jI,Looksmaxxing Song -Twilight Syndrome Murder Case Theme (Ultra Slowed) | songs from Tiktok | bp edits,looksmaxxing,False,473356.0,0
t9GvvxCyxiQ,Transforming Top Politicians🇮🇳 #transformation #glowup #looksmaxxing,looksmaxxing,False,685765.0,1
XUkGcNc5yU8,Clavicular Rates Logan Paul 1-10 👀🔥,looksmaxxing,False,839947.0,-1
8cU8Knld-ss,When Your Roommate Starts Looksmaxxing...,looksmaxxing,False,631336.0,-1
TsXJNIohjC0,Playlist to Brutally Mog Everyone (Looksmaxxing Playlist | BP Edit Songs),looksmaxxing,False,391653.0,-1
b57g3kivmHY,ZENTRUM - LOOKSMAXXING (slowed + reverb),looksmaxxing,False,312239.0,0
4pKxOu1Jwl4,I Tried Mogging To See If I Was Good Looking,looksmaxxing,False,490383.0,1
Ju3jW07gHdQ,Top 10 countries with the most handsome men #viralvideo #looksmaxxing #fyp,looksmaxxing,False,507917.0,1
CCfEelkeoYc,Get Glass Skin at home | glow up tips for men | looksmaxxing for glass like glowing skin for men's|,looksmaxxing,False,356471.0,-1
_NFyWsxl5CQ,Looksmaxxing & The Sad Life of Clavicular,looksmaxxing,False,333539.0,0
ZNqw9pM0_W0,Looksmaxxing Influencer Connor Michael Murphy Drowns in Thai Lake After Bizarre Security Guard Clash,looksmaxxing,False,288056.0,-1
cYyRp5XObnw,✩ BP Dark Triad Playlist that moggs + timestamps !! ✩,looksmaxxing,False,280622.0,0
ctkCJC1ENEM,Chico Lachowski tall height ⚡- Boys interface ( Slowed ) |#shorts #looksmaxxing,looksmaxxing,False,449508.0,1
hkNsQAY_z1A,A Day in the Looksmaxxing Life of Mandibleus Zygomidus,looksmaxxing,False,264713.0,-1
ACBzNhrXN7U,Looksmaxxing Couldn’t Save Clavicular...,looksmaxxing,False,262748.0,0
2XwTALy2Gy8,Nicola lazic ⚡️- worry ( slowed ) | #shorts #looksmaxxing,looksmaxxing,False,445585.0,1
yWMSQNKV67Y,Ranking BRUTAL bp EDITS 🔨💊 #shorts #lookism #looksmaxxing #edits #edit,looksmaxxing,False,326176.0,1
DsYJut0HEbQ,Looksmaxxers Hullo and Romulus edit 💀 #looksmaxxing #looks #shorts #ytshorts #fyp #model #mewing,looksmaxxing,False,346378.0,1
TvEb8phatys,Mogg battle jordan Barret duo vs Zeta duo #looksmaxxing #mogging #shorts,looksmaxxing,False,416090.0,-1
VSpWfTKPpG8,I looked chopped 😅 #ejaycruzz #looksmaxxing,looksmaxxing,False,385081.0,1
fp4_4tbwDno,Did height ever matter? #shorts #looksmaxxing #bp #edit,looksmaxxing,False,368840.0,1
IKRAucayStQ,How Glow Up Feels After Shaving 🗿 | Lookmaxing | #shorts #lookmaxing,looksmaxxing,False,286220.0,-1
uJMmdDAdShs,The Only Looksmaxxing Guide You Will Ever Need 2026 | No Bs,looksmaxxing,False,166592.0,-1
yPc5c2q3Tfk,Vasiliy Stepanov /Bloodpop Brooklyn #looksmaxxing #mogger #chad #trending,looksmaxxing,False,336926.0,1
IMsNT7FgxwU,⚠️The MOST Brutal BP edits 🔨 #lookism #looksmaxxing #bp #blackpill #looks #genetics #edits #brutal,looksmaxxing,False,224207.0,-1
uLfVGkGRkUo,Clavicular Failed The Looksmaxxing Test Again...,looksmaxxing,False,154109.0,0
q2KkM8fOBiE,brutal 🎋 #blackpill #edit #lookism #looksmaxxing #edits,looksmaxxing,False,276950.0,1
kDveIbjgfQM,Zeta X Ome #reaction #looksmaxxing #model #pt.1,looksmaxxing,False,156678.0,0
Mo0M7KSKqA4,Is a big height difference actually a bad thing? #shorts #looksmaxxing #bp #edit,looksmaxxing,False,253025.0,1
iRxqv-V48KQ,average highschool bully🥀 - worry(slowed) #shorts #looksmaxxing #blackpill #fashion #edit,looksmaxxing,False,253477.0,-1
pEjNq7w_wjo,LOOKSMAXXING 2 🤫🧏‍♂ | Britney Manson - FΛSHION,looksmaxxing,False,123628.0,0
iuSJ_l9ZvRs,ZETA MEETS THE FOUNDER OF LOOKSMAXXING!,looksmaxxing,False,130815.0,-1
8NG7qLNp9jM,Holy Ascension #fyp #bp #looksmaxxing,looksmaxxing,False,213722.0,6
y78pROJIU3U,Do models actually look good without makeup? #shorts #looksmaxxing #bp #edit,looksmaxxing,False,200597.0,1
MlmSj--6sOE,Do girls only look good with long hair? #shorts #looksmaxxing #edit #bp,looksmaxxing,False,216462.0,1
al13dc8reXg,"Is ""Looksmaxxing"" Ruining Gen Z? (ft. Clavicular) | Hang Out with Sean Hannity",looksmaxxing,False,118384.0,0
1AlNdRwkOmQ,Chico Lachowski ⚡- Pretty scene girl |#shorts #looksmaxxing,looksmaxxing,False,207954.0,1
RKUSkw2Mm28,Send this to bro✌️😭 #edit #mog #looksmaxxing #viral #hairstyle,looksmaxxing,False,192301.0,1
D5ZFdl7wFbQ,Every Known Looksmax Method (Ranked),looksmaxxing,False,120628.0,-1
jLtiz0YNN3Y,Send this to bro✌️😭 #edit #mog #looksmaxxing #viral #hairstyle,looksmaxxing,False,199751.0,1
VT4xhQka9w0,Growing Facial Bone in Adulthood - Joe Rogan,looksmaxxing,False,34738332.0,-1
j_0DOxvoZFc,Best Mewing Moments..☠️,looksmaxxing,False,30503705.0,-1
plT74iCrriw,MONTAGEM MEXILO ESTRAHNO - DJ ZYNX - (Super slowed & Reverb) - (Tiktok Version),looksmaxxing,False,24881221.0,0
X7C8HyYcLsA,Mewing Skibidi Toilet vs Buzzsaw Mutant Toilet | Epic Battle 🔥,looksmaxxing,False,32708414.0,0
SYOqXrCt_tU,THAT ONE FRIEND 💀🧏🏻🤫#friend #friendship #mewing #jawline #shelove,looksmaxxing,False,18563014.0,-1
w-8240CEoSw,Lumi Athena - ICEWHORE [ Super Slowed ],looksmaxxing,False,13454860.0,-1
tHzwSNygQBo,Can't talk I'm mewing #memes,looksmaxxing,False,15498105.0,2
Af60K7oQgSc,i tried MEWING... 🤫🧏 (Animation),looksmaxxing,False,7833780.0,-1
UZVb28IUJtY,ICEWHORE! SLOWED,looksmaxxing,False,5663469.0,0
2OaHaaCbMvI,Mewing in Among Us,looksmaxxing,False,5218682.0,-1
PsTcJ7T2SOs,I Tried Mewing Gum....,looksmaxxing,False,5512692.0,-1
c7tlnz5OqZQ,Roblox Need More Mewing (SECRET ENDING),looksmaxxing,False,4399032.0,0
Z6sfIBoPL_Y,Mewing Mew!!!,looksmaxxing,False,4103869.0,-1
ZhEeM5TQmFs,Mewing in Minecraft,looksmaxxing,False,3759068.0,-1
IDOfSvVVY5k,30 Days Mewing Result (First Month),looksmaxxing,False,3033928.0,0
LOLdu159xUw,🔥Get Perfect mewing | Day 05/90 | #shorts #mensfashion #mewing,looksmaxxing,False,2637400.0,2
dv0pUuDBkho,MEWING MISTAKES | Why You're Not Seeing Jawline Improvements,looksmaxxing,False,2341573.0,-1
TJxpWl6H7lw,5 months mewing 🤯 #shorts #mewing #jawline,looksmaxxing,False,2020401.0,2
n9hk_k-LsCc,Mewing Mistakes In Hindi #mewing,looksmaxxing,False,1929710.0,2
rkdSyadqeSc,When Is It Too Late To Start Mewing?? (Tip 11/100),looksmaxxing,False,1628851.0,0
7QlE3QIwfP0,Can't put a title because I'm mewing. (a looksmaxxing playlist),looksmaxxing,False,1385609.0,0
NIw5IEQ9hk0,Mewing Side Effects | Mewing Mistakes,looksmaxxing,False,1401143.0,2
2VQw7_K-JJ4,Does Mewing Work? (3 year transformation),looksmaxxing,False,1196503.0,2
6E3hnhLXM60,How Do I Know If I Have A Recessed Maxilla?🤔,looksmaxxing,False,1440692.0,2
DJ7WfSJtl1s,Are you mewing rn? // Looksmaxxing playlist,looksmaxxing,False,1054123.0,-1
7RUFSVTGO3k,Profile Balancing | Chin Fillers | Nagpur aesthetics #chinfillers #mewing #jawline,looksmaxxing,False,1971534.0,-1
6Bq2lQcUI64,Jordan Barrett DANCE - SMOKE IT OFF - SLOWED,looksmaxxing,False,891636.0,0
YozWpf0gKR4,Ballers x Mewing x 🤣,looksmaxxing,False,1555567.0,9
2-BFkCYnY6A,Mewing kings x Ballers x 🤣,looksmaxxing,False,1354912.0,9
ycqimKRUU2Y,ROBLOX NEED MORE MEWING [All Endings],looksmaxxing,False,799356.0,0
pSyzqUHL9Zo,Teeth Position Mewing Exercise,looksmaxxing,False,918291.0,2
L6PhhLTDZf0,"432Hz | MEWING! Structure, Facial Thirds, Side Profile&More!",looksmaxxing,False,785053.0,0
XIYqZKoI2ow,Real MEWING TUTORIAL.STEP 1☠️🧏🏻#real #mewing #tutorial #shelove,looksmaxxing,False,786993.0,2
aMK3EGn26HU,"Mewing: How to Be More Attractive, Breathe Better and Live Longer | Dr. Mike Mew EP 180",looksmaxxing,False,642193.0,2
-sEhIT7z5lc,Cat Mewing (looksmaxxing) Music 10 HOURS,looksmaxxing,False,627536.0,-1
8Z9fSm_fc2M,Tập Mewing 24h để đẹp trai như Ronaldo,looksmaxxing,False,982367.0,6
4b_j0GPYJwA,BYE BYE SONG | MEWING PHONK 🤫🧏‍♂,looksmaxxing,False,563538.0,0
Xitkx9aLUm4,Mewing skills 😅,looksmaxxing,False,908320.0,9
il8t5Qt0U18,Salman Khan #mewing bye bye 🤫🧏‍♀️🗿#looksmaxxing,looksmaxxing,False,754984.0,2
yAX32ve2TBc,I Did MEWING Everyday for 100 Days,looksmaxxing,False,486519.0,2
d2mmwOYXW_8,The rizzler | Hide your girl | #rizz #edit #mewing mewi,looksmaxxing,False,554436.0,-1
urjMozLdcRk,Does Mewing Actually Work? Asking Dr Mew Tough Questions,looksmaxxing,False,450675.0,1
kASYqIouRDg,The Boys Starlight Mewing Song + Slowed part | Party in The USA (Pluggnb Remix Prod. Willare),looksmaxxing,False,427659.0,0
EHpiuyCwyNw,MEWING is a SCAM⚠️ #shorts #mewing,looksmaxxing,False,478972.0,2
hgTfsou5Tw0,6 Easy Step Get Sharp Jawline In One Month | Mewing Exercise,looksmaxxing,False,520702.0,2
o5KnYSkbMcA,30 days fixing receding chin | mewing and short chin exercise #shorts,looksmaxxing,False,389660.0,-1
kloqE4C0fSw,Surprising… This Simple Tongue Exercise (Mewing) Lifts Your Entire Face,looksmaxxing,False,299962.0,2
kX6rzEcdqKM,Does Mewing Actually Work?,looksmaxxing,False,343893.0,10
wG7f5actGLM,Mewing song: Every time more Bits (bye bye),looksmaxxing,False,253847.0,-1
SCtUAQc7mZE,2 Years of Mewing CHANGED MY FACE,looksmaxxing,False,252189.0,-1
BX0FfxTI2HY,Unreal Mewing skills x 😅,looksmaxxing,False,397060.0,9
R1I8t4j-6W0,Sean o'pry 🛐🔥 #edit #lookmaxxing #looksmax #mog #model #modeling #mewing #seanopry #sigma,looksmaxxing,False,497367.0,1
GYyb9JF7f_k,How to Zygo pull #mewing #looksmaxxing,looksmaxxing,False,313894.0,-1
m4g8IOtJUr8,How To Get Hunter Eyes | Hunter Eyes Without Mewing #mewing,looksmaxxing,False,276636.0,2
7Btph8S8OlI,How to do mewing (in hindi) || how to mew for beginners I| how to do mewing correctly,looksmaxxing,False,232868.0,2
QXA74_P5vqg,MEWING teeth position,looksmaxxing,False,358093.0,2
8EmnfKlYLtU,Bye Bye Mewing Cat Meme - Original Video with Bye Bye Sound,looksmaxxing,False,430752.0,2
6v0eTOlpBlo,How Mewing Is Ruining Thousands of Faces (Shocking Truth),looksmaxxing,False,169072.0,-1
37PBDr2VkH8,Pls Subscribe #mewing #walterwhite #gigachad #mewingguy #memes #memesdaily #memeshub #meme #funny,looksmaxxing,False,320889.0,2
10HjeqCraAs,How to Glowup before College for Boys?💥#glowup #shorts #looksmaxxing #college #school #students,looksmaxxing,False,2922229.0,1
Zfc8ZD2gHBM,He DOUBLED His Height! #latebloomer #heightincrease #height #taller #growth,looksmaxxing,False,3012669.0,1
9LjX9bHVLmQ,Get Glass Skin At Home | Glow Up Tips for Men (Looksmaxxing Guide),looksmaxxing,False,750964.0,0
Sf8qo4mno0g,Get Glass Skin at home | glow up tips for men | looksmaxxing for glass like glowing skin for men's|,looksmaxxing,False,688294.0,-1
TztmlPOjDpQ,How to transform your Looks 😱 #transformation #shortsindia #shorts #looks #looksmaxxing #hairstyle,looksmaxxing,False,737823.0,1
7hJF35QrHnw,5 Facial Features That Make You More Attractive. How To Develop Facial Features. Part - 2 in hindi /,looksmaxxing,False,507248.0,0
PQaMZceY-0I,"“I Regret Nothing!” Clavicular Exposes The Dark World Of Looksmaxxing, Attraction & Extreme Surgery",looksmaxxing,True,477449.0,-1
btZ52MoPdjs,Attractive Eyes for Men in 7 Days 😳 | Eye Area Looksmaxxing Guide | Hindi,looksmaxxing,False,284383.0,-1
5qe0EPEYF3Q,Is male pretty privilege worse for men than for women? #shorts #looksmaxxing #bp #edit,looksmaxxing,False,539024.0,1
HkCe7rklWfk,Is this the type of women that men like? #shorts #looksmaxxing #bp #edit,looksmaxxing,False,518193.0,1
5yvabSt31V0,Get Glass Skin at home | glow up tips for men | looksmaxxing for glass like glowing skin for men's|,looksmaxxing,False,169508.0,-1
r6f-EKmjXZY,Why Some Men Look Better As They Age (Looksmaxxing),looksmaxxing,False,136500.0,-1
KGSFeioLdnI,How to Quickly (Very Fast) looksmax: step-by-step guide (Age 14-25),looksmaxxing,False,106859.0,-1
rFVuMtQrseY,True Bromance😭 #edit #mog #looksmaxxing #viral #hairstyle,looksmaxxing,False,147424.0,1
Pa6y9vXdA_4,Are men always better looking? #shorts #looksmaxxing #bp #edit,looksmaxxing,False,177143.0,1
yn65q4atvGE,Are these men more attractive? #shorts #looksmaxxing #bp #edit,looksmaxxing,False,158627.0,1
ZAtaCdDKTTY,Most Handsome Men From Your Countries 🤝🌍 #looksmaxxing #countries #beauty,looksmaxxing,False,120548.0,1
p62QEEhHKAo,every race has their own looksmaxxer #archetypes #looksmaxxing,looksmaxxing,False,119448.0,1
M0yy-3SHpDQ,How To Look Attractive In Just 5 Steps🔥 | Men’s Looksmaxxing Guide 2026,looksmaxxing,False,63223.0,0
yAsivK3NG9Y,Are women actually better looking than men? #shorts #looksmaxxing #bp #edit,looksmaxxing,False,123798.0,1
Bzqd63BMNJk,Is this true about attractive men and women? #shorts #looksmaxxing #bp #edit,looksmaxxing,False,126882.0,1
44Gt7aZOvG8,Get Glass Skin at home I glow up tips for men | looksmaxxing for glass like glowingskin for men's,looksmaxxing,False,59670.0,-1
dR3f8qfVfAc,Do men only like naturally pretty women without makeup? #shorts #looksmaxxing #bp #edit,looksmaxxing,False,96341.0,1
Xrgs1p6BM34,Do unattractive men deserve women like this? #shorts #looksmaxxing #bp #edit,looksmaxxing,False,92207.0,1
uBOXVMdxBZw,Are women better looking than men now? #shorts #looksmaxxing #bp #edit,looksmaxxing,False,89084.0,1
lJf18bP3WZ4,The type of men women actually date #shorts #looksmaxxing #bp #edit,looksmaxxing,False,81792.0,1
gWWHwZJAQI0,Are men always better looking than women? #shorts #looksmaxxing #bp #edit,looksmaxxing,False,82882.0,1
IQ8TOznzdFE,Send this to bro😭✌️ #edit #mog #looksmaxxing #viral #hairstyle,looksmaxxing,False,73389.0,1
K9o1_wEYo18,Is this the type of men that women like? #shorts #looksmaxxing #bp #edit,looksmaxxing,False,74660.0,1
MRGA82lG6Ws,The short handsome man vs the tall guy #shorts #looksmaxxing #bp #edit,looksmaxxing,False,103072.0,1
1icly4GXkdU,Are these the type of men that women like? #shorts #looksmaxxing #bp #edit,looksmaxxing,False,68675.0,1
Wdpy9ZnrJsk,Wolf Cut Won’t Suit Everyone… Here’s Why #shorts,looksmaxxing,False,63861.0,-1
shgIxtfW2fM,Are these the type of men that women like? #shorts #looksmaxxing #bp #edit,looksmaxxing,False,70983.0,1
zHvJwRhBV40,Looksmaxxing Is Destroying Young Men..,looksmaxxing,False,32557.0,-1
lnu1I-Mrr_4,Why is height always talked about? #shorts #looksmaxxing #bp #edit,looksmaxxing,False,60329.0,1
d_-2TKE_ghQ,Looksmaxxing The Secret Men's Upgrade Everyone's Talking About! #shorts #skincare #beforeandafter,looksmaxxing,False,34107.0,-1
HwThMHNLBqM,Are these the men that women are attracted to #shorts #looksmaxxing #bp #edit,looksmaxxing,False,58592.0,1
gJ0QfHKgsvk,Are men and women equal in looks now? #shorts #looksmaxxing #bp #edit t,looksmaxxing,False,57761.0,1
yb4FmuUFf0w,Do women actually love Asian men? #shorts #looksmaxxing #bp #edit,looksmaxxing,False,50109.0,1
TZtSvj7p_lM,Does she have crazy standards for men? #shorts #looksmaxxing #bp #edit,looksmaxxing,False,63504.0,1
0rEeg-aJKzg,Zeta x based - screamtekk |#shorts #looksmaxxing,looksmaxxing,False,61059.0,1
OgUXIT0Dw2E,Had to grow it out😂 #edit #mog #looksmaxxing #viral #hairstyle,looksmaxxing,False,47533.0,1
SkCbkit1_TI,Are men starting to be better looking than women #shorts #looksmaxxing #bp #edit,looksmaxxing,False,53753.0,1
BU-tIOMN6o4,Are these the type of men that girls like? #shorts #looksmaxxing #bp #edit,looksmaxxing,False,48462.0,1
_4msLSjjw3I,Are men more naturally beautiful than women? #shorts #looksmaxxing #bp #edit,looksmaxxing,False,48509.0,1
wKSK3dNXwro,Are men better looking than women without makeup? #shorts #looksmaxxing #bp #edit,looksmaxxing,False,49903.0,1
kuRr7R7c5Vk,Do women always look better than men? #shorts #looksmaxxing #bp #edit,looksmaxxing,False,46664.0,1
EPlAiMFN3Wg,Men that are male gaze vs female gaze #shorts #looksmaxxing #bp #edit,looksmaxxing,False,45269.0,1
pGBhTPG5Dxo,Are men just better looking now #shorts #bp #edit #looksmaxxing,looksmaxxing,False,43923.0,1
ooyghD_NmVU,Are these the type of men that women like? #shorts #looksmaxxing #bp #edit,looksmaxxing,False,44124.0,1
fbxWiRoF7UM,Why do women treat certain men like this? #shorts #looksmaxxing #bp #edit,looksmaxxing,False,38511.0,1
PGSDKgS89cM,Do girls actually prefer men like this? #shorts #looksmaxxing #bp #edit,looksmaxxing,False,40422.0,1
FbGPUnm1fIM,Men Through out the decades #timotheechalamet #malebeauty #looksmaxxing,looksmaxxing,False,50119.0,-1
j0TiWbJHUgY,pov: most handsome men of 2000s - tom welling edit #looksmaxxing #shorts #tomwelling #trending,looksmaxxing,False,44503.0,0
B9QEu5kBzN0,Are women without makeup better looking than men? #shorts #looksmaxxing #bp #edit,looksmaxxing,False,35287.0,1
QCM9rwbafkk,Do men look better with beards? #shorts #looksmaxxing #bp #edit,looksmaxxing,False,37624.0,4
Ue3DPgkAmbg,Lorenzo Zurzolo Edit | Alors On Danse#shorts#looksmaxxing,looksmaxxing,False,48083.0,1
YgO-ZAlsfiI,Is this true about men and women standards #shorts #looksmaxxing #bp #edit,looksmaxxing,False,42949.0,1
YcJskFjDXP0,Do men like chubby women like this? #shorts #looksmaxxing #bp #edit,looksmaxxing,False,39702.0,1
cD5z5_Jg9Tc,Do you agree with her about men’s standards? #shorts #looksmaxxing #bp #edit,looksmaxxing,False,37839.0,1
yk0OfZ6WcBs,🥀 #looks #looksmaxxing #edit #memes #tall #men,looksmaxxing,False,45231.0,1
FWQrSahQ5Aw,How to Mew for Black Men🤯 #looksmaxing #mew #mewing #blackpeople #looksmaxxing,looksmaxxing,False,26048.0,2
tLWv2zaOXQI,Do men always look better than women? #shorts #looksmaxxing #bp #edit,looksmaxxing,False,33799.0,1
fhIj8fcH4UU,What Body Parts Matter Most for Men’s Looks… #menshygiene #menslook #looksmaxxing,looksmaxxing,False,30701.0,-1
W5FEmvXHFQA,Are men just better looking than their girlfriends? #shorts #looksmaxxing #edit #bp,looksmaxxing,False,34262.0,1
v5lZlYRUuyc,Do men treat ugly women like trash? #shorts #looksmaxxing #bp #edit,looksmaxxing,False,35312.0,1
WzcZIlYFSwk,3 Ideal Haircuts For Men with Big Noses #shorts #menshair #looksmaxxing,looksmaxxing,False,34219.0,0
UGN5DYM35gE,How Do Normal Men Feel? #looksmaxxing #dating,looksmaxxing,False,32425.0,-1
FY66SRlU6hE,Are men actually better looking than women? #shorts #looksmaxxing #bp #edit,looksmaxxing,False,26678.0,1
2MVDjveoyxU,Young men falling for looksmaxxing misinformation | 60 Minutes Australia,looksmaxxing,False,26109.0,0
Kn4moejszUI,Do women actually like ugly men? #shorts #looksmaxxing #bp #edit,looksmaxxing,False,31470.0,1
SMywrUjb2Oo,Is she right about men and women? #shorts #looksmaxxing #bp #edit,looksmaxxing,False,39562.0,1
79DOW1fkNdY,Is it actually over for short men? #shorts #looksmaxxing #bp #edit,looksmaxxing,False,26380.0,1
DB8oTye9rJI,Are these the soft looking men that women like? #shorts #looksmaxxing #bp #edit,looksmaxxing,False,33142.0,1
D5-e1vkLyog,Should men be able to wear height boosters? #shorts #looksmaxxing #bp #edit,looksmaxxing,False,33025.0,1
SrIdyL37H1o,Summer Grooming Tips For Indian Men | Looksmaxxing,looksmaxxing,False,14483.0,-1
-Q-sqTN0Wqc,Why are so many men lonely now? #shorts #looksmaxxing #bp #edit,looksmaxxing,False,31706.0,1
fo8x0giUuUE,Guys who watch looksmaxing videos #youtubeshorts #looksmaxxing #looks #look #funny #relatable,looksmaxxing,False,25910.0,-1
iIDWDn2pHR4,Is she right about men? #shorts #looksmaxxing #bp #edit,looksmaxxing,False,30864.0,1
Ak0XMOWbvhA,#tall #men #looks #looksmaxxing,looksmaxxing,False,27316.0,1
aniDtiKd1qg,Are all these men better looking than her? #shorts #looksmaxxing #bp #edit,looksmaxxing,False,26595.0,1
Ai24YFknA_8,Optimal Men's Eyebrow Looksmaxxing - How To Growing & Grooming Guide,looksmaxxing,False,13814.0,-1
OvtDCvO2LWA,Is this true about men’s height? #shorts #looksmaxxing #bp #edit,looksmaxxing,False,28183.0,1
cd4BT1xaKqk,Exposing the WORST Looksmaxxing Advice For Black Men,looksmaxxing,False,12259.0,-1
PveiWUBwYsk,The ONLY Looksmaxxing Guide Indian Men Need - Softmaxxing,looksmaxxing,False,462.0,1
60U7xu5rxUk,The 3-Step SOFTMAXXING Blueprint (Glow Up Fast) 🤫📈,looksmaxxing,False,381.0,0
5RmHFsNWCLk,"The ""Aura"" Trigger (Make Her Look Twice) #glowup #looksmaxxing #psychologyfacts #softmaxxing #halo",looksmaxxing,False,71.0,-1
UrtouZrTmgc,3 Softmaxxing Hacks That Change Your Face (7 Days) 🗿,looksmaxxing,False,13.0,10
zPHzzsh52Y8,The Mog Protocol's Complete Looksmaxxing Hierarchy (Softmaxxing to Chemicalmaxxing),looksmaxxing,False,7.0,-1
uvw0Eg4M7c4,Softmaxxing makes you soft 🗿 #shorts,looksmaxxing,False,12.0,1
8S34y44EOP8,Softmaxxing made you softer 🗿 #shorts,looksmaxxing,False,5.0,1
UF8JN9zCUYs,Looksmaxxer Clavicular edit 💀 best looksmaxxer #looksmaxxing #look #ytshorts #model #usa #fyt #looks,looksmaxxing,False,17687.0,-1
kze-Egv32Ko,Mizuki HARDMAXXING 3 Second Clear Time #genshinimpact,looksmaxxing,False,18838.0,-1
PTUitgPSWYA,Hardmaxxing #looksmax #lookism #looksmaxxing,looksmaxxing,False,16141.0,1
hPWsAovl7Do,"@SpectrumAesthetics3 WILD FootwearMaxxing | Bangkok Trip Morning Day 2, NO SLEEP | Hardmaxxing trip",looksmaxxing,False,5641.0,1
R3TMeo4fLoU,Clavicular is going TOO far with Hardmaxing,looksmaxxing,False,2952.0,-1
TfrdvwJ1t9U,how to fix a negative orbital vector (hardmaxxing),looksmaxxing,False,1294.0,1
BtrXr7-uRg0,female idols hardmaxxing!? part 1 #music #newjeans #cover #kpop #blackpink,looksmaxxing,False,1696.0,6
1E7kzCpaXoA,Sub 5 game trying to hardmaxxing🥀#fyp #fortnite #gunztheduel #viral #brainrot,looksmaxxing,False,1037.0,-1
QW-4RHfCL6s,Full Hardmaxx Guide | Best Surgeons for hardmax,looksmaxxing,False,514.0,10
XU5N7cwMeSU,How my student transformed his looks without hardmaxxing,looksmaxxing,False,893.0,-1
to5ClSoEMDE,Hardmaxxing Method to Get Glass Skin Naturally. (*ZERO Products*),looksmaxxing,False,341.0,-1
XLD64L5MVIQ,What If FaceIQ Started HARDMAXXING? #looksmax #facerating #looksmaxxing #faceiq #mewing,looksmaxxing,False,153.0,-1
D_KSKwjVaXk,Black Pill #looksmaxxing #hardmaxxing #blackpill #plasticsurgery,looksmaxxing,False,9.0,1
Hw1tjdCrjNM,hardmaxxing at zoo cuz bro is handsome (pt 3 zoo),looksmaxxing,False,3.0,6
EeksPY7zyNY,Hardmaxxing surgery won't fix what body fat will resolve,looksmaxxing,False,2.0,-1
aA1PcHV_I4k,Real Mewing Bro☠️🤫🧏🏻#real #mewing #tutorial #tips #stepbystep #shelove,looksmaxxing,False,23990358.0,2
RDcYhcDDtSw,Real “MEWING”! #shelove #mewing #tutorial #trick #aesthetic #shortsviral,looksmaxxing,False,22288564.0,2
GCoypTOrGSk,Real natural mewing tutorial🤫🧏🏻‍♂️💀#real #natural #mewing #tutorial #shelove,looksmaxxing,False,31004455.0,-1
FViRChuTh8M,Real mewing tutorial🤫🧏🏻‍♂️💀#real #mewing #tutorial #stepbystep #tips #shelove,looksmaxxing,False,26263516.0,2
q8IOmRK3qcI,Real mewing ☠️🤫🧏🏻#real #mewing #tutorial #stepbystep #shelove,looksmaxxing,False,12270683.0,2
QbxC-2Syo30,ONE JAW EXERCISE for THREE MINUTES per day to get a FIRM FACE,looksmaxxing,True,10795684.0,-1
3p5PDRtG93Y,How to Get A More Defined Jawline - In Only 5 Minutes!,looksmaxxing,False,7802814.0,-1
Lbw0xGfstHg,HOW TO GLOW UP *in 5 steps*,looksmaxxing,False,4915824.0,0
S8DfLCsWxc0,How To Draw Mew From Pokémon,looksmaxxing,False,4217078.0,-1
SQJmpiqjMiU,HOW TO GET A STRONG JAWLINE (Tip 12/100),looksmaxxing,False,3860908.0,2
IQ4pMHp7dmI,REAL MEWING AND SKINCARE TUTORIAL#real #mewing #skincare #tutorial #shelove,looksmaxxing,False,3191028.0,2
uvgxnFF_ai8,REAL MEWING☠️🧏🏻#mewing #advice #tips #naturalbeauty #tutorial #shelove,looksmaxxing,False,3069112.0,2
5Kmn5HowjVY,TUTORIAL BEST 4 ROUTINES💀#tutorial #routines #scincare #hairstyle #mewing #shelove,looksmaxxing,False,2577745.0,2
eaAjxCq6Njc,REAL MEWING TIPS💀🤫🧏🏻#real #mewing #tips #tutorial #advice #shelove,looksmaxxing,False,2397078.0,2
HcWzqHCexJE,Easy Mewing Tutorial🤫🧏🏻‍♂️💀#tutorial #mewing #easy #stepbystep #tips #shelove,looksmaxxing,False,4974017.0,-1
Pj2f5x_ipEg,Want a Sharper Jawline? Start Here,looksmaxxing,False,1817675.0,2
0CazIpWYBgc,How to get hollow cheeks fast! (from a model),looksmaxxing,False,1563422.0,-1
Y9EjhUCpyZw,Mewing Exercise & Breathing,looksmaxxing,False,1350474.0,2
l8Rh2rCWlXo,PROOF HAIRSTYLE CAN CHANGE YOU!💀#proof #hairstyle #change #mewing #jawline #shelove,looksmaxxing,False,1092918.0,2
fsSv4bziG-E,REAL EXTREMELY HARD MEWING TUTORIAL💀🧏🏻‍♂️#real #extremely #hard #mewing #tutorial #shelove,looksmaxxing,False,1055426.0,2
KDCkrHs1j8w,Fastest way to get the Best Jaw & Cheekbones,looksmaxxing,False,1022422.0,-1
QUAAHk9Nppo,How to Fix Jaw & Face Asymmetry (FOREVER),looksmaxxing,False,917689.0,2
2xSlX7n-IHw,The McKenzie Chin Tuck (Rosie Mew's version): How Body Posture Affects the Face | Exercise,looksmaxxing,False,885378.0,2
IDRBCm3Yco0,BASIC NATURAL GLOW UP TUTORIAL💀#basic #natural #glowup #tutorial #mewing #shelove,looksmaxxing,False,842243.0,-1
iGlpylPjktw,REAL MEWING TUTORIAL🧏🏻‍♂️💀😮‍💨#real #mewing #tutorial #jawline #stepbystep #shelove,looksmaxxing,False,748443.0,2
_dIMzj_TIb0,Mewing Breathing,looksmaxxing,False,716898.0,2
wKgumxhuZd8,Mewing Exercise Benefits 😱 #mewing #exercise,looksmaxxing,False,660422.0,2
6vBnf6-0mNE,MEWING Exercises For JAWLINE SECRETS,looksmaxxing,False,620244.0,2
971IjBtKCDk,HAIRSTYLE TUTORIAL💀#hairstyle #tutorial #mewing #shelove,looksmaxxing,False,558061.0,2
4qgfjXU5m1c,Real Easy Mewing Tutorial🤫🧏🏻‍♂️💀#real #easy #mewing #tutorial #stepbystep #tips #shelove,looksmaxxing,False,1167166.0,2
jG4uAVoKoi8,Mewing Teeth Position,looksmaxxing,False,518591.0,2
U-KmbwJRI_k,JAWLINE CONTROL TUTORIAL💀🧏🏻‍♂️#jawline #control #tutorial #mewing #shelove,looksmaxxing,False,540100.0,-1
0XEImacrnT4,Real mewing routine tutorial🤫🧏🏻‍♂️💀#real #mewing #routines #tutorial #tips #shelove #stepbystep,looksmaxxing,False,1033459.0,2
Z_0OTyzi9dI,"REAL MEWING,10 lvl💀#real #mewing #tutorial #stepbystep #progress #shelove",looksmaxxing,False,461154.0,2
31M1i8UMAz8,Mewing tutorial explained😳 #shorts,looksmaxxing,False,443266.0,2
AUQ_lN_2YeI,SURGERY VS NATURAL🧏🏻‍♂️💀#mewing #natural #jawline #shelove,looksmaxxing,False,826464.0,2
nruUrUgBusk,Real right mewing tutorial🤫🧏🏻‍♂️💀#real #mewing #tutorial #stepbystep #right #shelove,looksmaxxing,False,712995.0,2
V0ENTcA8r34,How To Fix Asymmetrical Face Mewing Exercise,looksmaxxing,False,474280.0,2
Dca20lPo_H4,Hunter Eyes Mewing Exercise #mewing,looksmaxxing,False,358244.0,2
98CONLStkds,How to Mew for Black Men,looksmaxxing,False,350462.0,-1
89kKx3H2rFU,TUTORIAL TO REACH SHARP JAWLINE💀🧏🏻🤫#turorial #sharp #jawline #mewing #posing #shelove,looksmaxxing,False,308969.0,-1
VNj5BGRehhY,I Spent 9 Months Fixing My Overbite Naturally | 4-Step Guide,looksmaxxing,False,313118.0,-1
zpDtKSYFzGY,Mewing tutorial,looksmaxxing,False,492161.0,2
AYP5is5I8es,REAL MEWING TUTORIAL💀🧏🏻‍♂️#real #mewing #tutorial #shelove,looksmaxxing,False,279461.0,2
hnqV4KEAx-k,Zygo Pulling To Become More Attractive? #mewing #lookmaxxing #huntereyes,looksmaxxing,False,407315.0,-1
FYINXpz0ddc,JAWLINE CONTROL TUTORIAL 🧏🏻#jawline #control #tutorial #mewing #shelove #training,looksmaxxing,False,271116.0,2
bsBXW2bnPXM,Mewing tutorial #sharpjawline,looksmaxxing,False,238908.0,2
8BDBLuep7WY,POWER OF MEWING💀🧏🏻#power #mewing #tutorial #posing #shelove,looksmaxxing,False,236804.0,-1
9vPVhI-RrK4,WORST MEWING POSING💀#mewing #proof #tutorial #shelove,looksmaxxing,False,219815.0,-1
TEZ_NiSHeJ4,SHELOVE MEWING TUTORIAL AMSR!!!,looksmaxxing,False,218759.0,0
ZeKg6LO1hig,Real mewing tutorial🤫🧏🏻‍♂️💀#real #mewing #tutorial #tips #stepbystep #shelove,looksmaxxing,False,506792.0,2
2Ck_39cDtpA,Mewing vs chewing #mewing,looksmaxxing,False,196985.0,2
3jcElrL9Bmo,The Dangers For Mewing 😱| #mewing,looksmaxxing,False,187463.0,2
0psyF_L4KP4,Hard Mewing for FASTER RESULTS (Not For Beginners),looksmaxxing,False,181653.0,2
QavbyWRMYh4,REAL MEWING TIPS💀🧏🏻‍♂️#real #mewing #tips #tutorial #stepbystep #shelove,looksmaxxing,False,170621.0,2
KEQOElNz7ZA,The Secret to Correcting Uneven Mewing (Swallowing Pattern),looksmaxxing,False,165602.0,2
AOCTeKtS91g,[ASMR] Drawing Mew Mewing,looksmaxxing,False,161210.0,0
nCwH7HCkkdE,Arlecchino Mewing Tutorial | Animation,looksmaxxing,False,145315.0,-1
igOPFNSSDOY,Mewing All Types | Mewing Exercise,looksmaxxing,False,141536.0,2
y0Tez1-SXx8,The Only Mewing Guide That Actually Makes Sense,looksmaxxing,False,138156.0,2
_B3_SU1vSqw,Yes. Thumb Pulling: Full Guide on Mewing Faster (w/ sauce at the end),looksmaxxing,False,125882.0,0
JLiLVnaWyVg,JOHNNY DEPP HAIRSTYLE TUTORIAL💀#johnnydepp #hairstyle #tutorial #haircut #mewing #shelove #90s,looksmaxxing,False,195294.0,2
jxHMdWL2h_E,Real mewing tutorial🤫🧏🏻‍♂️💀#real #mewing #tutorial #stepbystep #guide #shelove,looksmaxxing,False,245371.0,2
U0zOSqNR8qc,Looksmax tutorial #GlowUp #glowuptipsformen #mewing #selfcare #glowup #menshair #duet #eyes #short,looksmaxxing,False,322604.0,0
F3ntOnHBRmM,REAL MEWING TUTORIAL💀🧏🏻‍♂️#real #mewing #tutorial #shelove #jawline,looksmaxxing,False,106885.0,2
kHqL7xkYqPo,How To Achieve Mewing Habits #mewing,looksmaxxing,False,100444.0,2
-LwTPOSPKUg,Real Mewing Tutorial🤫🧏🏻‍♂️💀#real #mewing #tutorial #stepbystep #tips #jawline #shelove,looksmaxxing,False,188928.0,2
6fipyITyqrg,Shape Jawline Look Ugly Big Reason Mewing Exercise,looksmaxxing,False,114039.0,2
-xcCl1B_NeU,Asymmetrical Face Mewing Exercise #mewing,looksmaxxing,False,91321.0,2
P5d-j94t_aM,How To Become A Different Person In 15sec Tutorial💀#tutorial #stepbystep #mewing #shelove,looksmaxxing,False,200826.0,2
fd0v-wXYZ3M,6 : Mewing Tips Changed My Face Shape 😮,looksmaxxing,False,88070.0,0
Swtf5oCD-iI,How to Do Thumbpulling 2.0 ( Full Demonstration ),looksmaxxing,False,86442.0,-1
8tFFVCF5AT4,Ultimate JAWLINE Guide : How to do mewing (Hindi) || Change your face Permanently || @chadtag,looksmaxxing,False,80880.0,2
HjIh1i880pw,Real natural mewing tutorial🤫🧏🏻‍♂️💀#real #natural #mewing #tutorial #jawline #shelove,looksmaxxing,False,185796.0,2
d48Z-RrcrIc,Proof that tutorial hairstyle makes your look💀#tutorial #real #hairstyle #mewing #jawline #shelove,looksmaxxing,False,156058.0,2
N8K00jUYXGg,This is the Spartan's mindset 🤯💪 #shorts,manosphere/ideologia,False,23410624.0,-1
b7Gh3eOmrs0,Never judge a book by its cover... the real story is always inside,manosphere/ideologia,False,35522916.0,0
YthUiP_nFfw,Men are Brave ❤️‍🩹.... #shorts #motivation #trending #viralshorts #explore #youtubeshorts #edit #fyp,manosphere/ideologia,False,20433755.0,-1
OEP-z8CCt2U,kissan ki fielding set hai 💀 #rajshamani #motivation #aura #mindset,manosphere/ideologia,False,29873795.0,5
NkrfKjIXqDg,8 Rules to become dangerous 😵‍💫 #motivation #mindset #entrepreneur #entrepreneurquotes #success,manosphere/ideologia,False,16019665.0,5
nR1LrtyM1Y8,Aaryan Kelvin luxury 🤑💸 outfit | outfit for for success mindset 👑 #aaryankelvin #fashionshorts,manosphere/ideologia,False,30994264.0,-1
Ine7EWIoH9g,Women Love High Value Men! 😍| Sigma Male | #shorts #viral,manosphere/ideologia,False,13881201.0,-1
vSQbJ9FMU0U,Mentality of Women vs Men Barcelona 🤯,manosphere/ideologia,False,13773124.0,9
mPQBcb9wf8Q,"LOVE EXPERT ON: When A Man TRULY LOVES You, He Will DO THIS! | Stephan Speaks & Jay Shetty",manosphere/ideologia,False,9042201.0,-1
SjaT9WdGAGQ,Ninja Makes How Much??? 🤑💰 - Steve Harvey #mindset #motivation #steveharvey,manosphere/ideologia,False,8937216.0,-1
GOqEl4ADyVk,TOM HOLLAND: How Tom Overcame Social Anxiety- The Mindset That Changed Everything!,manosphere/ideologia,False,8968592.0,-1
0mm57rH1sTE,THE MINDSET OF HIGH ACHIEVERS - Powerful Motivational Video for Success,manosphere/ideologia,False,7616338.0,0
0tqq66zwa7g,"Change your mindset, change the game | Dr. Alia Crum | TEDxTraverseCity",manosphere/ideologia,False,7585426.0,-1
8wnz3_t-b5k,Elon Musk Mindset | 4 Secrets That Made Him a Billionaire | Elon Musk | Sonu Sharma,manosphere/ideologia,False,7575481.0,-1
CDFxLsF4d4Q,Nervous System Reset | 1 hour handpan meditation | Malte Marten,manosphere/ideologia,False,7888199.0,0
d2U-UZRTRuE,6 Habits of People with High IQ 🧠 #stoicism #mindset #motivation,manosphere/ideologia,False,7975506.0,-1
2K0SukRhGOY,IT'S HIM 📈😈 #motivation #mindset #success #discipline #consistency,manosphere/ideologia,False,7145668.0,5
ZWMU3eNS5F8,Men Vs Women #men #women,manosphere/ideologia,False,6926625.0,-1
Pnxx9-AnL4Q,Mindset Of Elon Musk🔥🚀🚀#physicswallah #alakhsir #elonmusk #success,manosphere/ideologia,False,11409088.0,0
CPUb9kK14kk,Mindset Over Everything #motivation #mindset #selfimprovement,manosphere/ideologia,False,12617888.0,0
xr313pfy-lU,This comeback is personal ☝️📈🔥 | Motivation | Mindset | Hustle | f1,manosphere/ideologia,False,11487749.0,-1
-93Ut7iJ4iM,More than🤔 #motivation #discipline #quotes #motivationspeech #success,manosphere/ideologia,False,7613153.0,5
V_ukiT_QNsQ,THE MINDSET OF HIGH ACHIEVERS #4 - Powerful Motivational Video for Success,manosphere/ideologia,False,4330122.0,0
yCFyISasQKw,To All My F Students. #success #motivation #god #business #money #mindset #life #love #happy,manosphere/ideologia,False,4173269.0,5
VMjhvmV599g,7 Books that Will Actually Change your Life,manosphere/ideologia,False,4968581.0,-1
1aY49YU8uBQ,What Women Don't Understand About Men | Jordan B Peterson,manosphere/ideologia,False,3458514.0,-1
lTwIcjH9Ko8,Jeff Bezos Vs Employee Real Time Salary #jeffbezos #motivation #billionaire #mindset,manosphere/ideologia,False,8004387.0,-1
mcp_fX9TSYg,"Why Humans Turn Into Monsters: Body Language, Mindset & Traumas | Gaurav Gill | FO407 Raj Shamani",manosphere/ideologia,False,3028489.0,-1
0CAkzadBA6c,Bulletproof UPSC Mindset 💯 #upsc #upscmotivation #physicswallah,manosphere/ideologia,False,4592381.0,-1
px9CzSZsa0Y,The Mindset of a Champion | Carson Byblow | TEDxYouth@AASSofia,manosphere/ideologia,False,2663668.0,0
0nH2gU0JuxQ,Wait for the Men. ☠️🔥 #motivation #success #mindset #discipline #selfimprovement,manosphere/ideologia,False,5090506.0,0
IzsWvOiblmI,TOP 3 BOOKS under 500RS Everyone Should READ! #shortsindia #millionairemindset #viralvideo,manosphere/ideologia,False,2721273.0,7
_CyOBIMvdb4,“Men Gain Self-Esteem By Saying No To Women” | Sadia Khan,manosphere/ideologia,False,2524863.0,-1
zw0-K46SNEw,Books that Helped Iman Gadzhi Succeed,manosphere/ideologia,False,2604303.0,-1
ftVNoXn-uAo,"How to Smell Rich: Perfume Hacks, Men vs Women & Lasting Tips - Abdulla Ajmal | FO387 Raj Shamani",manosphere/ideologia,False,2623862.0,-1
gXDBlMi-dsU,Save Masculinity for Next Gen #masculinity #viralvideo #shorts #men #strength #gym #genz,manosphere/ideologia,False,2412184.0,-1
2liO8zHVGBs,Remember 🫵🏻‼️#motivation #mindset #quotes #hardwork #discipline #shorts,manosphere/ideologia,False,5343205.0,5
VVOr20IEN_U,Same age but different mindset ❤️‍🩹🇮🇳 #shorts #motivation #india #bharat #facts,manosphere/ideologia,False,3517911.0,-1
hcvmq-hcDIE,"Top 10 Rules To Win In 2025, Develop A Winner Mindset & Change Your Life | FO297 Raj Shamani",manosphere/ideologia,False,2307203.0,0
wFNtN_XTroA,Stay Disciplined ♠ #motivation #mindset #quotes #hardwork #discipline #shorts,manosphere/ideologia,False,4103298.0,5
0BjFP5duob0,Rohit Sharma reveals his mindset during his 92(41) vs Australia in the 2024 ICC T20 World Cup!,manosphere/ideologia,False,3231351.0,6
3T3bR8sxnmo,99% SUCCESSFUL People Think Like This - RICH Mindset ft. Sandeep Jethwani | FO 50 - Raj Shamani,manosphere/ideologia,False,2206149.0,-1
wy7ijqCa4Ro,Male ego #hardworkworks #motivationalquotes #motivation #masteringdiscipline #successmotivation,manosphere/ideologia,False,4736665.0,5
1fU-mLQHKvY,Be a Pro: The SEAL Team 6 Mindset | DEVGRU Operator: DJ Shipley,manosphere/ideologia,False,1792004.0,-1
t_Do6ut-TD0,Cringe Nahi Player Bano (F*ckboy Mindset) 😉 | Sarthak Goel,manosphere/ideologia,False,1747097.0,-1
YB8ma6fmb1A,You Were Never Taught How to Be a Man - Dry Creek Dewayne (4K),manosphere/ideologia,False,1736790.0,0
fewO4TkBboM,When You Take Your Comeback Personally 💎 | Luxury Motivation | Success Mindset,manosphere/ideologia,False,3538672.0,0
kXH36VoLuZI,The Most Valuable 20 Minutes You’ll Spend Today | Matthew McConaughey Motivation,manosphere/ideologia,False,1556685.0,0
97z_e39hKMQ,“Nobody cares about men’s issues”🤡🤡🤡 #shorts #men,manosphere/ideologia,False,2354209.0,-1
ZuHHYRD6AHQ,To Grow You Must Suffer.,manosphere/ideologia,False,1373969.0,0
3b3OVrhhDl0,Girl's mentality vs men's mentality 🙎‍♂️💁‍♀️(+1M) #football #shorts #footballshorts,manosphere/ideologia,False,1147323.0,9
7P3gEnzjfa8,That 1% Chance🔥📈,manosphere/ideologia,False,2146067.0,0
5MPbgCacWaY,when both have a same ego 💀 #mindset #tiger #motivation,manosphere/ideologia,False,2152959.0,0
OwqJnqY4iuk,This Video Will Make You Dangerously Confident – Machiavelli,manosphere/ideologia,False,963672.0,-1
BXdXp82Y0sI,According Psychology IF A Man Has These 5 Things • #relationship #motivation #lifequotes #lifelesson,manosphere/ideologia,False,1982370.0,5
Ajz8VLeScJ8,How to Build Dressing Sense in 2026 | Men’s Complete Style Guide Ft. Sindhu Sridhar,manosphere/ideologia,False,1047262.0,-1
de8COPpkAVk,The Coldest Words in Human History 🥶 | David Goggins Motivation on No Limits,manosphere/ideologia,False,1329379.0,0
iLHHvWVdu_g,How to Create a High-Value Aura That Attracts Everyone (Complete Guide),manosphere/ideologia,False,880269.0,-1
iZjbD-OYqjs,Shift from Poor to Millionaire Mindset,manosphere/ideologia,False,806905.0,0
Wk1vDnWT5Pw,Men's Mentality Exposed,manosphere/ideologia,False,743538.0,-1
FhYRRLL56ns,10 Mindblowing Books You Should Read In 2023 #shortsindia #millionairemindset #viralvideo,manosphere/ideologia,False,787472.0,7
VD2Lbx_5kMk,YOU VS YOU - Best Motivational Speeches Compilation (Coach Pain FULL ALBUM 2 HOURS),manosphere/ideologia,False,676507.0,-1
4W64WGFy-Js,The Savage Mindset That Makes Hard Things Easy - Jocko Willink (4K),manosphere/ideologia,False,665082.0,-1
_1XhDHwRg0I,These 13 Books Made Me a Multi-Millionaire CEO,manosphere/ideologia,True,681412.0,-1
GuS-TvDiJV8,Wait for high iq.🔥#mindset #selfimprovement#motivation #discipline,manosphere/ideologia,False,923216.0,0
8fzB2rTc5qQ,Inside the mindset of Russian soldiers invading Ukraine,manosphere/ideologia,False,596998.0,0
4bKPq3E2IXI,No Loyalty? His Ego Takes Over 🗿🔥,manosphere/ideologia,False,1139410.0,0
jMVqBStam-A,Ladkio को Ignore करो 😉💔(Sigma Male Mindset) | Girls Love Men Who Ignore Them🗿🔥| Sarthak Goel,manosphere/ideologia,False,478431.0,-1
OoC07F_snbw,Ilia Topuria Mindset 🦁🔥 | Your Next Opponent Is... YOU #ufc #illiatopuria #octagon #youvsyou,manosphere/ideologia,False,1068012.0,-1
zDqTjXeVwCc,Imposter syndrome at special forces selection #greenberet #mindset,manosphere/ideologia,False,501066.0,-1
ob5bqO89mNE,Be a winner! | Football Coach Speech #mindset #motivation #discipline #quotes #advice #winner,manosphere/ideologia,False,844390.0,5
1SQbcXZlCFM,The Perfect Shower Routine For Men,manosphere/ideologia,False,409943.0,-1
ZgIdO0eiORg,Sigma Rules 😎🔥~ UNSTOPPABLE ! #motivation #mindset #inspirational #peakyblinders #sia,manosphere/ideologia,False,535259.0,-1
HJBLC1aG-gk,Jose Zuniga on MODEL Skincare Routine,manosphere/ideologia,False,417283.0,-1
PXHGkmEHxd8,This TOOL From MAN VS WILD Will Blow Your Mind! #shortsindia #millionairemindset #viralvideo,manosphere/ideologia,False,380273.0,-1
zJcXKAXIbkc,One Confident Female Mindset That Drives Men Crazy,manosphere/ideologia,False,391734.0,-1
UFCXhnTT6RA,How to be a REAL MAN - MASCULINITY EXPLAINED 💪,manosphere/ideologia,True,410528.0,0
7C53MfgyxDY,1970: Mindset of a Marathon Man | Look Stranger | Classic BBC Documentary | BBC Archive,manosphere/ideologia,False,350494.0,-1
xYbRr93q7UY,Sigma Male vs Alpha Male | 6 Major Differences,manosphere/ideologia,False,333453.0,0
HPury8Tps-M,You have to suffer... #davidgoggins #motivation #motivationalquotes #mindset #quotes #elitemindset,manosphere/ideologia,False,321128.0,0
k51vPrqestY,Business Mindset by Sandeep Maheshwari BUSINESS SERIES #shorts #businessseries #sandeepmaheshwari,manosphere/ideologia,False,614382.0,-1
HYAtepiTod8,MINDSET MATTERS | Let God Change Your Mind,manosphere/ideologia,False,293773.0,-1
xxJfyZ7Aw5A,Why do women seem to complain more than men? #relationshipadvice #lifecoaching #jayakishori,manosphere/ideologia,False,445432.0,-1
lcaO23cdAMA,Masculine Power Affirmations For Men | Dominant Alpha Abundance Mindset | Strong And Independent,manosphere/ideologia,False,267532.0,0
z5bJySwEzOc,How to Actually Build Self-Confidence.,manosphere/ideologia,False,414203.0,-1
cud-nSilD9k,Ultimate Alpha Male Mindset v1 | Powerful Subliminal,manosphere/ideologia,False,230505.0,0
PLX1bRGWHX0,Men Will Be Men🗿#mindsetmatters #motivationalquotes #mindsetminute #motivation,manosphere/ideologia,False,307749.0,5
f__gfZeuB4k,11 Brutal Realities Every Man Learns Too Late #lifelessons#mindsetshift#motivationdaily,manosphere/ideologia,False,699904.0,-1
fuq7Iz3AVYI,David Goggins Mindset – No Music. No Motivation. Just Discipline,manosphere/ideologia,False,161599.0,0
ezXAsOZbyZo,3 Methods to Develop a Millionaire Mindset | Jim Rohn Motivation,manosphere/ideologia,False,162289.0,-1
OFyoS1mcOqs,DEMETRI WILEY: The Encouraging Mindset of a 28-Year-Old Man Passionate About Marriage and True Love,manosphere/ideologia,False,120077.0,-1
feZAAW9chQY,Mindset: Why Men Should Never Try To Get An Ex Back,manosphere/ideologia,True,117437.0,-1
idjSImIkTK4,10 Things That Turn a Boy Into a Real Man (MARD or NAMARD),manosphere/ideologia,False,117946.0,-1
43-4U-i0TEk,The Man Who Healed Alone #motivation #shorts,manosphere/ideologia,False,250817.0,-1
KVNVrAAgSs8,WHY TO WEAR WALMART JEANS?,manosphere/ideologia,False,127799.0,-1
4NRHAoLN2SM,"""THE G MINDSET"" - How to be a TOP.G - Motivational Speech by Andrew Tate | Andrew Tate Motivation",manosphere/ideologia,False,94926.0,0
KeeftteiSv0,Do 5 Things to Transform from BOYS Into MEN 😫🔥| Motivation | தமிழில்,manosphere/ideologia,False,89136.0,-1
_ng3aicC76c,Ultimate Sigma Male Mindset | Powerful Subliminal,manosphere/ideologia,False,88455.0,0
9BTciUSS79w,Men Are Brave 🗿. #mindsetmatters #motivationalquotes #mindsetminute #shorts,manosphere/ideologia,False,172369.0,0
je1JLX52wik,Men Mindset ☠️ #viral #aura #trollface #menmindset,manosphere/ideologia,False,104371.0,5
I-x4oAOgfKE,11 Sigma Male Characters In Movies | Sigma Mindset,manosphere/ideologia,False,54473.0,0
aqxZs3rvwbs,Never Trust Men 💀🤫 #shorts #viral,manosphere/ideologia,False,90356.0,0
3vZ--W-MsFU,"The (male) ENTJ mindset to love, dating & relationships",manosphere/ideologia,False,52718.0,0
4eZAvMB35jg,Dating Life: British Men vs Nigerian Men Mindset,manosphere/ideologia,False,50593.0,1
zF9hqefuOpE,Learn What It Takes To Achieve The Mindset Of a TRUE SIGMA MALE | Notes From a Sigma Male,manosphere/ideologia,False,43452.0,0
r6CXCIarQTQ,Kevin Samuels DESTROYING SASSY MEN Who DISLIKES His MINDSET,manosphere/ideologia,False,43314.0,-1
tH8dtzP0KWY,Women angry man's shock ❤‍🔥📉..... #angry #aura #mindset #improvement #women #shortsfeed #viral,manosphere/ideologia,False,81948.0,1
1pp54bO8vgc,This Makes A High Value Man,manosphere/ideologia,False,7425652.0,-1
SgdqbTCW8qg,“So I’m Supposed To Settle For A Regular Type Dude?!” ©,manosphere/ideologia,False,4295747.0,0
QPs6GV4rLm4,"Kevin Samuels on High Value Men, ""Average at Best"" Women, Gay Rumors, Lori & Megan (Full Interview)",manosphere/ideologia,False,3348312.0,0
x4eGG1k4Kkw,D&D Animated: High Value Goblin... 🤣 #dnd #ttrpg #dnd5e,manosphere/ideologia,False,4568879.0,6
hAS5p4KiZvk,🔥 How to Lose a High-Value Man Fast,manosphere/ideologia,False,3328419.0,-1
6Cl-YdOXcgY,Why do women love BUSY men? - Sadia Khan #relationship,manosphere/ideologia,False,2536445.0,5
RrO_ahijc4g,5 Traits of The Top 1% Man,manosphere/ideologia,False,1911620.0,0
pI1SG0xIxnw,4 RULES TO BECOME AN ALPHA MALE 😈🔥~ Tyler durden 😈~ Attitude status🔥~ motivation whatsApp status,manosphere/ideologia,False,2001453.0,-1
cpWRQVT7xbo,High Value People Always Get Tested,manosphere/ideologia,False,1902550.0,0
KY15YTnpMTg,Increase Your Value #IVMovement ©,manosphere/ideologia,False,1671777.0,0
s1sM-zyFCfM,The TRUTH About Dating a High Value Man 🔥,manosphere/ideologia,False,1488897.0,5
W2toHa3e4BY,"High-Value Hobbies Everyone Should Master, Start Today",manosphere/ideologia,False,1524290.0,-1
s_8ECvnIomk,What men DON'T UNDERSTAND about FEMALE SELECTION: what being high-value does and does not get you,manosphere/ideologia,False,1410788.0,-1
XvoeCIiHvho,D&D Animated Side by Side: High Value Goblin... 🤣 #dnd #ttrpg #dnd5e,manosphere/ideologia,False,2426184.0,6
wqedmNgG_Dk,WHY HIGH VALUE MEN DON'T WANT BOSS BABES 😮 @whatever,manosphere/ideologia,False,1212800.0,-1
KQm8H8AVHcY,7 Signs He's A Low-Value Man (Get Out!),manosphere/ideologia,False,1205398.0,-1
DDoy0wd32ew,Differenece between High and LOW VALUE MEN,manosphere/ideologia,False,1170929.0,-1
or6A1Pl04ss,Are You A 'Low Value' Male?,manosphere/ideologia,False,1137226.0,-1
YGRKsbmXBAo,Kevin Samuels | Get Your Money Up! (MUST WATCH),manosphere/ideologia,False,1110702.0,0
o__2-IZnHGE,10 Things High Value Men NEVER Do (Low Value Men ALWAYS Do),manosphere/ideologia,False,1062816.0,-1
yPZAxiupSbo,"Top 6 Traits to Look For in a High-Value Man (Matthew Hussey, Get The Guy)",manosphere/ideologia,False,1060959.0,0
1rHpzdAkkbg,"HIGH VALUE MAN of CHINA is searching for ""high value female with great body"" | Sushi Balls Mukbang",manosphere/ideologia,False,1029370.0,0
xI1g3wnaLGk,What Is A High Value Man? High Value Men Defined ©,manosphere/ideologia,False,1024191.0,0
zht_a7JGS5U,D&D Animated: High Value Goblin! 🤣 #dnd #ttrpg #dnd5e,manosphere/ideologia,False,1703636.0,6
PrKmnq9Fugk,HOW TO BE A HIGH VALUE MAN,manosphere/ideologia,False,867156.0,-1
NjowcfgDlvs,High Value Christian Man Versus Lost Souls on Dating Show,manosphere/ideologia,False,839183.0,0
GR_8obF7gOI,Men Start Winning at 40 ©,manosphere/ideologia,False,842321.0,0
db7gOj9N7xA,Affirmations for GREATNESS + Excellence ⟁ Manifest Your Highest Self ⟁ Binaural Alpha 12hz,manosphere/ideologia,False,807404.0,0
uclnVjex95k,You're NOT a High Value Man...,manosphere/ideologia,False,801341.0,-1
PfK00SZxexM,How High Value Men Act Around Girls,manosphere/ideologia,False,782222.0,5
Dy_U4vKgR7M,Masculine traits that women look for in a man… #datingcoach #datingcoachformen,manosphere/ideologia,False,1309313.0,5
v20dmjb7N_U,5 Traits Of A High Value Man | Courtney Ryan,manosphere/ideologia,False,736383.0,-1
Gj2py5Wvojg,How To BECOME A High Value Man,manosphere/ideologia,False,734725.0,5
YG52Bd9j-dc,Only These Women Deserve High Value Men ©,manosphere/ideologia,False,713656.0,0
TOCCSFO4bEo,High Value Men Cheat ©,manosphere/ideologia,False,699639.0,0
7SsiPtJtIX0,Is this true about the “real” definition of a “top tier” man? 👀,manosphere/ideologia,False,695320.0,5
lxs7Vfw3nhg,High Value Men Like @billgates Exercise Their Options ©,manosphere/ideologia,False,629738.0,0
_s4AwBvoaqc,High Value Men Handles REJECTION with CONFIDENCE on Dating Show,manosphere/ideologia,False,620460.0,-1
eXKvYbrAy3w,Top-10 sigma male movies that you must watch#sigma #sigmarule #americanpsycho #peakyblinders,manosphere/ideologia,False,653438.0,0
nikV52zmJqQ,How To Become A High Value Man: Achieve Success And Confidence | The Art of Motivation,manosphere/ideologia,False,595094.0,-1
OjbPq8vXhfw,High Value Men Won't Play Her Stupid Games,manosphere/ideologia,False,984325.0,-1
skuCtDYRTRo,How To BECOME A High Value Man | Boosting Your SMV,manosphere/ideologia,False,580355.0,5
R65273tMkJI,(12 Signs) To Be Sigma Male❗How To Be Sigma Male|Sigma Male Personality In Hindi|High Value Man❗❗,manosphere/ideologia,False,578707.0,0
f3IioA44NT0,High Value Double Standards ©,manosphere/ideologia,False,567340.0,0
AMBQACpuDr8,Are They Taking Good High Value Men? ©,manosphere/ideologia,False,561047.0,5
J3KltMOnNAY,How High Value Men Talk to Women (Women Will Love You),manosphere/ideologia,False,547363.0,0
6RmLcfI2U28,15 Signs of a High Value Man,manosphere/ideologia,False,506841.0,0
iAysHtqy5xk,"What is a ""HIGH VALUE MAN"" - Andrew Tate #shorts #andrewtate #TopG",manosphere/ideologia,False,503812.0,5
wmPVGshxlbQ,15 Signs of a Low Value Man,manosphere/ideologia,False,498805.0,-1
ytssyFkNVM8,20 Rules for Women - How To Attract A High Value Man,manosphere/ideologia,False,495189.0,-1
oU3yRLNdH8g,how to be a high value man,manosphere/ideologia,False,490166.0,-1
BdGbUaSsxss,3 Types of Women High-Value Men Should Avoid 🚫,manosphere/ideologia,False,687222.0,-1
xOWgD4kiuqA,What Is A High Value Man? w/ Kevin Samuels (RIP),manosphere/ideologia,False,487107.0,-1
-QvszSk7dOI,Why High Value Men IGNORE Women | 5 REASONS (MUST KNOW),manosphere/ideologia,False,481617.0,-1
kmd-iv0U2v8,"The ""High Value Man"" Bubble",manosphere/ideologia,False,478662.0,0
kog5I-pfNlE,10 Traits Of A High Value Woman,manosphere/ideologia,False,467430.0,-1
Wt0PBoDpkwc,4 WEIRD Habits That Make Men HIGH VALUE,manosphere/ideologia,False,457114.0,-1
PaEsHGREPTE,The REAL Deal with High Value Men? ©,manosphere/ideologia,False,437690.0,5
GlwXB27Ym-E,"The Sigma Supersedes The Alpha Male: Charleston White - ""There’s No Such Thing As A High-Value Man""",manosphere/ideologia,False,438516.0,0
YIBoSh43GyA,5 Things HIGH VALUE Men NEVER Do,manosphere/ideologia,False,407189.0,5
JzETloVGQk4,5 rules High Value Men NEVER Break,manosphere/ideologia,False,405038.0,-1
JJR0P2g1E7U,5 REALISTIC Ways To Be A HIGH VALUE MAN.,manosphere/ideologia,False,401615.0,0
aWORZA2zBc4,High value person|traits| sigma male|#confidence #personality #publicspeaking #shorts #sigmamale,manosphere/ideologia,False,404332.0,-1
hMANtclzi9E,Low Status but High Value | Cliff Booth,manosphere/ideologia,False,421809.0,-1
ReOzvLM7P9g,How High Value Men Talk to Women (Women Will Love You) | Stoicism,manosphere/ideologia,False,361006.0,-1
a9x9RkvOnmA,The High Value Male Commandments (featuring @byKevinSamuels),manosphere/ideologia,False,359306.0,7
seAAjuRU9Jc,This Is A High Value Man's World? ©,manosphere/ideologia,False,354351.0,5
a6exLvXZQkA,10 Things Women INSTANTLY Notice About High Value Men,manosphere/ideologia,False,344965.0,0
J7aBfDnqF40,How HIGH Value Men COMMAND Respect (The FORMULA...)|HIGH Value Men|self development,manosphere/ideologia,False,344661.0,-1
xC73VFrcFe8,How To BECOME A High Value Man | EXACTLY Why Women Want YOU!,manosphere/ideologia,False,344143.0,-1
0oOKfq-gUc4,11 Traits of a High Value Man,manosphere/ideologia,False,335003.0,-1
ed2n9648Sto,Definition of a High Value Woman - Jordan Peterson,manosphere/ideologia,False,375651.0,-1
m6Tk4ofsgzg,Importance of Raising Your Value ©,manosphere/ideologia,False,329789.0,0
INtBY1xDDWI,4 Secrets To BECOME A High Value Man,manosphere/ideologia,False,319063.0,-1
qXkmT448nvk,High value men #sadia#psychology#andrewtate#love#relationships#advice#podcast #advice,manosphere/ideologia,False,310172.0,-1
6OdQIYKwxoA,habits to avoid if you want to be a high-value man,manosphere/ideologia,False,301462.0,-1
r6VJl6_CJAI,Three Signs Of High Value Men,manosphere/ideologia,False,627348.0,0
uoqrNxJ79r4,9 Rules Every High Value Man Lives By 👑🔥,manosphere/ideologia,False,476697.0,-1
9NjhxZZMfVo,A High Value Man,manosphere/ideologia,False,296426.0,-1
Z01mWgGZLR0,Ricky Bascom - High Value Man (Music Video),manosphere/ideologia,False,278592.0,-1
Nw77-Zmi9ow,5 Effortless Ways to Dress Like a High-Value Man,manosphere/ideologia,False,554551.0,-1
1tG3ByCRuHg,Signs Of A High Value Man (A Woman's Perspective),manosphere/ideologia,False,276301.0,-1
8ntUXSOoexA,3 Traits ONLY 1% of Men HAVE | HIGH VALUE MEN,manosphere/ideologia,False,272444.0,5
rYxhQ5dk4Ys,What high value women and men look for,manosphere/ideologia,False,267671.0,-1
5EVw58R9598,Where Can You Meet HIGH-VALUE Men? | Matthew Hussey,manosphere/ideologia,False,266737.0,-1
7NkzTFsWWxo,"""I am a High Value Man""",manosphere/ideologia,False,265944.0,1
O33rkezGnp8,High Value Men Always Win @alpha_male_s @byKevinSamuels ©,manosphere/ideologia,False,260826.0,0
FIFlrYhG6JU,High Value Men Habits 🗿💯,manosphere/ideologia,False,276491.0,5
2suDotPmYuI,Do Modern Women Deserve High Value Men ©,manosphere/ideologia,False,251840.0,5
6Cu7vKHhE8s,"The Kind of Women That High Value Men Want, Marry, and Keep ©",manosphere/ideologia,False,246900.0,0
Ds46alOQuCM,10 Things Women INSTANTLY Notice About High Value Men,manosphere/ideologia,False,239591.0,0
phsUNpwd18w,Is it true that some “high value” men expect women to “pursue” them? 👀,manosphere/ideologia,False,240956.0,5
Z7LSnvcwgWk,Rachel Explains What Is A High Value Man @whatever,manosphere/ideologia,False,233550.0,-1
M0tZWMSW-8k,"ANDREW TATE DEFINES ""A HIGH VALUE WOMEN"" #shorts",manosphere/ideologia,False,270612.0,-1
NRvikz4xxhM,"3 signs you're gonna be a ""high value"" man",manosphere/ideologia,False,226058.0,5
kpit_KddjYk,Why High Value Men IGNORE Women,manosphere/ideologia,False,202832.0,-1
YFd6B8qMc2U,10 Traits of a High Value Man,manosphere/ideologia,False,201785.0,-1
0oRO-jdD5xs,How I Convey High Value Every Time (As an Average Guy),manosphere/ideologia,False,202659.0,5
CrJ-ADOWLDs,5 Things High Value Men Never Do | Women Hate This | Hindi,manosphere/ideologia,False,194982.0,-1
ChtRBJuQ1eY,Kevin Samuels breakdown high value men to 25 year old woman with this example#kevinsamuels #funny,manosphere/ideologia,False,202000.0,0
PYvvonhXebU,Make Girl's Respect U 😎🔥 (High Value Sigma Male) | Sarthak Goel #youtubeshorts #shorts #sarthakgoel,manosphere/ideologia,False,189701.0,-1
oHlUgWaUJlQ,The High Value Male Commandments,manosphere/ideologia,False,186442.0,7
LSEc2_N34cw,What Is A High Value Man? Do You Qualify For One? ©,manosphere/ideologia,True,181241.0,5
J8dEv-DDuIM,what a high value man looks like,manosphere/ideologia,False,205445.0,-1
lMAwj34mDsM,What Is A High Value Man,manosphere/ideologia,False,181294.0,-1
F04iepTlpFA,9 HABITS OF HIGH VALUE MAN 😎🔥~Motivation quotes | Inspirational quotes #shorts #BillionaireStandard,manosphere/ideologia,False,177892.0,0
19TkTsT-Gvc,How High Value Men OUTSMART Women’s Games – 5 Machiavellian Rules for Emotional Mastery,manosphere/ideologia,False,176988.0,0
dz56EWd7Jtk,This how Unattainable is a High Value Man for Women,manosphere/ideologia,False,177539.0,-1
29QdSKBKmHg,The Truth About High Value Women,manosphere/ideologia,False,192956.0,-1
DblUcK_fYLg,3 Signs Of A High Value Man,manosphere/ideologia,False,326130.0,5
Cp27Fxafcxw,How Women Can Get Access To HIGH Value Men,manosphere/ideologia,False,172743.0,5
7VErKkh1XHc,See Yourself As A High Value Person,manosphere/ideologia,True,162807.0,-1
LPCB_imwyhM,TUA # 22 - The 7 Spokes of a High Value Man (Reupload),manosphere/ideologia,False,157536.0,-1
HqkUBSg8WDA,7 Signs You Are Becoming A Low Value Man - And How To Fix It,manosphere/ideologia,False,157324.0,0
PuZjpkDyQhg,7 MAJOR TRAITS TO BECOME A SIGMA MALE *LONE WOLF* || HIGH VALUE MAN || Time For Greatness,manosphere/ideologia,False,154615.0,-1
hGVdhOVgYuw,The Reality Of Dating High Value Men,manosphere/ideologia,False,154656.0,-1
K5chsplqDeU,12 Rules To Be A Real Sigma Male in Hindi | Signs you're a sigma male | 1% High Value Man | SEEKLOGY,manosphere/ideologia,False,153253.0,0
5UgmhRRiUbQ,What Is A High Value Man? | Why Is This Such A Problem For Some? ©,manosphere/ideologia,False,153245.0,5
Kkj5Iex5xrU,HIGH VALUE men need this,manosphere/ideologia,False,172795.0,-1
lUU9Vgg25To,Ep. 111 Bonnet Girl Wants A HIGH Value Man 🤑 #KevinSamuels #shorts #dating,manosphere/ideologia,False,146961.0,-1
oknMKH472gk,Why Kobe Was The Ultimate High Value Male & What Every Man Can Learn From Kobe's Life,manosphere/ideologia,False,138562.0,7
UxkyYEvkA8U,How To BECOME A High Value Man (7 Habits To Implement In 2026),manosphere/ideologia,False,137194.0,-1
AtQoXlGQv8w,Woman Wants A High Value Man Until…,manosphere/ideologia,False,137770.0,5
OeIMeXPikNI,🔥 It has never been easier to become a high-value man.,manosphere/ideologia,False,201653.0,-1
wbdC77CF0aM,IS HE MARRIAGE MATERIAL!? 10 traits of a high value man,manosphere/ideologia,False,131862.0,-1
mOpo35-uUFc,10 Powerful Habits of High-Value Men | Become Your Best Self,manosphere/ideologia,False,559293.0,-1
kG71CmqbiLg,“I Deserve A High-Value Man”,manosphere/ideologia,False,125240.0,5
NO1dZ3DLAXE,AMS Breaks Down What It Takes To Be A High Value Man (@TheRoommatesPodcast ),manosphere/ideologia,False,122718.0,7
c9uagRwSEYg,12 Abilities That Make a Sigma Male Empath Terrifying | High Value Man | @thepsychignition,manosphere/ideologia,False,125637.0,-1
fLZnvib8AD0,Become A High Value Man In 2026 [Sales & Business Edition] Master Class by Coach Animesh,manosphere/ideologia,False,124772.0,-1
We2mpZuoKXw,how to be a high value man ASAP (no bs full guide),manosphere/ideologia,False,120394.0,0
KNX5gjhKFHg,Kevin Samuels: 43 Year Old Single Mother Wants High Value Men #kevinsamuels #relationship,manosphere/ideologia,False,210210.0,0
P29rsJ5uSXg,How To Become High Value Man Without Money💯💥 Sadia Khan,manosphere/ideologia,False,116201.0,-1
prwIyaYU7rI,15 Clear Signs You’re a Highly Attractive Man (Even If You Don’t Think So),manosphere/ideologia,False,139273.0,-1
5FIt6S6OWJ4,High Value Men Separate and Protect Themselves ©,manosphere/ideologia,False,111446.0,0
L5PUdIyNWMY,The Most Valuable Asset To A High Value Male & All Validation Isn’t The Same,manosphere/ideologia,False,110164.0,7
yhK8MCe6Xkg,They Learned The BITTER Reality Of Having A HIGH Value Man!,manosphere/ideologia,False,109656.0,0
LMoi4A2RexE,High Value Men | The One Percent Better Show EP 013 Ft Grits & Eggs Podcast,manosphere/ideologia,False,105949.0,-1
Taud78uCLIw,Women Share A High Value Men,manosphere/ideologia,False,105629.0,0
6WlXNwNxQXI,MANIPULATIVE WAYS women test high value men (she's playing mind games),manosphere/ideologia,False,146902.0,-1
b2RBroDEEnY,This Is What Happens When A Sigma Male Has Had Enough | High Value Man| Stoicism| @thepsychignition,manosphere/ideologia,False,124606.0,-1
Nxfz4uwYonY,A High Value Man,manosphere/ideologia,False,160721.0,-1
1zQZZhPFIPE,how to be a high value man,manosphere/ideologia,False,96414.0,-1
1T_qUUdHGkI,FACTS About Being High Value Man ©,manosphere/ideologia,False,96305.0,0
w477DI4-QWw,Top 10 High Value Man Traits | How to Be a High Value Man?,manosphere/ideologia,False,94349.0,0
ASEA3anaYXU,Habits Of A High Value Man,manosphere/ideologia,False,91572.0,0
aRpHcf8_Dnk,How to text like a high value man… #datingadvice #datingcoach,manosphere/ideologia,False,188298.0,5
dnIrn_Qs_lE,How to Be a High Value Woman Men Deeply Desire,manosphere/ideologia,False,141549.0,5
sV2lCD8JhXI,Pink Pill Guru Christelyn and High Value Male CEO Admits That Kevin Samuels Was Right... Checkmate,manosphere/ideologia,False,87203.0,0
au7CTgpPvg0,Is this true about “high value men”? 👀,manosphere/ideologia,False,87474.0,5
S525ghLayQA,"The ""Peace Paradox"": Why High-Value Men are Becoming Minimalists",manosphere/ideologia,False,85177.0,-1
TKPKhZ9P1Dg,"High Value Men- Take Action, Brokee's Complain ©",manosphere/ideologia,False,86279.0,0
TpxNVCCu_W8,"How To Become A ""High Value Man"" - Scott Galloway",manosphere/ideologia,False,85483.0,-1
k02NOLDrbZk,What is a SIGMA Male? The High Value Man,manosphere/ideologia,False,84733.0,0
EjKojJnGbBk,7 Habits That Instantly Make You a High-value Man,manosphere/ideologia,False,84762.0,0
1Mi5sAZ_dGc,The “High Value Man” Saga,manosphere/ideologia,False,91600.0,-1
KBFjiYuBmMI,Position Yourself: How To Attract WHOLESOME High-Quality Men || Grown Woman Dating,manosphere/ideologia,False,84821.0,0
ubvEjhYezwE,10 microhabits to be instantly perceived a high value man,manosphere/ideologia,False,82911.0,-1
YbglIDAZv8k,"5 Ways ""High Value"" Men Talk to Women - Women Will Chase You if You Talk Like This",manosphere/ideologia,False,82703.0,0
couNqGDmbsI,I Asked High-Value Men What They Instantly Notice About A Woman That Makes Her Attractive!,manosphere/ideologia,False,77874.0,0
em3UNF6Efh4,Kevin Samuels PRESSES Modern Women On High-Value Men And Relationships,manosphere/ideologia,False,76082.0,0
OiI5lhmtbHI,How To Be A “High Value Man” | Courtney Ryan,manosphere/ideologia,False,73917.0,-1
-zSfAg1m0Ac,High Value Men have THIS in common! She can’t resist,manosphere/ideologia,False,79235.0,5
uzbA7f_ZDI8,Why High Value Men Ignore Women (The Harsh Truth),manosphere/ideologia,False,71545.0,0
A-9t6Qf37W0,THE 1% |SILENT HIGH VALUE MEN|Affirmations:Reprogram Your Subconscious Divine Masculine Energy Frame,manosphere/ideologia,False,71397.0,0
IMBDDqXJCgk,The High-Value Man Narrative Is Stupid #shorts,manosphere/ideologia,True,69319.0,-1
DZ-jtoU8GDk,Success Does Not Make You A High Value Man (@thealphamalestrategiesshow),manosphere/ideologia,False,69129.0,7
OPzp1Xri1Vc,She SECRETLY ADMITS Modern Women Can't Handle High Value Men! - HERE'S Why They Not Worthy,manosphere/ideologia,False,69552.0,-1
g6XZKmqrQ1M,Become High Value #shorts #KevinSamuelsOfficial,manosphere/ideologia,False,87889.0,-1
FrQBMSt1Uzs,Attracting a high value man,manosphere/ideologia,False,67036.0,5
kSjJxQqedKs,13 Signs of a Low Value Man,manosphere/ideologia,False,67011.0,-1
KmbNPg7j_yw,Kevin Samuels: The Cost Of Becoming A High-Value Man,manosphere/ideologia,False,67406.0,0
danQwXkkVJA,12 Things that DESTROY Your Masculine Confidence (AVOID These) | High-Value Men,manosphere/ideologia,False,63571.0,-1
67AS3Ie5lYU,Stop living like boy - daily habits of a high-value man,manosphere/ideologia,True,62736.0,-1
f78dHNe_y5U,Kevin Samuels Defines A High Value Man & How To Become One,manosphere/ideologia,False,61783.0,-1
sPPvSIwv6Pw,High value men find strength in solitude,manosphere/ideologia,False,92477.0,-1
QHtHSRqNo4I,Why High Value Men IGNORE Women (MUST WATCH),manosphere/ideologia,False,56066.0,0
DeGM58eHf58,How to Build a High-Value Aura that Attracts Everyone 😲 (Full Guide) தமிழ்,manosphere/ideologia,False,55885.0,-1
uyPhf46bPC0,Signs of a High Value Man 🤴,manosphere/ideologia,False,57192.0,5
ed9kBzl49iI,9-11-2020: High Value Man Clarified and Explained,manosphere/ideologia,False,52166.0,-1
OTZa-JszzgE,7 WAYS BECOME A HIGH VALUE MAN 😎🔥 Motivational quotes #motivational #shorts #motivationalquotes,manosphere/ideologia,False,54293.0,0
Ej6ET6zdbNc,How to Become a High Value Man (For Black Men) / No BS Guide to Be a High Value Man For Black Men,manosphere/ideologia,False,51966.0,0
vjtSizKRH6A,Average Woman Doesn’t Want to Settle but Deserves High Value Man,manosphere/ideologia,False,51377.0,0
CUt0MZaTJGk,8 Ways High Value Men Test Women,manosphere/ideologia,False,50758.0,0
49GF5x0YsJk,11 Ways High Value Men Treat Women,manosphere/ideologia,False,49917.0,-1
oAljrfAqwCE,The 20 SECRET WEAKNESSES of EVERY Woman (and how to USE THEM),manosphere/ideologia,False,82465.0,-1
e79-KIAJ4iw,"Are You ""A High Value Man""? (Take This TEST To Find Out)",manosphere/ideologia,False,48958.0,0
CkWBGz9qYYc,3 Things You Must Do To Become A “High Value Man”,manosphere/ideologia,False,51352.0,5
PTJXloLDopA,How YOU Can Become a High Value Man in Just 30 Days!,manosphere/ideologia,False,46930.0,0
-Zgp5U1WeHw,High-Value Men Know THIS Dating Secret (Do Not Date Without Watching!),manosphere/ideologia,False,49574.0,0
NSpDGCIaXpc,7 Signs You're a High-Value Person | Stoic Wisdom,manosphere/ideologia,False,101420.0,0
iYAMxEqND2o,8 Things HIGH Value Men NEVER Do With Women,manosphere/ideologia,False,45075.0,0
UuY829HaaBo,What is a High Value Man?,manosphere/ideologia,False,45049.0,-1
F6iw0vg7Fdc,What High Value Men Actually Want in a Woman (And It’s Not What You Think),manosphere/ideologia,False,44821.0,-1
cyWqkxRKpEs,Obese Women Don't Attract High-Value Men,manosphere/ideologia,False,50420.0,5
Wn6txAX9SPs,5 Steps to Become a High-Value Man in 2026 (Most Men Get This Wrong),manosphere/ideologia,False,44469.0,-1
Fld7-Xf_rao,High Value Men Never Tolerate These 6 Things | Stoicism,manosphere/ideologia,False,43838.0,0
pH_6jxscZ7A,Kevin Samuels Says High Value Man Can Have MULTIPLE Women,manosphere/ideologia,False,42661.0,-1
3jFFKkC65fU,Don’t Be a High Value Man – Be a High Conscious Man,manosphere/ideologia,False,42572.0,-1
5rsqh_xKJ18,No One Can BREAK A TRUE Sigma Male (Brutal Reasons) | High Value Man | Stoicism | @thepsychignition,manosphere/ideologia,False,46171.0,-1
1gzBLFY-lEI,"How to Attract High Value Men (Ladies, Listen Up)",manosphere/ideologia,False,87154.0,0
_ngq6lxGOX8,How To Become A High Value Man,manosphere/ideologia,False,49020.0,-1
9caDqS7G73s,"Why High-Value Men Never Want a ""Challenge"" 🤯",manosphere/ideologia,False,72499.0,0
qyfkTa6HjtI,"6 SIGNS OF A TOP TIER, HIGH VALUE MAN!",manosphere/ideologia,False,57313.0,-1
WHCeDMIm294,Why High-Value Men Rarely Choose Single Mothers💔,manosphere/ideologia,False,73789.0,-1
Mxx0aFpboyU,Dating Gets Harder When You Become A High Value Man,manosphere/ideologia,False,38794.0,-1
wemvO7M9E6k,Night Wolf Hawk - High Value Male #anime,manosphere/ideologia,False,68793.0,-1
QgT0jkZl97s,"Do these 4 things to be a high value man… or what we used to call, a MAN.",manosphere/ideologia,False,37811.0,5
yGIz52hE_Lw,"Night 4 - What is a High-Value Man? | Shaykh Azhar Nasser, Muharram 2023",manosphere/ideologia,False,36323.0,0
xJNhAyIecHI,Night Wolf Hawk: High Value Male #comedy #sketchcomedy #highvaluemale #comedypodcast #danelyon,manosphere/ideologia,False,57527.0,-1
VkguD2wOGvc,Low Value vs High Value Male Behaviours | #shorts,manosphere/ideologia,False,50919.0,-1
xUrcLndCnPs,Kevin Samuels Rules To Being A High Value Man Defined,manosphere/ideologia,False,38458.0,-1
cQyZYt9ottM,Why Girls Like High Value Men? 👑 | #shorts #shortsfeed #girl,manosphere/ideologia,False,54044.0,-1
mQg5j4OCzNU,THIS Is What Makes a Man High Value,manosphere/ideologia,False,49863.0,-1
cODB3KRfpzw,High Value Man,manosphere/ideologia,False,32871.0,0
S7P3QQlHlK0,4 Dating Boundaries That Call In High Value Men,manosphere/ideologia,False,32943.0,-1
G3IY40-XhGo,Why High Value Men Ignore Women 7 Reasons(Must Know)| Mayuri Pandey,manosphere/ideologia,False,32939.0,0
PHm9CKYrsaQ,SIMP vs HIGH VALUE MAN Explained!,manosphere/ideologia,False,41470.0,-1
ggbNnKWQw-w,Kevin Samuels: High-Value Men Don’t Waste Time Arguing With People Who Don’t Respect Them,manosphere/ideologia,False,44215.0,-1
ayhOfcYugNU,The Quiet Ways Men Test a Woman’s Value Before Love,manosphere/ideologia,False,31393.0,-1
bny99hKuEp0,Signs you’re a high value man… #datingcoach #datingtips #datingadvice,manosphere/ideologia,False,64626.0,5
6X7dW2yF8-Y,How a High-Value Man Talks to Women (Women Find This Irresistible) I Stoicism,manosphere/ideologia,False,30094.0,0
OCi40np7dSM,High value Man +Fresh prince ceo ft Mr Organik and AD #freshandfit #mrorganik #ad #adam22,manosphere/ideologia,False,30007.0,5
cSheLRgqs9s,9 Signs Of A High Value Male | High Quality लड़कों की 9 निशानियाँ | Psychology Of Superior Male,manosphere/ideologia,False,29206.0,-1
je4IbN12zQo,High Value Man,manosphere/ideologia,False,47895.0,5
Kss4JBVxWnE,6 DAILY Habits that Make High Value Men (must know),manosphere/ideologia,False,28661.0,-1
-NFs0iu9vHk,"Are You Too ""Ghetto"" for a High Value Man?",manosphere/ideologia,False,28565.0,-1
2gPYq4IUaII,How to Become a High Value Man,manosphere/ideologia,False,26904.0,-1
faGSBf6Mdf0,How High Value Men Treat Women!! - Look Out For These 15 Traits In A Man!,manosphere/ideologia,False,26996.0,-1
wkxcbGP8veg,12 Things High Value Men NEVER Tolerate From Anyone,manosphere/ideologia,False,26116.0,0
rP4laK5sHAA,Become a High Value Man (Affirmations + 10 Hz),manosphere/ideologia,False,25778.0,-1
celNFp_9qPA,WHY WOMEN HAVE TO SHARE HIGH VALUE MAN?,manosphere/ideologia,False,25753.0,5
GlHFNnVKsFQ,10 Clear Signs of a High Value Man You Can't Fake,manosphere/ideologia,False,25258.0,0
HQXMRyYt3Ow,How I Got Red Pilled: High Value Men Cheat,manosphere/ideologia,False,25267.0,-1
TdE-aYRKiDo,Kevin Samuels - Types of Women That Men should Avoid,manosphere/ideologia,False,34046.0,5
RdYpkrWetiE,High Value Man Traits ⚡️,manosphere/ideologia,False,25755.0,5
pO6Yke8ZHn8,Kevin Samuels: Becoming High Value,manosphere/ideologia,False,23956.0,-1
0v8u6esvEVM,What Do High Value Men WANT? | Sadia Khan,manosphere/ideologia,False,28008.0,5
G9Ioill-F7U,The High Value Man Has These Traits,manosphere/ideologia,False,23304.0,0
KdCm8lQZmFY,The Truth About High-Value Men,manosphere/ideologia,False,22547.0,0
A9qZ7PHuJ0Q,Top 11 Signs of a High Value Man,manosphere/ideologia,False,26398.0,-1
hcPLufySJh8,How High Value Men Talk to Women (Women Will Love You) | Stoicism,manosphere/ideologia,False,49115.0,-1
KTsCLx7useQ,How A Man Handles Rejection | #shorts,manosphere/ideologia,False,45153.0,-1
L7yZtzFGtXo,Kevin Samuels - Think Like A High Value Man!,manosphere/ideologia,False,33805.0,5
-74yIVSXQnE,What’s A High Value Man (@alpha_male_s),manosphere/ideologia,False,21796.0,7
U7KoGiZ3XQI,High Value Man #shorts #KevinSamuelsOfficial,manosphere/ideologia,False,22389.0,-1
5BlqLE5EAI8,High Value Men select women #dating #motivation #relationship #feminism #feminist #single,manosphere/ideologia,False,40938.0,5
FsOERxgqHKY,Why You Look Insecure in Public (And How to Fix It),manosphere/ideologia,False,45834.0,-1
xlYtOmR1mHk,Here's What High-Value Men Actually Look For ❤️👀,manosphere/ideologia,False,37705.0,-1
LF8alNhkb4k,8 Things High Value Men NEVER Do Around Women (Here is Why),manosphere/ideologia,False,20582.0,0
H2en8KWfBj8,You're NOT a High Value Man ❌,manosphere/ideologia,False,38684.0,-1
H-CfwS7NmbA,How Women React To High-value Man | What Most Men Don't Realize,manosphere/ideologia,False,19728.0,0
3pfrm2XBGks,Quem TRANSA muito acaba SOZINHO? BREIER VS 30 FEMINISTAS #cortes #debate #gabrielbreier,criadores_pt,False,86374.0,0
h0ffIJ7ZO4U,Dire Straits - Sultans Of Swing (Official Music Video),criadores_pt,False,610524215.0,0
gY5CLbb7kA0,"Sheryn Regis sings ""Come In Out Of The Rain"" LIVE on Wish 107.5 Bus",criadores_pt,False,18358959.0,0
Ri7-vnrJD3k,Adele - Set Fire To The Rain (Live at The Royal Albert Hall),criadores_pt,False,926469364.0,0
ShZ978fBl6Y,Calum Scott - You Are The Reason (Official Video),criadores_pt,False,1410453194.0,0
QKolvVB9lGE,Acid Rain,criadores_pt,False,1064860.0,0
ADxng7ReJiM,RAIN - DONNA CRUZ (karaoke version),criadores_pt,False,4087486.0,0
8ACaoDAMCpI,Chove Chuva,criadores_pt,False,675934.0,0
nl2YM1utn-g,Águas de Chuva,criadores_pt,False,4858598.0,0
WWUb5rkueDM,You Can Create Water Volcanos In GTA 5 - DarkViperAU,criadores_pt,True,3599793.0,-1
Lm_lhEoH76c,COME ON IN OUT OF THE RAIN - Sheryn Regis (KARAOKE VERSION),criadores_pt,False,3062717.0,0
OrVFYsc6gAI,Ivete Sangalo - Quando A Chuva Passar,criadores_pt,False,64263500.0,-1
ZS62JoQEanw,HARDSTYLE 🔥🔱 #breier #gabrielbreier #breierpower #viral #fy #edits #gym,criadores_pt,False,1213.0,-1
ij9ED0wWDKQ,BRENO FARIA EXPLICA POR QUE A ESQUERDA O ATACA TANTO,criadores_pt,False,538.0,-1
i1Nm-MJ313w,Natiruts - Quero Ser Feliz Também (Natiruts Acústico Ao Vivo no Rio de Janeiro),criadores_pt,False,301325633.0,0
z-ckKZ5RBR4,Extreme Sing or Swim🎤😅,criadores_pt,False,65788848.0,-1
HkCyOj3TGuM,Roupa Nova - Chuva de Prata (Ao Vivo),criadores_pt,False,9031273.0,0
F2gPquDsuag,Cold Water Can Be Your Answer to Younger Looking Skin! Dr. Mandell,criadores_pt,False,400819.0,1
iFlemvDzhs8,Why SUCCESSFUL Women Can't Keep A HIGH VALUE MAN! (4 HUGE Reasons),manosphere/ideologia,False,19353.0,0
CDaxdCBKc18,7 Traits Of High Value Man ☺😎~ #997 || Motivational || BWM || #shorts #motivation,manosphere/ideologia,False,19309.0,-1
8J4yEFOkXko,10 Traits of High-Value Men That Instantly Attract Women,manosphere/ideologia,False,6090.0,-1
9ml7cbddI2k,How To Be A High-Value Man ( Audiobook ),manosphere/ideologia,False,4189.0,-1
A6xDQFP_t8Q,How to Attract a High-Value Man (Without Chasing Him),manosphere/ideologia,False,5669.0,0
oxs5km16Elk,How to Attract High-Value Men (Feminine Energy),manosphere/ideologia,False,13661.0,5
chha6m51a2I,11 Traits of a Truly High Value Man,manosphere/ideologia,False,13761.0,0
sE2MaGYuLPU,Are You High Value Man? | Sadia Khan,manosphere/ideologia,False,11610.0,-1
xrtMvr8t3g0,What It Takes To Be A High Value Man in Brief,manosphere/ideologia,False,10287.0,-1
zw5f6BeLB6U,How To Become A High Value Man: Achieve Success And Confidence,manosphere/ideologia,False,8607.0,-1
wvsT5-fRNhw,What A High Value Man ACTUALLY Means,manosphere/ideologia,False,14934.0,5
gb2UiJNMNmM,My Definition a High Value Man,manosphere/ideologia,False,16861.0,5
qt3PHwEqPyk,Signs you’re a HIGH VALUE MAN #highvalueman #datingtipsformen #highvaluedating,manosphere/ideologia,False,4671.0,-1
VhWtnQ1u-2g,Does a high value man have to move differently when dating? New Episode with @MeetStephanSpeaks,manosphere/ideologia,False,22304.0,5
_RV8F4AGniA,What Is a High Value Man in Islam? | Shaykh Azhar Nasser,manosphere/ideologia,False,5203.0,-1
M1JgcoGttwY,The difference between a high value man and a low value man,manosphere/ideologia,False,5211.0,-1
vNo0TGGld_Q,🚨 WHY HIGH VALUE MEN WON’T DATE SINGLE MOMS,manosphere/ideologia,False,4204.0,-1
PIVmNDHaVNE,How To Be A High Value Man Without Money💫💯 Sadia Khan,manosphere/ideologia,False,8276.0,5
quKjnXUyXJY,How To Attract A High Value Man,manosphere/ideologia,False,19919.0,0
n4S7L14YVK0,"What a ""High Value Man"" Really Is",manosphere/ideologia,False,8279.0,-1
20wP2eMoToE,How High-Value Men Handle Rejection,manosphere/ideologia,False,16960.0,-1
HUU6CYgiE9o,High Value Man vs Good Man: Are They the Same | Charleston White @TheDanzaProject,manosphere/ideologia,False,11364.0,0
fxNw4dXVpMg,The Alpha Mindset: How to Think Like a High Value Man,manosphere/ideologia,False,16286.0,0
vU7I7CIPi6E,The truth about high value men!,manosphere/ideologia,False,11482.0,5
F5vQPY7LAH0,Affirmations to Manifest High-Value Men (Make Them Chase You),manosphere/ideologia,False,14833.0,-1
WWb8ZwBfbnA,The real definition of a high value man #partner #dating #love #mindset,manosphere/ideologia,False,13591.0,5
CUiB59edutA,How To Attract High Value Men (WOMEN MUST WATCH),manosphere/ideologia,False,11384.0,-1
HplTUOibNBQ,Signs of High Value Man,manosphere/ideologia,False,5342.0,5
Tlq4-8ltc2s,6 rules of high value men | stoic lessons #foryou #shorts #highvalueman,manosphere/ideologia,False,923.0,0
pYsQgV9Mui8,Sifat high value man #psikologi #quotes #inspiration #motivasi #highvalueman,manosphere/ideologia,False,17080.0,5
AN82MZxckJM,5 TIPS OF A HIGH VALUE MAN 🥶💀 #motivation #sigma #mindset #goals #success #viral #shorts #dicipline,manosphere/ideologia,False,8827.0,-1
N3-lERCRo1A,5 Traits of High Value Men,manosphere/ideologia,False,4373.0,5
yWzHR7a6Uc8,[Andrew Tate] A High-Value Man,manosphere/ideologia,False,2282.0,5
eJLMBCJK2Bw,What High Value Men Want...,manosphere/ideologia,False,19560.0,0
UcQaLGnGRXg,Why High Value Men Refuse to Fix Unfinished Women,manosphere/ideologia,False,23313.0,0
BetZXYE1v80,HIGH VALUE MAN #realtalk #motivation #chichester #fact,manosphere/ideologia,False,17453.0,5
gYvecgc1V4g,Why Most High Value Men Stay SINGLE,manosphere/ideologia,False,24636.0,5
z1ZcNJhrwF0,Don't Make THIS MISTAKE When Dating A 'High Value Man',manosphere/ideologia,False,10803.0,0
U1cV0_u8S9E,"The High Value Man's Greatest Threat ""Women"" #dating #relationship #marriage",manosphere/ideologia,False,79553.0,-1
f2JtdgsA-eQ,4 Traits of a High Value Person,manosphere/ideologia,False,114581.0,-1
gBctoii2h8k,How High Value Men Behave | Aise Hote Hain Uchh Moolya Ke Purush #psychology #shorts #facts,manosphere/ideologia,False,4120.0,0
aNg-JiWPKsA,The secret to keeping a high value man’s interest| keep him chasing,manosphere/ideologia,False,8872.0,-1
Vp8uCgKG9LI,Such a High Value Man 🤣 Pop The Balloon Or Find Love 🎈📌 #fyp #poptheballoonandfindlove #viral,manosphere/ideologia,False,2639.0,5
pIG3a9j1ohg,Male supremacy: A 'gateway drug' for extremists,manosphere/ideologia,False,5143.0,0
dz4qhJAXiEY,Anti-Trans Ideology in Male Supremacism,manosphere/ideologia,False,527.0,0
UrM9Utz5Vuk,Misogynist Incels and Male Supremacism Webinar,manosphere/ideologia,False,703.0,0
YlztQbQQP4Q,Deepening Male Supremacism Studies and IRMS Programs: 2025 Conference Closing Talk,manosphere/ideologia,False,98.0,0
Ny9a5DYAx4w,Investigating Male Supremacism: Research Methods,manosphere/ideologia,False,196.0,0
aNyoeC6q4UI,Resistance and Thriving: Confronting Male Supremacism and Authoritarianism (Keynote Panel),manosphere/ideologia,False,57.0,0
XUhbDZ4jwCQ,"White Supremacy: Same Dog, Same Tricks-Time to Change the Training | Russell Ellis | TEDxSUNYGeneseo",manosphere/ideologia,False,1112465.0,3
sFBgQAohVS4,S4E10 How Male Supremacism Drives Gender Based Violence - Soraya Chemaly,manosphere/ideologia,False,128.0,0
grB9DnIUqS0,2022 IRMS Conference on Supremacism and Authoritarianism: Keynote Panel,manosphere/ideologia,False,85.0,0
zQCu4p0kIvg,S4E10 How Male Supremacism Drives Gender Based Violence - Alex DiBranco,manosphere/ideologia,False,118.0,0
RF2EWdkAfow,White Supremacy Needs This,manosphere/ideologia,False,88746.0,3
EMhjaSAC3Q8,"Roots, Structures, and Intersections of Supremacism: Bio-essentialism and Anti-Trans Attacks",manosphere/ideologia,False,479.0,0
4b5aZE5Ys08,New data reveals Male supremacy dominates schools | 7 News Australia,manosphere/ideologia,False,7047.0,0
PulfeZMIAso,The Delusional Supremacist | Chappelle's Show | Comedy Central Africa,manosphere/ideologia,False,1243146.0,-1
4QJZnfGccrw,2020 SSA Con - Contesting Secular Male Supremacism to Build a Better World with Alex DiBranco,manosphere/ideologia,False,169.0,0
Dye-CH7SQM8,Judge calls white supremacy a “cancer” after sentencing Buffalo supermarket gunman to life in prison,manosphere/ideologia,False,4941238.0,0
0gqQzbp5wk4,Understanding White Supremacy (And How to Defeat It),manosphere/ideologia,False,48587.0,3
-fmpNQ6TbMU,Alex DiBranco on Male Supremacism,manosphere/ideologia,False,9.0,0
Kr3quGh7pJA,Music Theory and White Supremacy,manosphere/ideologia,False,3207163.0,3
yWsv5BE0WLY,Video Game Extremism | ASP Daily Point,manosphere/ideologia,False,506.0,-1
S1IAg76HNkQ,If you think Christianity is a white man’s religion… watch this. 😳🖤✝️,manosphere/ideologia,False,84080.0,3
92iotrec96g,This woman dated only far-right men for a year: ‘They were so insecure’,manosphere/ideologia,False,1269047.0,0
oIZDtqWX6Fk,The lie that invented racism | John Biewen,manosphere/ideologia,False,1351444.0,3
-lpoA7YNCmw,Black Student SHUTS DOWN White Privilege Argument 🔥,manosphere/ideologia,False,16415873.0,3
QTp7gIgC2rU,Who was Malcolm X? NEW VIDEO #blackhistory,manosphere/ideologia,False,3888.0,3
BLNDqxrUUwQ,"Clayton Bigsby, the World’s Only Black White Supremacist - Chappelle’s Show",manosphere/ideologia,False,28744340.0,3
ptSZnTtGCQA,White Supremacist Learns He's 14% Black,manosphere/ideologia,False,2786046.0,3
8dijvFPpyRw,You would never ever be OK with being considered inherently dangerous.,manosphere/ideologia,False,810214.0,3
UweDr-Kdsh4,why are the proud boys? #history #stepback,manosphere/ideologia,False,3916.0,-1
F63x4cYxa70,Tactics of Toxicity: The Rhetorical and Algorithmic Reach of Male Supremacism | Debbie Ging (2023),manosphere/ideologia,False,428.0,-1
ZgFxczwzz-8,When and where the conceptof #Racism then #colorism started#fightracism,manosphere/ideologia,False,518.0,3
GIHktEJsJXI,Why did a black man hug a neo-Nazi skinhead? - BBC News,manosphere/ideologia,False,479265.0,3
0FvIl-EXuo8,Did Malcolm X Support Black Supremacy.,manosphere/ideologia,False,6670.0,3
xt6t8C0_vIk,I share a wild story from a case I was accused of being a white supremacist.,manosphere/ideologia,False,1114.0,3
zY7eFcx3-vA,He WANTS HIS REPARATIONS! 😫 Black SUPREMACY Author Debates Jesse #jesseleepeterson #thefallenstate,manosphere/ideologia,False,7647035.0,3
qEP8oQ8tDn0,Did you know these facts? 👀 #cartergwoodson #blackhistory #racism #ushistory #trump #bookban #dei,manosphere/ideologia,False,22837.0,3
3lg3OHf6_VM,“They Called Me a Male Supremacist for Saying ‘Simp’” @AaronClarey,manosphere/ideologia,True,14645.0,0
8mSmwfoeGYc,I don't believe in White Supremacy,manosphere/ideologia,False,798.0,3
d2QYbxo1tpM,Refusing white supremacist(aka divisional) narratives,manosphere/ideologia,False,6543.0,3
PVVFx3issHg,African-American man convinces Klansmen to leave the KKK through friendship,manosphere/ideologia,False,1445831.0,3
xJmWFtwbb-E,Surviving Systemic Racism,manosphere/ideologia,False,734.0,3
-wvMFH_ee7A,"“Why I, as a Black man, attend KKK rallies.” #Shorts #Courage #Compassion #Humanity",manosphere/ideologia,False,3033.0,3
qR2OwdHq_PA,Neo-Natsïaid: Pam Targedu Dynion Ifanc? Why Are Neo-Nazis Targeting Young Men? 🚨 Byd Eithafol,manosphere/ideologia,False,1358.0,0
2RQA3wtXbPg,Female prison therapist says white supremacy and being fed up with men is turning most women gay 😂,manosphere/ideologia,True,306864.0,0
oDp4uB9U2y4,Did Rep. Kristine Reeves just compares banning men in women's sports to racial segregation?!,manosphere/ideologia,False,20803.0,0
zAuwX2jj0Hs,Do Good Men Do Bad Things?,manosphere/ideologia,False,372.0,3
FXLymnbdBlE,"When 2,000 Men Burned Down A Newspaper And Stole A City",manosphere/ideologia,False,1344.0,3
Z_wHNZOO_S0,How do we address white supremacy in our education system? #education #blm,manosphere/ideologia,False,119.0,3
KoVZIY7HqSg,The Baddest and Bravest Black Man You’ve Never Heard Of #shorts #history #americanhistory,manosphere/ideologia,False,10728.0,3
UtcZ_WeWBog,I ask a New Yorker how he plans to fight fascism #antifa,manosphere/ideologia,False,70937.0,3
roHFRhhx2Oc,When the volunteer helping after a hurricane is a white nationalist | 60 Minutes,manosphere/ideologia,False,223606.0,3
mx7zlJT-TKE,BookTok Has a White Supremacy Problem,manosphere/ideologia,False,896.0,7
VV2Cxtm8b_o,1 male Supremacist Vs 6 Feminists| Ft Shadaya,manosphere/ideologia,False,119526.0,0
zPfwnDiqjYM,Empowering Black Pride Breaking the Chains of Supremacy,manosphere/ideologia,False,96.0,3
YCPQIm4O2RM,#interview #shorts,manosphere/ideologia,False,4488.0,1
fsPeDRYE_bw,Black History On The Go - Medgar Evers,manosphere/ideologia,False,590.0,3
Fzoo8Wz_Rus,Black People Practice Wh1te Supremacy #blackdeconstruction #deconstruction #blackchurch #church,manosphere/ideologia,False,3278.0,3
3m3yVHCWcPM,Change is possible!,manosphere/ideologia,False,88.0,0
zLApf0dmI1E,It’s deeply ironic when men who call themselves Christians flirt with supremacist language,manosphere/ideologia,False,6859.0,0
cN5cxS0fVRg,The Black Man Who did the Unthinkable – The True Story of Ron Stallworth,manosphere/ideologia,False,187868.0,3
X9PuNilXdkU,Our Project 2025 - The Hidden Genius of The Wiz,manosphere/ideologia,False,616.0,3
IpMkV4o_6-E,Why #maga Latino Men Are Finding A HOME In WHITE Supremacy!!,manosphere/ideologia,False,51584.0,3
kRUUtFMLzEM,Dr. Frances Cress Welsing tells how racism affects young black men #blackamericans,manosphere/ideologia,False,9489.0,3
OPC7JAsVoMo,Black History Month Day 23 #blackhistory,manosphere/ideologia,False,586.0,3
RWpMEcNj5Io,Why masculine men scare white supremacy to death,manosphere/ideologia,False,3639.0,3
0Ehhu-HFltM,What would you do ? #blackhistoryfacts #historicalfacts #blackfacts #history #greenscreen #shorts,manosphere/ideologia,False,3725.0,3
d5JeGzCDxjI,A vision of what can be #richmondva #podcast #racialtrauma #rva #racialtrauma #racism #racialhealing,manosphere/ideologia,False,533.0,3
g9k_N2fZxNo,Biracial Identity: Why You MUST Pick a Side in White Supremacy #shorts,manosphere/ideologia,False,6145.0,3
UjfJzUE8Tn4,"Mitch McConnell didn’t need to wear a hood to uphold white supremacy, he wrote it into law",manosphere/ideologia,False,267226.0,3
r6aR1SLB7eA,"""WhItE SuPrEmACiSt"": Tiffany Cross has complete MELTDOWN on CNN",manosphere/ideologia,False,24772.0,3
x8HO7wrVfr4,Black History That is Overlooked #history #shorts #viral,manosphere/ideologia,False,10665.0,3
AuibBTyeXak,Surviving Prison Rejecting White Supremacy to Stay Alive #shorts,manosphere/ideologia,False,1690.0,3
TAOH-eXkuME,Exposing the Hidden Influence of White Supremacy and Male Patriarchy in Biblical Interpretation.,manosphere/ideologia,False,471.0,3
D1_483WSFIQ,Proof Mass Incarceration ISN’T Racist 👏👀,manosphere/ideologia,False,2561451.0,3
RekeR_QKAEU,Supreme?,manosphere/ideologia,False,737.0,-1
ho71zCuvc2k,The Brave Black Man Who Infiltrated The Kkk: Exposing White Supremacy In Black History #blackhistory,manosphere/ideologia,False,457.0,3
WJAZP8TH-Ts,Naming systems of #oppression in #coaching,manosphere/ideologia,False,415.0,3
TB3fWxywQUU,Concerns About Racism and White Supremacy After Trump's Win #comedyshorts #comedy #shorts,manosphere/ideologia,False,3147.0,3
FSJKgrf9TH8,Unpacking Either/Or Thinking: The Root of White Supremacy #shorts,manosphere/ideologia,False,1179.0,3
1E1QzUgVl2I,Man Draws Gun On White Supremacist,manosphere/ideologia,False,169059.0,3
DDeFI_O0GGQ,civil rights #blackhistoryfacts,manosphere/ideologia,False,2693.0,3
3Sbw_OOfcSE,Ethnic Supremacy. #sadie #sadiebaddie #makeupartist #makeuptransformation,manosphere/ideologia,False,1196.0,1
VW97eD8poEA,You Can Only Say This About White People,manosphere/ideologia,False,175470.0,-1
eO8ZY16STMI,Protecting from White Supremacy #history #blackhistory #family #blm #texas #love #podcast,manosphere/ideologia,False,2432.0,3
OSdV4nqnA3w,Fictional men😩 supremacy #fyp #men #shortsfeed #shorts #fictional #love #support #subscribe,manosphere/ideologia,False,3504.0,-1
r2FO8qiPzt4,Men Are TIRED Of Female Supremacy!,manosphere/ideologia,False,2611.0,-1
Krd2OrbOrkc,Don't study Black history anymore UNLESS... #blackhistory #juneteenth,manosphere/ideologia,False,9501.0,3
_AxmQ7q5GIM,Is There A Plot Against The Straight Black Man? | OTSOG Live Clip,manosphere/ideologia,False,1022.0,0
iYG0-6gvtdQ,black supremacy 🎀 #black,manosphere/ideologia,False,6516.0,3
6ymTRTGakgc,🤓#racism #antiracism #koreanculture #desicomedy #oldrow #woke #funnyshort #funnyskit #jokeoftheday,manosphere/ideologia,False,1800.0,3
kif2INcUfd8,Who or what is behind the Black men and Black women fender wars,manosphere/ideologia,False,247.0,3
DwKnxsbfqhs,My thoughts on the N-word,manosphere/ideologia,False,35783.0,0
KBFpLo-lhJY,"R*cist Supremacïst Gives SELF HATING ""Alpha Male"" A Dose Of Reality...",manosphere/ideologia,False,146029.0,0
8H9Cqvva-Qc,"A black person offers a smile to a white person, only to be met with violence.",manosphere/ideologia,False,5514.0,3
sQ9Mz6F2r-4,Why We STILL Tolerate Violence Against Women: The TRUTH Revealed! #shorts,manosphere/ideologia,False,2049.0,0
QBLnLRiwCuI,Black History Facts #ytshorts #blackpeople #viral #trending #blackhistory #blackcommunity #history,manosphere/ideologia,False,5380.0,3
vmnYKfmH76c,Black Press Conference Pt.1 #BlackNess #Comedy #EndRacism #Love,manosphere/ideologia,False,145.0,3
Rz_XNc1yNmg,Start filming the police when they stop Black people. #race #police #law #blackpeople #video,manosphere/ideologia,False,457.0,3
RYZu_CriPIg,"""A racist man""☠️🔥#Trending #Shorts",manosphere/ideologia,False,53081.0,0
vWz-F3-lp0U,How do we know? #duet #maga #charliekirk #georgefloyd #doublestandard #hypocrites #racism #racist,manosphere/ideologia,False,382856.0,3
zjeQ_UCvZLg,Yeah but you agreed with SOME of it #charliekirk #racist #racism #homophobic #transphobic #maga,manosphere/ideologia,False,653530.0,3
IC3a42a4Q_0,Blacks didn't DIE for us to vote,manosphere/ideologia,False,767.0,3
LEinAwdVjOo,my #racism #encounter in #canada #white #supremacy #saynotoracism #juneteenth #blm #fun,manosphere/ideologia,False,525.0,3
qTBONSCiCRE,Stop expecting white supremacy up take care of you! That’s not how it works!! #softlife #selfcare,manosphere/ideologia,False,403.0,3
8gms_JGZp0I,Black Men Will Vote For Who We Want To.,manosphere/ideologia,False,1919.0,3
kFbkcsJ3H4Y,Issues with the Black community,manosphere/ideologia,False,345.0,3
pfdKBKO91-0,This Shouldn’t Bother You,manosphere/ideologia,False,531.0,3
MDb6rGuspLY,Niko pranking the most racist man on earth (part 1)#prank #pranks #shorts,manosphere/ideologia,False,2905.0,3
JkgDld1blrk,Based Black Man CONFRONTS Woke College Student,manosphere/ideologia,False,1148331.0,3
railNBtSZRM,Being On Time is White Supremacy??,manosphere/ideologia,False,6372.0,3
KhYU-aGr5SQ,Black Excellence: Isaiah Montgomery #shortvideo #history #youtubeshorts #blackhistory #america,manosphere/ideologia,False,32112.0,3
7ja96PsXLKs,BLACKNESS! WHITE SUPREMACY! #racism #culturalidolatry #prejudice,manosphere/ideologia,False,249.0,3
-Y4Phb-v1gs,Why you should vote,manosphere/ideologia,False,814.0,3
lJ3p659zhAk,Hug a Nazi? Change your mindset. Only love beats hate.,manosphere/ideologia,False,5100.0,3
He4tsTVDYEc,Brown and White Supremacy #thocseason5 #TheHouseOfCollab #thoccycle2,manosphere/ideologia,False,5282.0,3
8e_W-Qnz1cE,Reading is fundamental,manosphere/ideologia,False,40.0,6
NJX715rpDo8,"Mediate between the LGBTQIA and the “S” community, gay, white supremacy ,",manosphere/ideologia,False,2353.0,3
kKQqXSBO1cM,Let’s Talk Theory Critical Race Theory part 4,manosphere/ideologia,False,60.0,3
YQY_Ad8qPDk,#duet #conservative #viral #stitch #fyp #trending,manosphere/ideologia,False,4151.0,-1
ZFpv5ybhUX8,A Transformative approach to Black Power,manosphere/ideologia,False,508.0,3
eYstHjbvktk,Human Supremacy,manosphere/ideologia,False,10721.0,-1
uvFjhGlcTPI,You show a flag = you’re supremacist and racist 🤯,manosphere/ideologia,False,597.0,3
5nlvkceK1DE,Trump Meets YE 😳😳 #shorts,manosphere/ideologia,False,204.0,0
pnNN6ML7-oo,The impact of gatekeeping in the Black community,manosphere/ideologia,False,2465.0,0
QAE4CD_BKuk,Teachable moment for all of us.,manosphere/ideologia,False,2136.0,6
SNdLbh5DBuI,Niko Exposes Racist Man,manosphere/ideologia,False,125745.0,-1
wN-MZJ-s2wk,“Supremacía negra en la cancha ⚽🔥✊🏿 #Respect #NoRacism”,manosphere/ideologia,False,22249.0,3
UwJVaQUPUkg,Black History Fun Fact #001,manosphere/ideologia,False,2221.0,0
qrO4YZeyl0I,Lady Gaga - Bad Romance (Official Music Video),criadores_pt,False,2081781561.0,-1
wa3tfVjGCQ8,Whitney Houston - Where Do Broken Hearts Go (Official Video),criadores_pt,False,117740243.0,0
ZWijx_AgPiA,Creedence Clearwater Revival - Fortunate Son,criadores_pt,False,255946175.0,0
JPJjwHAIny4,"Lady Gaga, Bradley Cooper - Shallow (From A Star Is Born/Live From The Oscars)",criadores_pt,False,911926292.0,-1
KQetemT1sWc,The Beatles - The Beatles - Here Comes The Sun (Official Music Video) [2019 Mix],criadores_pt,False,211141313.0,-1
2oJyEgs1NSQ,High Value Man,manosphere/ideologia,False,276.0,0
o43PagQYfwU,7 Things High-Value Men Never Chase,manosphere/ideologia,False,63318.0,-1
tmzIK9_0O6A,Ladies Learned The HARD Truth About Being With A HIGH Value Man!,manosphere/ideologia,False,71774.0,0
QMGHpJsRR5Q,How to be a High Value Man | Myron Gaines,manosphere/ideologia,False,6208.0,-1
89cjJFRnY4w,Marquett Burton (The High Value Man),manosphere/ideologia,False,101374.0,0
N29f4gc7F-c,So You Want A High Value Man? Think Again! #value #highvalueman #datingtips #shorts #datingadvice,manosphere/ideologia,False,225.0,-1
AHKXQpIk4ZQ,5 Traits High-Value Men Fall in Love With (Dating Psychology for Women),manosphere/ideologia,False,1860.0,-1
LW7TsTbz4-U,How to BECOME a HIGH VALUE MAN ?,manosphere/ideologia,False,43037.0,-1
aHCFfa6hqWM,Are You A High-Value Man - Kevin Samuels,manosphere/ideologia,False,9285.0,-1
t4JSIqdWq-Q,5 Traits of a High Value Man,manosphere/ideologia,False,6365.0,0
Ej2nh1lnbLU,How men can be more HIGH VALUE,manosphere/ideologia,False,29923.0,-1
MIn9_DuWZE0,Habits of high value women ✈️😎#starbean #motivation #highvalueman #sigmarule,manosphere/ideologia,False,34604.0,-1
FJGm_tK2oGY,How to Post on Instagram Like a High-Value Man (Boost Your Attraction),manosphere/ideologia,False,80164.0,-1
vsq8OA3OJUk,How To BECOME A High Value Man | STOICISM,manosphere/ideologia,False,19744.0,0
iKAZHOr73Hc,Nobody Warned Me What It Actually Takes to Marry a High-Value Man (What They Don't Tell You),manosphere/ideologia,False,57306.0,-1
36wwsr1Z9Gw,Want to attract a high value man? These 2 tips will help you,manosphere/ideologia,False,1324.0,-1
tl42HSYhjcs,How to become a high value man | My top 15 rules for men,manosphere/ideologia,False,13702.0,0
DFBb05ys1wc,"Woman who wants a high value man, gets humbled on live TV!",manosphere/ideologia,False,5589.0,5
Thv8Bxt4dqw,Challenging FreshandFit on The High Value Man,manosphere/ideologia,False,153318.0,0
etUcSZ87XMc,A true high value man #celebrity #advice #psychology #relationship #funny #relationshipadvice,manosphere/ideologia,False,16144.0,-1
jA67Ur-BVQI,A High Value Man At 43,manosphere/ideologia,False,26321.0,-1
xBenK1VlWA0,What High-Value Men REALLY Want in a Woman (from a man's perspective),manosphere/ideologia,False,2927.0,-1
R7Mjdeoh30o,6 Brutal Realizations Women Have When They Lose a High-Value Man,manosphere/ideologia,False,59.0,0
OgDbeaB3qb4,3 Rules of A High Value Man,manosphere/ideologia,False,46819.0,0
jVad57gW9e0,The 7 Traits of a High Value Man,manosphere/ideologia,False,18082.0,-1
nDskyXf77PU,6 Signs He’s a High Value Man,manosphere/ideologia,False,7553.0,0
0qcjHaOaXF4,"The Brutal Truth About Being a ""High Value Man"" W Thato and Lebo Rampedi",manosphere/ideologia,False,18976.0,-1
VN7RUtaox5o,5 qualities of a high value man,manosphere/ideologia,False,85.0,5
eCvXkbcsz5A,15 Traits of a High Value Person,manosphere/ideologia,False,325.0,-1
7w-7k-a6sr4,Become a HIGH VALUE MAN | Ultimate Subliminal,manosphere/ideologia,False,13965.0,-1
1MG3LlCHjrU,"Kevin Samuels Explains ""High Value Man"" Concept & Why Some Women Can't Access Them (Part 5)",manosphere/ideologia,False,506654.0,-1
qtLeB8GDs4U,How to Make Her See You as a High-Value Man (Without Bragging),manosphere/ideologia,False,5228.0,-1
fkR4L0wjZsQ,12 Signs of a High Value Class Man (Old Money Respect),manosphere/ideologia,False,21.0,0
asHl64vPoQc,Nice Guys From Reddit - Unemployed High Value Man,manosphere/ideologia,False,9243.0,-1
vCzR1SUmSNg,12 microhabits to be instantly perceived a high value woman,manosphere/ideologia,False,968463.0,0
Wv_qt3Wmftc,5 signs you're dating a High-Value man? #valentine #personality #attraction #respect #relationship,manosphere/ideologia,False,6950.0,0
TViVQDoZx1A,"Why High Value Men Chase Women Who Have ""This VIBE""",manosphere/ideologia,False,9919.0,0
vR6I3dwdfq8,6 Powerful Boundaries That Instantly Attract High Value Women,manosphere/ideologia,False,83957.0,0
whi7SkXbEBQ,how to live as a High value man💪#love #loveguru #psychologyfactstamil #relationshipadvice #breakup,manosphere/ideologia,False,8376.0,-1
aZS6Gw6y7UI,7 Characteristics of a High Value Man - Be the Best Version of Yourself (Animated Story),manosphere/ideologia,False,14580.0,-1
m0CunrQedt4,IS HE A HIGH-VALUE MAN?: Relationship advice goals & tips,manosphere/ideologia,False,1307.0,0
8krvDTgzE6k,Single Mum Gets Irritated When A High Value Man Turns Her Down. #singlemom #dating #shorts,manosphere/ideologia,False,2256.0,-1
97pZMkDGBOU,WHERE TO MEET HIGH-VALUE MEN?,manosphere/ideologia,False,19543.0,-1
Ve5n7JAKLOk,How To Become A High Value Man 👑 | Sarthak Goel,manosphere/ideologia,False,15693.0,-1
g-X3AUS-CvY,I Deserve A High Value Man ©,manosphere/ideologia,False,974049.0,0
cAe4PUZbzfI,High Value Christian Man PERFECTLY Handles Aggressive Woman on Dating Show,manosphere/ideologia,False,393321.0,0
p5A6GwWgUbA,High Value Men Don’t Exist! Episode 3 of Honestly Kendra G The Podcast!,manosphere/ideologia,False,12027.0,-1
gq3i3MTUIwA,Hidden signs you are a high value man,manosphere/ideologia,False,5661.0,0
ssmxDVBljGM,What Do Men Think A High Value Woman Is? Top 5 Traits of A High Value Woman | Matthew Hussey,manosphere/ideologia,False,2094.0,-1
175EJ1mVkoE,12 Traits of a High Value Man | Stoicism,manosphere/ideologia,False,14426.0,-1
UW0adO79jqw,7 Signs of a High-Value Man,manosphere/ideologia,False,106.0,-1
MndlX30UMjM,Strange Signs You’re Becoming a High Value Man (Others Can Feel It),manosphere/ideologia,False,9687.0,-1
v2DCRi8PyJw,"Kevin Samuels: She’s 42, Divorced With 3 Kids, and Wants a 6-Figure Man",manosphere/ideologia,False,224643.0,0
ToYQ2shgpQI,"How to Be a High-Value Man The Kiran Roy Way | Discipline, Purpose & Dominance",manosphere/ideologia,False,7001.0,0
gWp4bXP9MKw,This is why I see so many high-value men struggle in the love department.,manosphere/ideologia,False,1988.0,-1
SXq3HR24gUA,10 Expensive Luxury Fragrances For High Value Men,manosphere/ideologia,True,17309.0,0
cfe_Wnvcf_E,High Value Man Skills 🗿,manosphere/ideologia,False,19433.0,5
ZzGuQp5iIyA,How To Be A Real High Value Man She Comes Back To,manosphere/ideologia,False,4057.0,-1
2ZtiEgQU9sw,The High Value Man *Myth* | What Actually Matters,manosphere/ideologia,False,6551.0,-1
Q_kP_Cbi-jU,"""A HIGH VALUE MAN IS A MAN WITH MONEY, PERIOD"" - NOXOLO MHLONGO",manosphere/ideologia,False,32263.0,5
Ojj0bdlH5x0,High Value Men Get Tested More Than Low Value Men,manosphere/ideologia,False,9375.0,-1
7Jfu9w3CQJg,How High Value Men Emotionally Detach From Women | Stoic Mindset,manosphere/ideologia,False,4420.0,-1
C2MuSzuykdQ,Why Sean JOINED The White Supremacists 🥊💀,manosphere/ideologia,False,2505288.0,3
BB_ylDVBhMI,# #motivation #mentalhealth #blackhistory #life,manosphere/ideologia,False,1254.0,5
FySok6_6s4Y,"Panel on information use in authoritarianism, male supremacism, and organized resistance",manosphere/ideologia,False,745.0,0
Qi22elpJsfQ,Did black people create the term White supremacy?,manosphere/ideologia,False,10443.0,3
iEPGl4EaGmg,"It’s entitlement, which is a symptom of supremacism. #prettyprivilege #patriarchy #beautystandards",manosphere/ideologia,False,1238.0,3
5af19CJ_Iyg,The Man Who Created an Army to Destroy the KKK | Untold True Story,manosphere/ideologia,False,47594.0,3
4A_3pEfehac,The myth of black male privilege and the patriarchy,manosphere/ideologia,False,14.0,3
yBvZksMHsTU,Malema EXPOSES White Supremacy as White Man Walks Out! 🔥 #JuliusMalema #WhiteSupremacy #EFF,manosphere/ideologia,False,4186.0,3
g3ksNS11rck,Based on a real conversation I had: White Supremacy is bad,manosphere/ideologia,False,455.0,3
ao6TTRPT69A,Mental and Emotional Health Tolls in Research on Supremacism and Extremism,manosphere/ideologia,False,193.0,0
ZwVRzTTHlVw,Black History ''the Pulaski 1868'' #blackhistory #blackhistorymonth,manosphere/ideologia,False,6683.0,3
C1GZL_Ps23w,Men Supremacy Challenge #trending #duet #goodvibes #viral,manosphere/ideologia,False,1562.0,5
upVPg7nLg6U,Employee vs. Entrepeneur: Which One Are You? #Shorts,manosphere/ideologia,False,248.0,-1
EW5XmM7wIrw,That's Ballsy#deradicalization #daryldavis #whitesuppremacisy #Ballsy #wow,manosphere/ideologia,False,813.0,6
AW5KIYWmB4M,Living In The Hood Doesn't Make You A Bad Person #theblackcongregation,manosphere/ideologia,False,2778.0,-1
H3OKJ7DOyv8,Niko pranking the most racist man on earth (part 8)#prank #pranks,manosphere/ideologia,False,2378.0,3
Mivnou3wXdg,Coversations Young VORS Can Understand | @Justavor #shorts,manosphere/ideologia,False,307.0,3
duVC0TwVc7E,R*cial Pride 🤔 #shortsfeed #forthekingdom #apologetics #youtube #podcast #pride,manosphere/ideologia,False,10103.0,-1
TLVVfWJRYiM,The Institute for Research on Male Supremacism Femsplains Men's Rights Advocates and New Title IX,manosphere/ideologia,False,2356.0,0
svhexrobeII,When Black Power Spread Across The Globe,manosphere/ideologia,False,528.0,3
_vOXqSUtsAE,We must critically analyze and dismantle internalized systems of oppression within ourselves,manosphere/ideologia,False,565.0,3
b7fVBYq64ac,Video up on my channel now! 🤞🏿 #BlackRenissance #ResistFascism,manosphere/ideologia,False,1094.0,3
z9kFCSDetWE,Opinions #duet #racism #opinion #racist #bigot #bigotry #stop #nothesame #belief,manosphere/ideologia,False,145045.0,3
7A_tAJqSdX0,we must protect black culture in order to preserve it #speakmypeace #podcast #blacklivesmatter,manosphere/ideologia,False,1337.0,3
EZREIAAnrgo,Shooter Was a Fascist Who Hated Civil Rights & Promoted White Supremacy,manosphere/ideologia,False,12.0,3
agX5KmdEVjw,Entering The Era of Justice | @Justavor #shorts,manosphere/ideologia,False,1494.0,3
cr1nxx7UKXg,My goal as a white supremacist #comedy #israel #foundationalblackAmerican,manosphere/ideologia,False,3715.0,3
KIbdyfxVHxI,#rastafarian man talks about all the white supremacy at the #freedomconvoy2022,manosphere/ideologia,False,569.0,3
2Xpqcq_v-7Y,The Confusion of White Supremacy and Crime,manosphere/ideologia,False,1981.0,3
8lsn7lOPKAc,#The #Black #White #supremacist #davechappelle #claytonbigsby #funny #hilarious,manosphere/ideologia,False,1479.0,3
kN2zUUpAE0A,Imma Need My Black People On This One…,manosphere/ideologia,False,874.0,3
8DV8SQtLTr8,white supreqmcy,manosphere/ideologia,False,890.0,3
ip5tqipBVMQ,Human Supremacist Arrogance,manosphere/ideologia,False,1958.0,3
p8zeMK-JmFg,men supremacy 💪🏻 #new #viral #funny #creator #motivation #love #trending #struggle,manosphere/ideologia,False,1607.0,5
WsXhVXkf-W8,Jack Johnson: The Boxer Who Defied Racial Barriers #shorts,manosphere/ideologia,False,595.0,3
OA-YwnOPipQ,Blacks Need to Call Out Sell Outs in the Community! #problack #blackpower #blackempowerment,manosphere/ideologia,False,513.0,3
Ml65DBA0T6s,BLACK Supremacist Thinks is BETTER to Serve a GOD that Looks like You. Jesse Lee Peterson,manosphere/ideologia,False,21834.0,3
yqmzWfEfHbo,The Impact of White Supremacy and #Integration on Black Communities #viral #blackhistory #shorts #yt,manosphere/ideologia,False,5557.0,3
ikpDT8gfIzU,Black male Politics. #viral #poltics #tennessee #passportbros #foryou #2026,manosphere/ideologia,False,3022.0,3
3EAMVDxrza4,Boys vs Men 🗿 || Hindu Supremacy ❤‍🔥,manosphere/ideologia,False,206.0,-1
4EIg84hbzCg,White Supremacy 101?!,manosphere/ideologia,False,233.0,3
n4uSE7-NJ4Q,“Black Supremacy” vs. “White Supremacy”…Is Liberation theology “Black supremacy🤨,manosphere/ideologia,False,153.0,3
Bn3LpmXgnls,Should We shoot the Homeless,manosphere/ideologia,False,142.0,-1
PaaAgT0D-D0,clip from longer interview about Darwin and white supremacy,manosphere/ideologia,False,108.0,3
P55t6eryY3g,The Alt-Right Playbook: How to Radicalize a Normie,manosphere/ideologia,False,4440340.0,0
30COtvV7Z-s,'Black Supremacy' Author Dr. William Deon James & Jesse Lee Peterson Exchange Thoughts #abc #news,manosphere/ideologia,False,127586.0,0
pJv2R4iivmo,Being Pro-Black is an Assault on White Supremacy Not White People #problack #blackempowerment,manosphere/ideologia,False,539.0,3
bNIDA3hXYzg,Kofi Kingston conquered white supremacy for one night #wrestlemania #shorts #wwe,manosphere/ideologia,False,2522.0,-1
HM4vpcyxUX8,Expanded imagination ✨ #richmondva #podcast #rva #racialtrauma #race #racism #ccda,manosphere/ideologia,False,957.0,3
NuPAiL-OlL4,AMWF Couples Anger White Men + Advice On Dealing w/ YT Supremacists #shorts,manosphere/ideologia,False,2153.0,3
o-qgzsB0vMU,This Is Why They Get Protection | Understanding The Bias (Part 1.),manosphere/ideologia,False,1357.0,-1
epLMk2uOeww,MUST WATCH** White man speaks on white supremacy. #shorts,manosphere/ideologia,False,2479.0,3
CwX9y6Z65Qg,Racism & Systemic Inequality: Black Men's Experience #shorts,manosphere/ideologia,False,2215.0,3
1wMRpq3tWZI,White Male Supremacy Patriarchy #duet #whitepeople #deptartmentoflabor racists #maga #whitemen #nope,manosphere/ideologia,False,354234.0,3
ryR38waP0uY,Harry Triple Ho Combat Training for Dummies,manosphere/ideologia,False,155.0,-1
2dhOuVKqA-Y,Brutal Jail Fight 💥👊: Guy Takes Down White Supremacists. #movie #film,manosphere/ideologia,False,3653.0,-1
7ZsW6E3cNQI,@keithedwards Is A White Man #itssuperdarian #whitemen #jasminecrockett,manosphere/ideologia,False,1609.0,3
H5HrkZugl-o,BLK GENDER WARS IS YT SUPREMACY 🤦🏾‍♀️🤦🏾‍♀️🤦🏾‍♀️🤦🏾‍♀️,manosphere/ideologia,False,176.0,0
sZmP_KhDCOQ,@Andrew Horval feat. on Christ Supremacist. #ChristFirst,manosphere/ideologia,False,2352.0,6
Xz23nNaEaqU,What's a BIPOC? #bipoc,manosphere/ideologia,False,3037.0,-1
fQpa_ErTQs0,Jesse Lee Peterson Educates Man On Racism #shorts,manosphere/ideologia,False,5618344.0,3
DA2bkljRrIs,Black Supremacist attacks Eminem,manosphere/ideologia,False,65374.0,3
igouO6Og-Os,"SOCIALISM SATURDAY: Undercover at the Institute for Research into Male Supremacism, Live Final Talk",manosphere/ideologia,False,1774.0,0
keCqeyixy50,Black men supporting white supremacy #blackgrandmasbelike #blackmen,manosphere/ideologia,False,1344.0,3
ui_hn_lo22o,Orange man isn’t racist he’s just sick of repeating himself,manosphere/ideologia,False,1566.0,3
aO0dmeScA-M,Blacks were the ORIGINAL NERDS,manosphere/ideologia,False,1463.0,3
tzBRftTQhNQ,"Incel, Interrupted: Haz's ""Soy Males"" + ""Misogynist Incels and Male Supremacism"" (2021) Audiobook",manosphere/ideologia,True,13739.0,0
2gltsWYxopM,Black Man Says He's Tired of Nosey White Folks #karen #mindyourbusiness #whitepriviledge,manosphere/ideologia,False,649.0,3
v_ivJCdG1r0,Black history truth an barz #rap #hiphop #rapper #freestyle #1magetv #murdabeatz #freestylemusic,manosphere/ideologia,True,25537.0,-1
lrpaCtEEJK8,Anti-White Racism,manosphere/ideologia,False,177250.0,3
mURPZJQiIHw,Black People HAVE To Do Better 😢😢,manosphere/ideologia,False,9043.0,3
8EI0leyaaWk,I felt like this needed to be said. Again.,manosphere/ideologia,False,991.0,6
R2HfyTygYLk,The stigma against black advocates,manosphere/ideologia,False,2832.0,3
5cCVRaQoTfk,Black Man Attends Hundreds of KKK Rallies | Watch This!,manosphere/ideologia,False,2914.0,3
Q9yimkkUOxU,one of many ways we can protest white supremacy,manosphere/ideologia,False,2035.0,3
RFk3P5cECKU,Stanford to host book talk by expert on 'male supremacism',manosphere/ideologia,False,993.0,0
nmXFIRl5hNQ,Generational Supremacists,manosphere/ideologia,False,59623.0,3
gi00QgMwo_Q,Lesson From JDI’s list: Patriarchy and white supremacy culture #shorts #johnnydeppisinnocent #,manosphere/ideologia,False,33.0,3
-oMvuhMQbng,The Anatomy Of A Black Traitor,manosphere/ideologia,False,733.0,3
aMKzMH-LsfM,This is not okay.. #blackcommunity #america,manosphere/ideologia,False,2387.0,3
7mVPNzjiS5c,Did You Know!!! Why was the black panther established? #shortvideo #iconic Quotes,manosphere/ideologia,False,377.0,3
NlNi9uUISNc,White Supremacy in 1 Minute,manosphere/ideologia,False,3383973.0,3
a-IcFgNnzsc,Understanding the Roots of Hatred Towards Black People,manosphere/ideologia,False,6799.0,3
-V1RP0_KU54,The Invention of white people part 6 #viral #shorts,manosphere/ideologia,False,3518.0,3
07GUmZZC02c,Black Male Misogynists Are Goofballs #19thamendment,manosphere/ideologia,False,258.0,3
c3yWqJusggw,Igbo men supremacy…shot by me #igboamaka #igbomen #shorts #youtubeshorts #shortvideo #viral,manosphere/ideologia,False,1678.0,0
b2X9vWOU4Eo,bell hooks on black masculinity & the ghetto minstrel show #Intersectionality #Sexism #Patriarchy ￼,manosphere/ideologia,False,1518.0,3
1PxV1ETeEhg,Eminem and white supremacy,manosphere/ideologia,False,333.0,3
zDKUXsyqhkY,Why Myron Sparks Black RAGE?!,manosphere/ideologia,False,19580.0,3
sUzO9T4bVVk,Black History Month Day 2: Let us become more intentional about our futures. #tellemtiptoldyou,manosphere/ideologia,False,602.0,3
ViMkZ-QyCM0,Was he left extremist?,manosphere/ideologia,False,841.0,3
Gub-01-RuMc,Proud boys,manosphere/ideologia,False,8.0,0
bR_tNTtt81U,Officer looks to Lasso Black man #shorts #police #quotes,manosphere/ideologia,False,92.0,3
SUhaEk00-CQ,"Black Identity Extremely ""BIE"" |#shorts #youtube #viralvideo",manosphere/ideologia,False,33.0,3
EIq9YPJhxJE,👨🏾‍🏫📜 Dr. Clarke's Message to the Black Man 🗣️🌍 #shorts #planetarychess,manosphere/ideologia,False,1784.0,3
R14rR1HC5b0,This is the root of discrimination in this country #foryou#shorts#movie#viralvideo#video#movies#film,manosphere/ideologia,False,199.0,-1
rT9pS62birw,BLACK Men COMPLAINING of White Supremacy. Jesse Lee Peterson DEBATE,manosphere/ideologia,False,41612.0,3
u3JrxHNjhNU,Black and Mixed Latinos Talk About White Supremacy,manosphere/ideologia,False,295.0,3
N1g6G9euBQU,Georgia Police Use Black Men as Target Practice? #woke #reels #instagram #shorts #youtubeshorts,manosphere/ideologia,False,1938.0,3
S44IAQnqLNM,a day in history #history #life #black #facts #blackhistory,manosphere/ideologia,False,64.0,3
AddewlPPZhE,Kyrie Irving is racist,manosphere/ideologia,False,30721.0,3
IXgfPPkOwrg,reparations to Black people,manosphere/ideologia,False,6431.0,3
WMSkcPzse00,Blacks (Negroes) Identified By Exaggerated Skin Complexion,manosphere/ideologia,False,275.0,3
sGNq6Zd6Wzw,WHITE Men Holding BLACK Men DOWN! (Systemic Racism) Jesse Lee Peterson Interview,manosphere/ideologia,False,17479.0,3
9m21dRj6YzA,BLACK people are the standard & the original! #blackculture #blackgreatness #blackexcellence #B1,manosphere/ideologia,False,791.0,3
uPPqAwzMTB4,HATE IS A MENTAL DEFECT! #blackhistory #ushistory #injustice #racism,manosphere/ideologia,False,1325.0,3
xdQxPQq54NI,Pro-Blacks Who Discuss Racism Are Not COMPLAINERS. We Are Reporters,manosphere/ideologia,False,968.0,3
LDDsujdwA5Y,#israelite #iuic #bishopnathanyel #blacks #hispanics #nativeamericans #fyp #listenwell #takenotes,manosphere/ideologia,False,337.0,-1
_aMqhZYNOjo,Was Elvis a supporter of white supremacy? #celebrity #elvismovie,manosphere/ideologia,False,574.0,3
cWtwWpBsYm8,How Black Boys Go From Preschool To Prison,manosphere/ideologia,False,682.0,-1
bG1O79UbsGY,IT AIN'T ROCKET SCIENCE!!! #BlackUnity for #BlackEmpowerment Code: #BU4BE,manosphere/ideologia,False,2006.0,3
kG53HxDJ0u8,He thinks it’s ok to be racist to white ppl #shorts #charlagmagnetheGod,manosphere/ideologia,False,3713.0,3
rua8MvB0TjI,Black men are being targeted by from sides. #acabdevil #shorts #fba #foundationalblackamerican,manosphere/ideologia,False,2047.0,0
CBhwzs8KcLw,Negative Black Culture Has Become The Norm,manosphere/ideologia,False,472.0,3
2aNU539g_iI,if you are black and you are willingly perpetuating systemic violence...,manosphere/ideologia,False,824.0,3
JZrDD5gW_MQ,"Why do some black men, EXCLUSIVELY date non black women, without RaCooning.",manosphere/ideologia,False,1588.0,3
9znA94fFafI,Heroes of Black History 2023 28: Will Smith #shorts,manosphere/ideologia,False,66.0,3
y_ySDQ9dffo,Does dating white make blacks more acceptable in society? | Rydahs Only | Dr. Frances Cress Welsing,manosphere/ideologia,False,31843.0,3
M7KD18zRdyo,OLD MEN SUPREMACY 😎 #subscribe #onlyeducation,manosphere/ideologia,False,42916.0,-1
DreY8YOjETA,Hindu supremacy #shortvideos #viral #motivation,manosphere/ideologia,False,7909.0,-1
zYId8kpsKIY,Being on time is white supremacy,manosphere/ideologia,False,82979.0,3
8TMs377u7K8,Tupac the Black Nationalist,manosphere/ideologia,False,3529.0,3
ylLphkacyaI,why blacks doont want to end white supremacy,manosphere/ideologia,False,1286.0,3
CCJXzv1dlr8,Heroes of Black History 2023 17: Neil DeGrasse Tyson #shorts,manosphere/ideologia,False,1456.0,3
dwBR2L9-TWM,“I’ve never been attacked by a white supremacist”,manosphere/ideologia,False,49843.0,3
v6-AOYxkrKE,Lineage Based Reparations and an Anti-Black Crime Bill,manosphere/ideologia,False,432.0,3
T_behGaiWaw,How To Explain White Supremacy,manosphere/ideologia,False,2571.0,3
XUPJklJLLHE,"Is it right for someones blackness to constantly be evaluated for ""imperfections""? #stephenasmith",manosphere/ideologia,False,993.0,3
d_WfhS-gRvg,Heroes of Black History 2023 8: CoryXKenshin #shorts,manosphere/ideologia,False,87.0,3
HVub-5UxIaw,Author Tim Wise was asked what it means to be white in the documentary Whitewashed,manosphere/ideologia,False,3492.0,3
D3JtmeHae5g,Black Man Joined KKK! #joerogan #shorts,manosphere/ideologia,False,4018.0,3
-qTspBIBcaA,"This video perfectly explains why Charlie Kirk was a ""White Supremacist"" smh",manosphere/ideologia,False,2360.0,3
h0WWUQg-tMI,Is the word Anti-Semitic used to divide us? #freedomofspeech #nickcannon #kanyewest #shorts,manosphere/ideologia,False,816.0,0
cUANQGxgm9Y,"To understand the Bible , you have to understand UNITY #iuic #unite #blackpeople #hispanic",manosphere/ideologia,False,564.0,3
8BVmO4nOi4w,The Black National Anthem! YAWN!,manosphere/ideologia,False,29895.0,3
LYe91MPOwmI,GOD Only LOVE Some People! Jesse Lee Peterson Interview Black Supremacist,manosphere/ideologia,False,80561.0,3
hEemQjwpAvE,He THOUGHT Jesse HATE BL@CK People! Jesse Lee Peterson Interview Troyce,manosphere/ideologia,False,58541.0,3
RSIqQvOmNmU,Are Black Men Really Pawns of White Supremacy?,manosphere/ideologia,False,2227.0,3
4OFhS53yU_A,Shadolph Hitlearn : White Supremacism = tiny penis,manosphere/ideologia,False,18.0,3
NDtzOUQXxZI,Blacks Use Entertainment to Avoid Addressing Racism #problack #blackempowerment #blackpower,manosphere/ideologia,False,530.0,3
0MU_qHJ5aKA,White Supremacist vs. LGBTQ #LGBTQ #WHITE SUPREMACIST #PEACE,manosphere/ideologia,False,2349.0,3
5H-kJV2Wm5I,White Supremacist Son Escaped His Own Family,manosphere/ideologia,False,935.0,3
nadg_9Er4Fs,In MAGA Hell the left still believe white men have the answers 🔥🫩🔥,manosphere/ideologia,False,913.0,3
iEgDb0wmn8I,"[Redpill] Yes, They're ALL Like That (AWALT)",manosphere/ideologia,False,1331.0,-1
1LXEAvw5Uko,Dealing with the Woman-Child (AWALT),manosphere/ideologia,False,61171.0,5
e41MkYXqMLU,"2nd Awalt Class of ’66 Zoom Gathering Aug. 12, 2025!",manosphere/ideologia,False,35.0,-1
QMaKfKgNLvM,Awalt Road by Veronika & Justine Watts,manosphere/ideologia,False,37.0,6
n4JU1UdaMi8,AWALT!,manosphere/ideologia,False,106.0,0
AYvkkaOLdxY,"Awalt High '66 Zoom Gathering Feb. 11, 2025",manosphere/ideologia,False,48.0,-1
i9-DKW1aHso,Kameron Awalt Early Morning Solo,manosphere/ideologia,False,25.0,6
vzw-PEmEwH0,YALGUUN SAR SHINE ZURAG AWALT,manosphere/ideologia,False,363.0,6
tcAeASqraNg,YU-GI-OH! OPENING 3 OTS 21 PACKS! 1ST PLACE WITH KASHTIRA AT LOCALS 4/1/23 #shorts @SilverTCG,manosphere/ideologia,False,8172.0,0
7Ugl9NhkSUA,Awalt (feat. Percy Keith),manosphere/ideologia,False,887.0,0
WEip74TArcg,273 - The Cheeseburger Theory w/Kevin Awalt,manosphere/ideologia,False,250.0,-1
mrScHPe2feY,Rob Awalt: Football Tight End,manosphere/ideologia,False,145.0,9
zfNTM-R4bl8,"Write On Four Corners - January 9, 2019: Barbe Awalt",manosphere/ideologia,False,14.0,7
qikp5WK_5oo,Laaziza,manosphere/ideologia,False,95069.0,0
JLXu5kll34E,"3rd Awalt High ’66 Class Online Gathering - February 10, 2026",manosphere/ideologia,False,45.0,-1
R6nq0vG8Ul0,Marj Awalt,manosphere/ideologia,False,62.0,-1
7VNIZp7hjRk,Bro to cold with it fr #shorts #giannisantetokounmpo #nba #basketball #nbamoments #sports #edit,manosphere/ideologia,False,522.0,9
OvbnCTUQkpg,“HULK SMASH”// A classic line ngl💯💯 #hulksmash #shorts,manosphere/ideologia,False,59.0,-1
qOCvhu9uq8M,Ariettas Cataphasia Awalt,manosphere/ideologia,False,0.0,0
9X128rrSodM,PRAY FOR ME 👑⚫🟣 #shorts #blackpanther,manosphere/ideologia,False,19.0,3
FD-wQU4D72A,These Dunks to tuff 🔥 #shorts #NBA #nbamoments #sports #basketball #dunk,manosphere/ideologia,False,111.0,9
CvFU6ryiZnw,AWOLNATION - Sail (Lyrics),manosphere/ideologia,False,2871284.0,0
_l6BI1tG2E8,“We are Venom”//#shorts #venomedit,manosphere/ideologia,False,8.0,-1
N_ezuy0wccg,Lockdown makes Megatron look more mid #lockdown #transformers,manosphere/ideologia,False,27.0,1
tff6mT-ot_Q,Episode 4: Entrepreneurship and oversupply struggles with Maggie Awalt,manosphere/ideologia,False,11.0,-1
ffwRFq1-EXY,Silver Surfer runs this whole movie// #silversurfer #marvel #fantasticfour,manosphere/ideologia,False,41.0,-1
SW4vtXzBnRw,Epic skating 👈 Journey : Public Reactions Awalt #skating #viral #viralsong #trend #trending #2024 😳😱,manosphere/ideologia,False,13459.0,0
eALBeKm8SGo,Optimus be ready for all the smoke🔥🔥// #optimusprime #edit #transformers #shortsviral,manosphere/ideologia,False,40.0,1
V5Z-4uZgCBI,This Is My Story: My Home My Refuge - Julia Awalt,manosphere/ideologia,False,32.0,-1
JX1sroJWXVU,This is what KAT had to say about his team! 🐺🔥#shorts #nba #karlanthonytowns #basketball #sports,manosphere/ideologia,False,15.0,9
RBbg3hZweiU,Awalt Drive Lakefront Subdivision Tracts,manosphere/ideologia,False,236.0,8
YwRg-DmgGgQ,Releasing The Nations - Julie Awalt,manosphere/ideologia,False,20.0,-1
1ckjebUTulo,"Awalt - ""THE BLACKETEER"" - track 6",manosphere/ideologia,False,138.0,6
yvr6sol3GYc,"LIVE with Don Awalt, Owner of Thorum Consulting",manosphere/ideologia,False,10.0,-1
jOY8ZLpsUFA,Giannis hits the last shot for the game🔥 #shorts #basketball #nba #nbamoments #sports,manosphere/ideologia,False,2705.0,9
MTnXMW_hwG0,"Awalt - ""THE BLACKETEER"" - track 5",manosphere/ideologia,False,106.0,-1
8_Sv3czPYMU,Hebrews 11:1-3 - Elder Mike Awalt (CSBC 2025),manosphere/ideologia,False,25.0,-1
KnVOmrPIpT8,#AWALT,manosphere/ideologia,False,16.0,0
A7cjJ1DtXxs,Awalt HS Class of 1973 Homecoming Events and Football and Graduation,manosphere/ideologia,False,1647.0,9
kUZE6KyNWOQ,"Awalt - ""THE BLACKETEER"" - track 2",manosphere/ideologia,False,114.0,-1
OUwi8hSHcCQ,Ndamte ana li aaraftek,manosphere/ideologia,False,24004067.0,0
khv7mY8swuM,Mechagodzilla owns Godzilla #mechagodzilla #monsterverse,manosphere/ideologia,False,10.0,6
wKvOIbyA0Lw,"""And I'm Telling You"" Amelia Awalt",manosphere/ideologia,False,163.0,6
ae6Qa7e1JPQ,Red Pill Concepts: AWALT/NAWALT,manosphere/ideologia,False,928.0,-1
O-y16hg-65o,1976 Gunn - 25 vs Awalt - 0,manosphere/ideologia,False,68.0,-1
7xqyxugshes,Olive young hudaldan awalt,manosphere/ideologia,False,29.0,6
XARiXKHsfHc,Sonny Awalt Fall Scraps 2011,manosphere/ideologia,False,594.0,6
hMjilnsemKY,Rob Awalt Rookie Football Cardinals,manosphere/ideologia,False,383.0,9
hizGonvmI2E,Room With A View - A Little Bit A (Live) ft. Kristina Awalt,manosphere/ideologia,False,1731.0,7
wpoZnq8vzRE,Unchained Melody cover by Amelia Awalt,manosphere/ideologia,False,155.0,6
AEC6r5ep3HI,Celebration of Life Service - Bill Awalt,manosphere/ideologia,False,159.0,-1
HI4HShSOjcI,Sonny Awalt Summer 2011,manosphere/ideologia,False,969.0,-1
06cdl8QglOk,At Last cover by Amelia Awalt,manosphere/ideologia,False,60.0,6
OeYJ2m5NoEU,Rhea by Chad Awalt,manosphere/ideologia,False,50.0,11
6hGvvzN6L88,You Got It cover by Amelia Awalt,manosphere/ideologia,False,137.0,6
koXkV4X34Xc,The Real Meaning Behind AWALT,manosphere/ideologia,False,46.0,-1
h4psuuHFb4g,The time is right to buy a home 🏡✨,manosphere/ideologia,False,68.0,-1
bmG6wbZej1Q,Sonia Elena Awalt,manosphere/ideologia,False,314.0,-1
Kblswvd0GVM,Li awalt- sced opps (official audio),manosphere/ideologia,False,74.0,6
aSnoUetNYMA,Natal Day (2) At Last by Amelia Awalt,manosphere/ideologia,False,1322.0,6
28eV10vJMdw,hurimiin zurg awalt,manosphere/ideologia,False,171.0,6
exMzaJUQyc0,AWALT🩸 #brycedracula #2hollis #6arleyhuman #scenecore #fypシ゚viral,manosphere/ideologia,False,952.0,-1
RNWFGi5M1BM,Ginger Awalt - Alive,manosphere/ideologia,False,26.0,6
_HFKhFAEJDA,Awalt HS Class of 1974 Homecoming Events,manosphere/ideologia,False,939.0,9
QfDQqt0Ipis,Sonny Awalt,manosphere/ideologia,False,1347.0,6
h8TKLkc0EtA,upload vlog video awalt,manosphere/ideologia,False,75.0,0
CKIM0XZ-jJY,Awalt HS Class of 1978 Homecoming Events and Football,manosphere/ideologia,False,709.0,9
6TqQ7fz1rVw,dund zax xvleen awalt,manosphere/ideologia,False,24.0,6
BPMVueEbM3A,Richter Awalt,manosphere/ideologia,False,368.0,0
fS547c20YEg,Returning to Paradise EP2 - The Awalt's,manosphere/ideologia,False,712.0,-1
I5lTjO_4y8M,Sonny Awalt Inline Clips,manosphere/ideologia,False,636.0,6
fPzHG_daq6I,#brycedracula #AWALT,manosphere/ideologia,False,208.0,6
Z6D4dAZn3Cw,Awalt.Rinderer Wed 1,manosphere/ideologia,False,33.0,1
18eph8Iiq3I,Awalt '74 2024 50 Year REUNION VIDEO,manosphere/ideologia,False,160.0,-1
2J10LoSKk8w,Sonny Awalt July Clips,manosphere/ideologia,False,719.0,6
00Nx56P7mjQ,Sonny Awalt Backflip Attempts,manosphere/ideologia,False,858.0,6
4PojQSmrOXY,This Tiny Saw Packs a BIG Punch! 🔥 #tools,manosphere/ideologia,False,51050.0,-1
-kzzGwcs0IE,"Conservative Woman + Liberal Women = AWALT (MGTOW,IBMOR)",manosphere/ideologia,False,4700.0,0
dJQSb1BNuiE,Skateboarding Awalt,manosphere/ideologia,False,83.0,6
0dI7qAsTuxs,Importance of Expertise,manosphere/ideologia,False,0.0,0
whd0_E80qmM,Chandler Awalt Vball 2013,manosphere/ideologia,False,143.0,-1
9jeP5Fv8iT8,"AWALT Thinks She's ""Too Attractive to Find Love""",manosphere/ideologia,True,5947.0,0
D8rSF9FUFuk,Chicago been treating me right🩸#brycedracula #awalt #6arleyhuman #scenecore #2hollis,manosphere/ideologia,False,100.0,6
KE7F9PwBi9E,Awalt HS Senior Class Float - 1977,manosphere/ideologia,False,272.0,6
jnuAWKouZsc,Ray Awalt and The Bi-Stone Playboys- Rowdy,manosphere/ideologia,False,560.0,0
vUtqwebzToY,"How to say ""awalt""! (High Quality Voices)",manosphere/ideologia,False,26.0,6
kWhV2K9keKI,Something to Talk About cover by Amelia Awalt,manosphere/ideologia,False,105.0,-1
eCIWetjIcDA,AWALT Moment in Video Games,manosphere/ideologia,False,126.0,-1
RH0a84phKqs,Vicky Awalt-Policy Issues,manosphere/ideologia,False,18.0,6
_A6_5qNuaEo,The Red Pill Diaries: AWALT,manosphere/ideologia,False,508.0,-1
w3FP_llSon0,Li awalt feat. BangMan Also- souf shit (official audio),manosphere/ideologia,False,361.0,6
frKKYonefLI,Ray Awalt with Ray & Red & The Bi Stones - Two Wrongs,manosphere/ideologia,False,434.0,-1
rdkco1hLdIg,The Cost Of Distractions - Bro. Brian Awalt - Friday Youth Service,manosphere/ideologia,False,84.0,0
Nq7881fizSo,AWALT Meaning | Word pronounce | English Speaking Practice | English | WordsClasses,manosphere/ideologia,False,29.0,0
HPtpofMu-B4,Disturbed All Members ✪︎ Then and Now,manosphere/ideologia,False,16318.0,-1
ajcoMgiXfxk,Ray Awalt & the Bi-Stone Playboys - Rowdy. 1965 Rockabilly Rock & Roll Instrumental,manosphere/ideologia,False,234.0,0
HQ3za_5U8s0,AWALT Meaning | Word pronounce | English Speaking Practice | English | WordsClasses | #Shorts,manosphere/ideologia,False,29.0,0
HQ8Ts3ilZ0Q,Awalt Design,manosphere/ideologia,False,26.0,6
ptLO_ro5koI,Mina Awalt Ana,manosphere/ideologia,False,43.0,0
-_oTIaaSw-4,Li Awalt - SA(EARemix) (Official AUDIO),manosphere/ideologia,False,87.0,6
w4MLv6wrS2U,Mr. Awalt's 7th ELA Unit 1 Test,manosphere/ideologia,False,43.0,6
cQjdrnvZCFc,Basketball: Buchser vs. Awalt - 1974,manosphere/ideologia,False,1123.0,0
lQ7jymWnhVc,Awalt Wedding,manosphere/ideologia,False,717.0,-1
x-eO63E8d2c,How to Pronounce awalt - American English,manosphere/ideologia,False,15.0,-1
4nmZCLGQCgI,Josh Awalt,manosphere/ideologia,False,250.0,0
2-OdHIpTBkU,In loving memory of Barry Awalt,manosphere/ideologia,False,183.0,5
Y2XFEPL0y_c,Turn up 1 remix Li awalt,manosphere/ideologia,False,6.0,-1
80a_e3D0Bzw,MGTOW Monk - AWALT.,manosphere/ideologia,False,12347.0,6
Mq1RA-emA9Q,[RBG] awalt,manosphere/ideologia,False,386.0,6
SGKKmEnm0Js,Bro was a crazy assassin in this movie💀#sabertooth #marvelvillains,manosphere/ideologia,False,246.0,6
j1j_aRk8DKs,Movie a peak #shorts #spiderman3 #ae,manosphere/ideologia,False,10.0,6
4bqM0Abel-c,Poppy Awalt's Eulogy,manosphere/ideologia,False,19.0,6
ximfpueZiVo,Memories of Bill Awalt,manosphere/ideologia,False,64.0,-1
e1uvepvFIFQ,Colorado Power Partners Don Awalt,manosphere/ideologia,False,36.0,0
VkZLwd1QRwM,"Quit the Red Pill, Quit MGTOW, Quit the PUA (AWALT) Mentality.",manosphere/ideologia,True,2734.0,-1
qqJn_4hBLFo,“I’m gonna put some dirt on your eye”💀🙏//Bully Maguire did not care #spidermanedit #tobeymaguire,manosphere/ideologia,False,62.0,6
rTY74bQV_ic,How a 1960s diet has changed my hormones and weight in 50 days! #1960s #fitness #retro #weightloss,manosphere/ideologia,False,388.0,13
mGks0W54wFo,Everybody gangsta till they pull up💯 #shorts #marvel,manosphere/ideologia,False,197.0,6
IYPTZZzRkq4,Batman is him🦇//#batmanedit #dc,manosphere/ideologia,False,8.0,6
KOCpsOigRSY,No hulk beats this one🔥🔥💯💯 #hulksmash #incrediblehulk #youtubeshorts #hulkedits,manosphere/ideologia,False,22.0,-1
cQYXB2Nk7zU,"Hypergamy, Mgtow, Awalt, Nawalt, Alphas, Betas, and all that BS Nonsense",manosphere/ideologia,False,1192.0,0
3g28NdJufyY,Riot was a menace for venom🥶💯// first riot edit #shorts #riot #venom #editor #AE #topaz,manosphere/ideologia,False,97.0,-1
DE_9SeEZdCk,sonny awalt,manosphere/ideologia,False,1203.0,6
rTsT8H6NBws,SONNY AWALT BMX AFTER LOCKDOWN,manosphere/ideologia,False,312.0,6
7hycIlsXLSw,Bumblebee be coming in clutch🟡⚫ #shorts #film #animation,manosphere/ideologia,False,14.0,6
UvOUy4-Z2gM,The Avengers be ready for smoke #shorts #MCU #endgame #avengers,manosphere/ideologia,False,16.0,-1
ZACJAA4lS_c,1960s Diet by Jack lalanne. (Day 1 menu) #fitness #oldies #1960s,manosphere/ideologia,False,2361.0,13
jhMoo2xp7bE,Germany 🇩🇪 chuudiin ushuu awalt 😄😄😄😄😄😄😅,manosphere/ideologia,False,30.0,6
62tjDfRr-0g,Brian Awalt getting his praise out,manosphere/ideologia,False,102.0,6
qAt9UA3iTJM,Bésame unboxing #retro #1960s #1940s #vintage #unboxing,manosphere/ideologia,False,43.0,3
hwEFYautYiQ,Awalt HS Class of 1977 Homecoming Events and Football,manosphere/ideologia,False,839.0,9
OpVGSJ5Ugtk,Ashley Awalt with a 418 squat,manosphere/ideologia,False,1634.0,-1
qcih2pdxMGI,Sonny Awalt Quick Edit,manosphere/ideologia,False,1115.0,6
Vk9lWnoAbzg,"AWALT, NAWALT and Special Snowflakes",manosphere/ideologia,False,1187.0,-1
PcLVxzcEb5U,This Electro design is better than now way home design// #Electro #villian #shorts,manosphere/ideologia,False,12.0,1
X0XHvCuK8l8,Lockdown better than megatron🥶#shorts #lockdown #highquality #transformers #edit,manosphere/ideologia,False,17.0,1
Tj79kHxMJ8g,Chad Awalt - Vinings Gallery,manosphere/ideologia,False,391.0,11
CRBzc_KNITg,YOU CAN HAVE BOTH follow for more #healthtips and non-restrictive diet methods #healthcoach,manosphere/ideologia,False,708.0,13
GDgtmrTNsqo,Ashley Awalt and Reaux with a 545 2-woman deadlift,manosphere/ideologia,False,966.0,-1
n5iqPStjsiY,Final Project - Elena Awalt,manosphere/ideologia,False,7.0,6
VIWbG3ieO5U,1814 Awalt Dr Winchester TN 37398,manosphere/ideologia,False,2392.0,6
QrLgUM-x8q0,Venom #shorts #edit,manosphere/ideologia,False,12.0,-1
SRoDptdNJvU,250 Awalt dr. Winchester TN MINI FARM!,manosphere/ideologia,False,108.0,8
SiMZCc2FeSc,Li awalt Freestyle [Official Audio],manosphere/ideologia,False,10.0,6
2e1Y1th20i4,AWALT BEER ALE WALL CLOCK,manosphere/ideologia,False,0.0,-1
0aQjVKj7nMM,MGTOW/RedPill: AWALT 🗑,manosphere/ideologia,False,337.0,6
Rn6-wNUuPAw,Nemesis Prime just better fr 🥶💯 #shorts #nemesisprime #editor #AE #topaz #transformers,manosphere/ideologia,False,23.0,1
FJL2khGQKtM,A.W.A.L.T. Women/Marriage/Divorce/Mgtow.,manosphere/ideologia,False,279.0,-1
Q8dqyd5N6xc,Demar Derozan big clutch fr 🔥 #shorts #nba #demarderozan #sports,manosphere/ideologia,False,313.0,9
3ewxLWmpDiY,TAMKO Stormfighter Flex I.R Rustic Black.,manosphere/ideologia,False,146.0,6
aA4wyPGU2mg,Wood carver Chad Awalt LIVE interview with Ruth-Ann Thorn and guest wine makers Hill family estate!,manosphere/ideologia,False,113.0,-1
PjI6QZ3yy9c,ENJI zurag awalt hiiw,manosphere/ideologia,False,112705.0,6
hLAtIPSwyxk,Cop calls out Gold Digger AWALT by HoomanTV,manosphere/ideologia,False,721.0,6
sSDprmrOhw0,AWALT. (A sad but true story),manosphere/ideologia,False,5329.0,0
PnJWAz0it-k,"The truth about the ""All Women Are Like That"" Statement #awalt #NAWALT",manosphere/ideologia,False,556.0,0
p3EqL6nDWVQ,Royal rumblin by Li awalt,manosphere/ideologia,False,30.0,6
Hwdm6dpoCKk,Li awalt - Box Chevy [Official Audio),manosphere/ideologia,False,4.0,6
PYHvbnm5KuM,EP.477 GRATEFUL DEAD FANS SHOW SUGGESTION THE AWALT HIGH SCHOOL 1967 AND KONGRESSAAL MUSEUM 1972,manosphere/ideologia,False,197.0,-1
4cu_CP58zcA,Hawalte bache nenssak,manosphere/ideologia,False,9343.0,0
gqMLPkSg33w,Did You Know These Two Yu-Gi-Oh! Cards Mirror Each Other!?,manosphere/ideologia,False,6769.0,0
BMrnbXXnicQ,"Honestly this was the only good of the movie worth watching to be honest//""puny Banner"" #ironman",manosphere/ideologia,False,19.0,0
o-YOX6I7EVM,I’m pretty sure it won’t,manosphere/ideologia,False,1906.0,6
MPumKzIGo8E,Edna Awalt,manosphere/ideologia,False,54.0,7
GoLTpTIV50Y,Ashley Awalt with a 380 Squat,manosphere/ideologia,False,637.0,-1
7otr7vCGVbM,Dis Nocap by Li awalt,manosphere/ideologia,False,46.0,6
8t9Oawo11Us,Tyson Awalt Conversation Film,manosphere/ideologia,False,29.0,-1
rzy-NLAd5_4,Li awalt - Green Dot(Official Audio),manosphere/ideologia,False,17.0,6
gETQzTHtjcc,Besties✨ @JoshuaM,manosphere/ideologia,False,27.0,6
SLj8HPRIAfE,How to pronounce awalt,manosphere/ideologia,False,18.0,-1
Mr8XRSw0jhk,Natasha Awalt dancing to Justin Beiber,manosphere/ideologia,False,83.0,-1
NiWVL8FX_UA,"Tye Awalt singing his song ""Atia""",manosphere/ideologia,False,40.0,6
eKeUc8fF4z8,Hello from Mrs. Awalt,manosphere/ideologia,False,90.0,6
zs_8ENu9edg,Why Men Over 40 MUST Understand That AWALT Isn't Sexist (It's Survival),manosphere/ideologia,True,265.0,0
ZPEybDh_BNA,Pop stuff pt2 by Li awalt,manosphere/ideologia,False,30.0,6
KV7rMhblKGE,"1530 Awalt Court Los Altos, CA 94024",manosphere/ideologia,False,153.0,-1
ykvs_I6gAUU,Don't Miss The New Six Samurai Support In Rage Of The Abyss! #yugioh #darkarmedduelist #shorts,manosphere/ideologia,False,5756.0,0
QeluX9Be4L4,Stand Bold... and Grow... #Manosphere#AWALT,manosphere/ideologia,False,5.0,1
gb2X3FGJoa8,First DAN DA DAN edit hope you like it ￼￼:) #dandadan #okarun #first #edit,manosphere/ideologia,False,1279.0,6
NfJXD272QbU,Pictures of Cats/Awalt,manosphere/ideologia,False,83.0,7
bJTgTVLGnOY,Ninja warrior training,manosphere/ideologia,False,1.0,6
-EnFqws2xI4,"Hiking hiilee, jijken zurag awalt hiilee, usand sellee 🩵🐬✨👏🏻 Goy udur",manosphere/ideologia,False,4936.0,6
0bO47_0fFhU,Fury to cold with the quotes// But losing your eye to a cat is crazy #shorts #nickfuryedit #marvel,manosphere/ideologia,False,122.0,6
Y6vsb_fno1U,Ashley Awalt with a 242.5 bench,manosphere/ideologia,False,1481.0,-1
LCaIodnBq50,AWALT,manosphere/ideologia,False,170.0,0
YKFqWCfTJvE,Scott Awalt Demo Reel,manosphere/ideologia,False,140.0,6
1DTfDpvd5LE,DJNasaa Maaraa klipni zurag awalt hesgees 2020.04.26,manosphere/ideologia,False,70.0,6
EK6TlR81rx0,This Under Appreciated Classic Yu-Gi-Oh! Monster Needs Support! #yugioh #shorts #darkarmedduelist,manosphere/ideologia,False,5211.0,0
vkreNHMMtDQ,Xavier Awalt Junior Exhibition Video,manosphere/ideologia,False,5.0,-1
pIwv4GplZks,"""A DREAM IS A WISH YOUR HEART MAKES"" aWalt Disney Cinderella Theme song",manosphere/ideologia,False,18.0,0
BMNGJHhmQy8,CYBERSTORM ACCESS OPENING AT LOCALS!!! YOU WON'T BELIEVE THIS!!! #shorts,manosphere/ideologia,False,2382.0,0
b_yNaC_Bu1I,#jinu #kpdh #kpopdemonhunters #pleasegoviral,manosphere/ideologia,False,1039.0,6
9CeTHfgSczY,Huugiin Zurag awalt,manosphere/ideologia,False,115.0,6
SXOVs49AL6c,John Awalt - SnapFi Mortgage Advisor - Nice to meet you!,manosphere/ideologia,False,68.0,-1
_v5RU0udk9k,For some reason I just stopped working on this for like a month but now I am finished,manosphere/ideologia,False,1253.0,2
xdxl-M_Fbjw,Li awalt- stand onnat(official audio),manosphere/ideologia,False,140.0,6
VT2exfG95nI,SledGangRudy X Li Awalt X LPT Keem - Triple 3,manosphere/ideologia,False,199.0,6
scsKjJw61b8,D rose for the bulls was crazyyy #shorts #bulls #derrickrose #sports #nba,manosphere/ideologia,False,527.0,9
ZXi_q-UZIv0,The Continuous Conversation inside an Artist’s Head | Talent Freaks,manosphere/ideologia,False,40.0,0
VwDPv6y_Orw,The Red Pill Moment When She Admits: AWALT,manosphere/ideologia,False,300.0,-1
1DKJ_2qL_sE,TomThumb (feat. Li Awalt),manosphere/ideologia,False,9.0,0
Lu3pRdEBiBg,Natasha Awalt,manosphere/ideologia,False,104.0,6
5-765RNsjxY,"Talk: #MarkingLivesCOVID19 Project, with Liz Awalt & Guests",manosphere/ideologia,False,209.0,0
swEeV_y4ZgU,#zoey #kpdh #kpopdemonhunters #fav,manosphere/ideologia,False,1544.0,6
TFPaVDPNS10,YPC Duggs- Free Awalt ft. Luh Awalt,manosphere/ideologia,False,146.0,6
tzBw1snPRMg,Mantsuitai tamirchid zurag awalt,manosphere/ideologia,False,26.0,6
6aqK14i6JqA,Freestyle Li awalt,manosphere/ideologia,False,30.0,6
jbI60WRBtiM,"2 Girls Discuss Hypergamy, AWALT and Female Dishonesty",manosphere/ideologia,False,43323.0,0
8uW9yhRLG2I,#EdwardCullen#gorgeous#twilight,manosphere/ideologia,False,449.0,1
cLfMMgrxFNQ,"Combining Messenger and SMS Marketing to Close More Sales, Toby Awalt, ManyChat | eCommerceTech",manosphere/ideologia,False,183.0,0
cVip3bVGPgc,Hypergamy Part 1: It's Existence & AWALT,manosphere/ideologia,False,17634.0,-1
Els088zJMAY,#mria #kpdh #k-popdemonhunters,manosphere/ideologia,False,2543.0,6
0O9M-VceMFk,Souf flow by Li awalt,manosphere/ideologia,False,6.0,6
7EJD-h4UW-0,Toriin hudaldan awalt 2,manosphere/ideologia,False,1.0,6
b10GkEoL6GI,Mgtow How things are going Wednesday and what proves AWALT,manosphere/ideologia,False,75.0,6
N3ne6IURR-k,Scott Awalt Demo 12/14/2010,manosphere/ideologia,False,38.0,6
rO6rANmfu1w,950 Awalt Dr Winchester TN 37398,manosphere/ideologia,False,106.0,6
oKM-6MDitM4,Beat-zvrhnii hemnel clipnii zurag awalt ywagdaj bhad,manosphere/ideologia,False,219.0,6
uXq5RLF2H-0,2054 Awalt Dr Winchester TN 37398,manosphere/ideologia,False,72.0,8
inx2dMobzYs,"The ‘alpha male’ myth, debunked | Frans de Waal",manosphere/ideologia,False,787688.0,0
kpvpadX5mwM,The Myth of the Alpha Male,manosphere/ideologia,False,642298.0,-1
kOuer8-sIzQ,The Scientific Lie That Damaged Generations of Men,manosphere/ideologia,False,1583983.0,0
sOMLieJKmn0,"Why ""Alpha Males"" Aren't Attracted To Women",manosphere/ideologia,False,137865.0,-1
H-EAd_uL2-g,Alpha Male Cringe...,manosphere/ideologia,False,406085.0,0
NTJFFoomNc0,"7 Things ""ALPHA"" Males DO That ""BETA"" Males DON'T!",manosphere/ideologia,False,776871.0,-1
K33PHrBM7Ps,"What Being An ""ALPHA MALE"" REALLY Means - Jordan Peterson Motivation",manosphere/ideologia,False,10742.0,-1
xe7bjvfpmhM,Cringe Alpha Male,manosphere/ideologia,False,2742456.0,0
fZNvE3gltFg,TikTok's Most Delusional Alpha Male,manosphere/ideologia,False,951500.0,0
ZxmwSqn0aGo,"When Fake ""Alpha Males"" Get ROASTED #3",manosphere/ideologia,False,1040069.0,0
voKqAYHfzFE,The Saddest 'Alpha Male' on the Internet,manosphere/ideologia,False,838602.0,0
SLc74vMc9Ec,12 Subtle Habits of Alpha Males,manosphere/ideologia,False,583403.0,-1
AA7eQ2l7ETI,Sigma Male vs Alpha Male #sigmarule #alphamal,manosphere/ideologia,False,60556.0,0
hvJ7KnUxUdI,"The True ""Alpha Male"" Test 💀",manosphere/ideologia,True,5255.0,0
vHkJSdAjlKw,15 Traits of a True Alpha Male,manosphere/ideologia,False,116415.0,-1
Q2zxl6dlEYo,I Paid $200 for Alpha Male Coaching,manosphere/ideologia,True,7509810.0,0
T6xT3Hwd2qg,"The Pathetic Life of an Internet ""Alpha Male""",manosphere/ideologia,False,2462952.0,0
OsEMQ17wIJo,ALPHA MALE CRINGE COMPILATION 🤏💀,manosphere/ideologia,False,20940.0,0
vFg20vvN5H4,6 Steps to be a CONFIDENT Alpha Male in 30 Days! (GUARANTEED),manosphere/ideologia,True,601798.0,-1
AKLqZ6VnMG4,15 Signs You're An Alpha-Male,manosphere/ideologia,False,1859248.0,0
x5H-lcJlflo,Luz & Paz: The Unexpected Love Story in Netflix’s Alpha Males (Season 3),manosphere/ideologia,False,113654.0,-1
zI2JvzYI0gE,Every Pick Me Girl on an Alpha Male Podcast,manosphere/ideologia,False,4479813.0,-1
_AzbF-Ipnmg,Alpha Males are Getting Worse...,manosphere/ideologia,False,1624651.0,0
ePKugerH3Ls,"These ""Alpha Males"" Were Banned From TikTok",manosphere/ideologia,False,13152814.0,-1
8Dk5FiN5F7k,Unhinged Posture Alpha Male,manosphere/ideologia,False,2777758.0,0
BQlkk-XQOKM,"penguinz0 - ""Alphas"" Compilation (Part 2)",manosphere/ideologia,False,636972.0,0
yDPxseEvthI,Alpha Male Content is Insane | Alec Flynn | Stand Up Comedy,manosphere/ideologia,False,4411410.0,-1
-AOuk59TA9c,Alpha Male Cringe 3...,manosphere/ideologia,False,277925.0,0
E6zKA3KWq7E,How To Remain Mysterious With Women,manosphere/ideologia,False,36868.0,7
G9mfH3OgjKA,Bye Loser. | Alpha Males,manosphere/ideologia,False,401075.0,0
lns2WqblV9w,Become a ALPHA MALE ☠️ || #shorts,manosphere/ideologia,False,25288.0,0
0ynrqxd6wxo,6 Signs you're a natural Alpha Male (Even without trying),manosphere/ideologia,False,232999.0,-1
m44FnylF5L0,Alpha Male Cringe Is Insane,manosphere/ideologia,False,1288045.0,-1
Ian7G6yaaxw,"Alpha Males Are Forgetting They're ""Straight""",manosphere/ideologia,False,65131.0,0
vlT3zUrRT6c,Terrifying Alpha Male Club,manosphere/ideologia,False,8546518.0,0
fEsnA6dNS6I,Try not to cringe: alpha male quotes #comedy,manosphere/ideologia,False,178461.0,0
UWbHSn8Gwp4,This is the alpha male of alpha males,manosphere/ideologia,False,13767484.0,-1
QVSSuBijS08,“Alpha Males” …girl,manosphere/ideologia,False,2033127.0,0
vPl3XcWXDhY,The Provider Male Era is Over,manosphere/ideologia,False,35629.0,7
ML7Mx-z7wjs,Try Not To Cringe: Alpha Male Romance Shows,manosphere/ideologia,False,170845.0,-1
G6OyPtLpyqQ,Nigerian Reacts To ALPHA MALE Getting TRIGGERED,manosphere/ideologia,False,2582939.0,0
1RfKyml773A,The Worst “Alpha Male” Cringe #1,manosphere/ideologia,False,40331.0,0
TV8RfJVwaoE,How To Be a MAN (According To Instagram Reels),manosphere/ideologia,False,5249991.0,-1
md1YAOQgGZw,Alpha male podcast ep. 1 “The Wolf Pack”,manosphere/ideologia,False,261387.0,0
WeNZ-Jn52PY,How to be Alpha Male and Attract a Wife,manosphere/ideologia,False,139511.0,-1
D9ALL44HUHA,Alpha Male Cringe 4...,manosphere/ideologia,False,195088.0,0
iO8la7BZUlA,Alpha And Sigma Males Are At War And They're Both Losing,manosphere/ideologia,True,9887754.0,0
_c9fovx5lBc,Alpha Male Cringe,manosphere/ideologia,False,175635.0,-1
DrlJLq9sF5I,Most Embarrassing Alpha Male Ever,manosphere/ideologia,False,5966488.0,0
Z9mLpHOHBbw,Are you an Alpha Male? #shorts,manosphere/ideologia,False,6139311.0,0
G90Tnk8zHQI,The New Era of Alpha Males,manosphere/ideologia,False,4709667.0,-1
oEx2tTcswFQ,ALPHA MALE vs. BETA MALE,manosphere/ideologia,False,218785.0,0
9wWMAAGdYcY,Embarrassing Alpha Male Bootcamp,manosphere/ideologia,False,2630362.0,0
dmj_UgChTR4,"""Alpha Male Influencers"" are Unhinged",manosphere/ideologia,False,392035.0,-1
b8093tAZF5o,The real meaning of Alpha Male 🗿💯,manosphere/ideologia,False,119491.0,-1
D2DjPTO-iro,Alpha male podcast Ep. 3 “training day”,manosphere/ideologia,False,93157.0,0
uWNwjAZnOkM,Alpha Males in the Wild #shorts,manosphere/ideologia,False,1765347.0,0
6zCSl9t32dw,Alpha Male Vs. Gentleman 🔥💸 | ft. @IronManLifestyle | #podcast #alphamale #relationship #love,manosphere/ideologia,False,14786.0,0
DE3DXpj-09Q,Shocking Truth About Alpha Males Expectations of Women,manosphere/ideologia,True,5886.0,-1
Hvzb_mKpIXw,Alpha Male Vs Sigma Male,manosphere/ideologia,False,122652.0,0
9NOhVUsnUmE,5 potential signs you’re becoming an Alpha male,manosphere/ideologia,False,409080.0,0
bki8v6CydJ0,Alpha Male TikTok Is Still UNHINGED In 2025 | Roly,manosphere/ideologia,False,108155.0,0
LtckN-VaZ-g,The Bootcamp for ALPHAS,manosphere/ideologia,False,6515752.0,-1
HD33rlVwXtU,Alpha Male Diet,manosphere/ideologia,False,175373.0,13
IfZWcb9uqbM,The Reality of Alpha Male Attitude | Why Toxic Masculinity Is Dangerous for Relationships,manosphere/ideologia,False,130175.0,0
XhBQ6o3c-ME,The 5 FAKE Alpha Male Archetypes,manosphere/ideologia,False,270065.0,0
ipiE0TIb_6g,When Alpha Males Can’t Handle Rejection,manosphere/ideologia,False,282558.0,-1
RBTLqXYzkU0,The cringiest alpha males #cringe #tiktok,manosphere/ideologia,False,51184.0,0
WWd5PyY4Ll8,"""Alpha Male BS"" 🎤: Alec Flynn",manosphere/ideologia,False,3153791.0,0
VhTDnED4qXE,“Alpha” Males | Zoltan Kaszas #standupcomedy,manosphere/ideologia,False,27201.0,-1
g_Nn8F49Rx4,Modern Men Have Forgotten How to Be Dangerous,manosphere/ideologia,False,411145.0,-1
xKcxiqdT8YI,Fake “Alpha Male” Tries & FAILS To Intimidate Man,manosphere/ideologia,False,9571307.0,0
1aledS3nq8A,how to become an alpha male #attitude #motivation #peakyblinders #thomasshelby #status #alphamale,manosphere/ideologia,False,276915.0,0
PrBY6pIgpZE,Alpha male podcasts #shorts,manosphere/ideologia,False,4868040.0,0
aC-4rjRWkhQ,Here’s Why Alpha Males and Sigma Males Always Wins in Dating,manosphere/ideologia,False,1658720.0,-1
m8MAVyIfFu8,"My Abuser Was An ""Alpha Male""",manosphere/ideologia,False,5669.0,-1
vpn2ZIJ-ODk,What an alpha male needs #motivation #inspiration #alphamale,manosphere/ideologia,False,10438.0,5
u9ND5eIKoDY,How to walk like an alpha male! #alpha #confident #menstips #mensadvice,manosphere/ideologia,False,903721.0,0
WtUrPMpF0fY,Alpha Tips & Tricks (w/ Danny Gonzalez),manosphere/ideologia,False,5776758.0,0
w24f-u_3PrU,HOW TO BE AN ALPHA MALE,manosphere/ideologia,False,678194.0,0
rlGsTQc1SkU,"The DUMBEST ""Alpha"" Male",manosphere/ideologia,False,651852.0,0
DjeAYfZ5BuQ,5 RULES TO BECOME AN ALPHA MALE,manosphere/ideologia,False,181618.0,-1
LwhjPYkDJRc,The Truth Behind Alpha Males! #animal #dhruvrathee,manosphere/ideologia,False,2287389.0,0
j_Dax63qxY0,How Stoicism Can Make You an Alpha Male,manosphere/ideologia,False,5401.0,0
LRzbtMivPa4,the satisfying downfall of alpha males,manosphere/ideologia,False,89302.0,0
wjFt6wfWeTo,#2 Differences Between Sigma Male Vs Alpha Male,manosphere/ideologia,False,24678.0,0
xiAeMsvOG-4,Alpha Male Content Is Cringe,manosphere/ideologia,False,1906719.0,0
LYVnJQhzukM,Father Son Alpha Male Bootcamp is Cringe,manosphere/ideologia,False,1892420.0,0
ogTtCKVSsI4,I am an alpha male #alpha #omega #omegaverse #bl,manosphere/ideologia,False,788665.0,0
T7w-GEl1Jg0,Alpha Male Hunter part 3 #shorts,manosphere/ideologia,False,701726.0,0
7hgJ4sldlXI,Alpha Male TikToker Is Terrified to Poop..,manosphere/ideologia,False,1753.0,-1
LWsbVBe03R8,Top 10 Alpha Male Traits To Attract Every Women #alphamale #alphamindset #andrewtate,manosphere/ideologia,False,9105.0,-1
VnHdjQVRe2o,This Alpha Made Me Laugh Hard,manosphere/ideologia,False,4795377.0,-1
tnZz7ar9liQ,Internet's Worst Alpha Sales Man,manosphere/ideologia,False,3698082.0,-1
mQtr-eUvobc,"""Sigma vs Alpha Males... Who REALLY Wins in 2024? (SHOCKING TRUTH)⚔️🔥"" #sigma #alpha #mindset",manosphere/ideologia,False,9611.0,0
l0wAYRq1FXc,🔥😎 8 Ways to Become ALPHA MAN | #shorts #motivational #attitudequotes #quotes,manosphere/ideologia,False,1691257.0,0
EDDUvGURJrk,Alpha male hunter @TheAnimeMen @theslappablejerk #shorts,manosphere/ideologia,False,1124715.0,0
Iv2P2FWXqRg,ALPHA MALE VS SIGMA MALE! Comment Below,manosphere/ideologia,False,1415287.0,0
LUJB2-jHOUU,"Alpha males podcast ""The Odyssey""",manosphere/ideologia,False,13745.0,0
NpimczviUHA,Alpha Males | Official Trailer | Netflix,manosphere/ideologia,False,356732.0,-1
XB-IoHJ96rw,The Rise of Fake Alpha Males—and the Fall of Real Men | E0185,manosphere/ideologia,False,19161.0,-1
F4yz-P94n0Q,Joe Rogan | Are Alpha Males and Beta Males Real? w/Adam Conover,manosphere/ideologia,False,4454833.0,0
Qs3qSvsLpqo,Alpha Male Podcast | 5 - A clash of faith,manosphere/ideologia,False,47265.0,0
k_0O4dEUWnU,Alpha male hunter with @TrevorWallace and @Cherdleys #shorts,manosphere/ideologia,False,795313.0,0
0UzGpZgFYaQ,"Alpha male podcast ep. 7 ""Are we too Alpha?""",manosphere/ideologia,False,41192.0,0
j3xXIYMH3dk,"Godly woman SLAMS ""alpha male"" on marriage 😳 #jesus #bible #christianity #god #tradwife",manosphere/ideologia,False,1977494.0,0
2jDN0IAxjmA,Alpha Males Can't Find Feminine Women,manosphere/ideologia,False,211040.0,-1
asnVD_9weuE,"Signs That You Are An ""Alpha Male"".",manosphere/ideologia,False,115483.0,0
oHw4CpiGJwg,Instagram's Cringiest Alpha Male,manosphere/ideologia,False,377293.0,0
CN87pv2V9hw,Never Get Attached to a Woman 2.0,manosphere/ideologia,False,100562.0,7
eUa46ryfH6E,This Alpha Male TikToker is Afraid to Poop,manosphere/ideologia,False,854758.0,0
mgJOn0mbS1I,How to Be an Alpha Man – A Woman’s Guide to REAL Masculinity,manosphere/ideologia,False,304905.0,-1
MQvKv0C_uSY,Sigma Males VS Alpha Males💪💪 (check my description) #shorts #sigmamale #alpha,manosphere/ideologia,False,210435.0,0
fjmMKj-qlhU,become an Alpha male ♂️ 5💡 how to become a Alpha male 😈 alpha beta Sigma || do you like Alpha male❓,manosphere/ideologia,False,95079.0,0
MbWalTnVJY8,"When Fake ""Alpha Males"" Get ROASTED #2",manosphere/ideologia,False,1163728.0,0
UxnhTvBhLh8,How to speak like an Alpha! #alphamale #mindsetmatters #psychologyfacts #personaldevelopment,manosphere/ideologia,False,42888.0,0
SK79B6gmDQ0,11 Signs of a High Value Alpha Male (Alpha Man Personality Traits),manosphere/ideologia,False,1862.0,-1
Z-BZvSDWfkc,Alpha Males VS Alpha Females (Cringe Olympics),manosphere/ideologia,False,107907.0,-1
Sjlvwxqmgrc,"Potent Alpha Male Affirmations | Reprogram Your Mind For Success, Confidence, and Leadership",manosphere/ideologia,False,945151.0,0
3w9hF_nIRgk,The Sad Sad Alpha Man | A Folk Song About Consent,manosphere/ideologia,False,846292.0,-1
4QA9lhtd7wY,Signs That You're An ALPHA Male!😎 #shortsindia #millionairemindset #viralvideo #man,manosphere/ideologia,False,946677.0,0
WhDI1fJhfAk,Alpha Male,manosphere/ideologia,False,539643.0,0
YWkAMoKpdHE,Feminism VANISHES After One Date With Alpha Male...,manosphere/ideologia,False,2667588.0,0
eE9gE7E556s,Cringe Alpha Male Course for Women,manosphere/ideologia,False,2757595.0,-1
5IpJr1sk7Z8,Alpha male in Telugu || Ancient Manishi | #shorts #ancientmanishi,manosphere/ideologia,False,5306.0,0
531tL9N95CE,The Alpha Male,manosphere/ideologia,True,437588.0,0
X-yuRd6UCKA,Deranged Alpha Male Humiliates Himself During Pathetic Fight,manosphere/ideologia,False,991051.0,0
YPBcrqNyJP4,ALPHA MALE 5 SIGNS,manosphere/ideologia,False,3318.0,-1
b1D_sVtB2_U,Alpha Male TikTok Is STILL UNHINGED | Roly,manosphere/ideologia,False,91021.0,0
Gf1TQMX90nw,"Alpha male podcast ep. 11 ""Were NBA champions...again""",manosphere/ideologia,False,24000.0,0
dYp5pPpimBw,"8 Hour Sleep Hypnosis | ""Samurai Alpha Male"" Guided Meditation",manosphere/ideologia,False,458942.0,0
RS6RRf5cUG0,Alpha Male Street Interviews,manosphere/ideologia,False,1690642.0,-1
-naGVbfWDGI,The Most Delusional Alpha Male Of All Time,manosphere/ideologia,False,688052.0,-1
K_xCROZQHUU,Are you an Alpha Male? 5 Signs of Alpha Male,manosphere/ideologia,False,33307.0,-1
GxB4L3i71WY,NICE GUY to ALPHA MALE (5 best tips),manosphere/ideologia,False,230730.0,0
OLZIfLZuyd8,She Wants You to Break Up with Her (Alpha Male Strategies),manosphere/ideologia,False,380773.0,-1
pUcrRWPRjsc,Tik Tok Tough Guy,manosphere/ideologia,False,6937822.0,-1
z3ISHW2X5Qc,Penguinz0 'Alpha Male Delusion Meltdown' Compilation,manosphere/ideologia,True,160763.0,0
LgZiTAnvszU,Shane Gillis vs Wannabe Alpha Male,manosphere/ideologia,False,1398794.0,0
W01OFyxXyVs,Alpha Wolf 😱😨#wolf #alphamale,manosphere/ideologia,False,5021853.0,0
am73Z2Nh0Yk,Alpha male walking style #alphamale,manosphere/ideologia,False,163185.0,0
QrV8bzfFuHs,Penguinz0 'Cringe Alpha Male Debates' Compilation,manosphere/ideologia,False,185446.0,0
CwOH0c3cfiE,King Azoulay: The Alpha Male Predator,manosphere/ideologia,False,1367255.0,0
kuuqWlygTTM,‘Alpha Males’ are Getting WAY Too Comfortable…,manosphere/ideologia,False,37907.0,-1
ug-CcSOT4ys,Alpha Male Orangutan comes down right in front of me!,manosphere/ideologia,False,403790.0,-1
Eei0uGFMvUw,Alpha Male TikTok is OUT OF CONTROL @PennyTovar,manosphere/ideologia,True,581568.0,-1
EXRgp9skPA0,How to BECOME an ALPHA male,manosphere/ideologia,False,24959.0,-1
LKPYOfZpegc,DOOM Eternal Review | Alpha Male Gaming | Amogus Edition,manosphere/ideologia,False,7065701.0,0
0Ti86veZBjU,Adam Ruins Everything - Alpha Males Do Not Exist | truTV,manosphere/ideologia,False,1456782.0,-1
2tH5pO02nZY,Why The Alpha Male Must Always Strive | Alpha Male 2.0 | Podcast #127,manosphere/ideologia,False,2306.0,0
bE8dDd6otQ4,Finding The One True Alpha Male,manosphere/ideologia,False,848858.0,0
lCTThBR5_Zk,Male dominancy 💫 sigma male | Alpha male#personality #grooming #sigma #confidence #male #sigmamale,manosphere/ideologia,False,231157.0,-1
d1fsE-dLkt8,Alpha Males are getting out of hand...,manosphere/ideologia,False,165369.0,0
IjTxMtSKEEE,How to Be An ALPHA MALE Who Doesn't Give a F%$# With Andrew Tate,manosphere/ideologia,False,640876.0,0
PaUmUbliKqQ,alpha female X omega male#bl#editfavmanhwa#kpop#bts#manhwa#manga#like#share#subscribe#enjoy,manosphere/ideologia,False,75033.0,0
ubHlnR-2zh0,“Alpha male” dating advice is toxic af on tiktok..,manosphere/ideologia,False,260950.0,0
pUHfx7dUvGs,"Green Beret Reviews $18,000 CRINGE “Alpha Male” Boot Camps",manosphere/ideologia,True,966430.0,-1
UIUpJekaHzE,Dating an Alpha Male - Things You Need to Know,manosphere/ideologia,False,13488.0,-1
qLOEb18PJSw,5 Tips For Dating an Alpha Male | Dealing With An Alpha Male In Your Relationship,manosphere/ideologia,False,18646.0,-1
v5m2A16hIxM,Alpha Male,manosphere/ideologia,False,14707.0,0
8hfQF0wpnXU,When Studying Alpha Males Goes Terribly Wrong,manosphere/ideologia,False,879868.0,0
pZED4r3rA84,Are You an ALPHA MALE or BETA Male? 11 Key Differences,manosphere/ideologia,False,3911.0,0
3acGORhpZb4,Alpha Males & Babies: The Truth,manosphere/ideologia,False,1264.0,-1
8Gx5L2Knx5c,what is an alpha male ? - alpha male explained in 2 min,manosphere/ideologia,False,3505.0,0
R5FDVFfgonw,Alpha Male कैसे बने और Alpha Male क्या होता है? Alpha Male बनने के 5 तरीके | The Way of Superior Man,manosphere/ideologia,False,254148.0,-1
dJ-z13ZLSLU,Alpha Male Sales Bootcamp is Sad..,manosphere/ideologia,False,84600.0,-1
20n1nBJS-wM,Klaus being an Alpha Male around Caroline💗| The Vampire Diaries | #Shorts #klaroline #klausmikaelson,manosphere/ideologia,False,4916835.0,0
oBG1zGHvUlo,This Guy Is Pathetic,manosphere/ideologia,False,7238722.0,5
QVYg0TJoNn8,Fake Alpha Male Says He'll Take Your Girl 🤣,manosphere/ideologia,False,75052.0,-1
VyM-0Mi8ji8,How to Outrank an Alpha Male | The Dominance Hierarchy,manosphere/ideologia,False,581850.0,0
p931KgND9mU,How Women Behave With Alpha Males - Andrew Tate #shorts,manosphere/ideologia,False,148502.0,-1
AaCP7mMOE4U,The problem with alpha males,manosphere/ideologia,False,1115249.0,0
9ZBbSEU6yXA,The Worst TikTok Tough Guy,manosphere/ideologia,False,2093038.0,0
sq8CVfGAZ_M,"Alpha Male - Aap Nahi, Ladki Apke Pichhe Ayegi | How to Make Her Chase You! | Jogal Raja",manosphere/ideologia,False,45490.0,-1
p7_uiZhV9H8,7 Qualities of Alpha Male,manosphere/ideologia,False,600.0,0
D3gLQNhBU7Y,Penguinz0 more dumb alpha males compilation,manosphere/ideologia,False,466267.0,0
lbMR20eScG4,Why Sigma Males Are HATED By Alpha Males,manosphere/ideologia,False,368482.0,0
77tFjF_eMe4,"Real G & Alpha Male in Monaco, Millionaire Muscle Boss. 👊💰 #luxury",manosphere/ideologia,False,2263191.0,5
E5hgr1pj1fg,Saved By The ALPHA Wolf In Minecraft!,manosphere/ideologia,False,51132224.0,-1
NFf-wAL61_E,Astolfo’s ALPHA MALE COURSE,manosphere/ideologia,False,214381.0,0
MlxcQf8EcRM,Bollywood's next Alpha Male! #bollywood #animal #vivekoberoi,manosphere/ideologia,False,785891.0,0
GKstJTK_wYw,Why Do Emotionally Immature Mediocre White Men See Trump as an “Alpha” Male?,manosphere/ideologia,False,108930.0,-1
mzYub8CeLhw,Debunking the Alpha Male Myth - The Surprising Truth About Chimpanzee Power Dynamics,manosphere/ideologia,False,6558.0,0
afUTXWNW108,Try Not To Cringe: TikTok Alpha Male Liars,manosphere/ideologia,False,780400.0,-1
ZNCfJ5SJMxw,Sigma Male vs Alpha Male (7 Differences You MUST Know),manosphere/ideologia,False,24343.0,0
kZ__RRStGts,Röyksopp - Alpha Male,manosphere/ideologia,False,62376.0,6
10hcUDIzrXg,POV: two wolves try to steal my kitten but I’m the alpha #shorts #viral #pov,manosphere/ideologia,False,916142.0,-1
LEKYGZjAcjw,Alpha Male VS Beta Male - Andrew Tate,manosphere/ideologia,False,8381.0,0
7uuggKXA4JE,"Fake ""Alpha Male"" Tries & FAILS To Act Tough",manosphere/ideologia,False,2331107.0,-1
KEPuRBjwsdE,Unhinged Alpha Male Tries To Save His Career and Fails Miserably,manosphere/ideologia,False,394331.0,0
4oj0kCJq1jA,Most Insecure Alpha Male Ever,manosphere/ideologia,False,3286640.0,0
WXCKJDZKS6o,WARNING★SUPER ALPHA MALE | Intense Version of The Most Powerful Alpha Male Program| 8hz Alpha,manosphere/ideologia,False,116930.0,-1
mgGU7mus8YY,Sigma Male VS Alpha Male | 5 Surprising Differences,manosphere/ideologia,False,118128.0,0
9M5Fa73PCrM,Are Alpha/ Beta 👤😳 Choose Your Personality Traits #shorts #shortstamil #alphamale #sigma #psychology,manosphere/ideologia,False,427748.0,0
Mjv9OUspW10,Dealing with A True Alpha Male.,manosphere/ideologia,False,1027.0,0
mabfLVctNs4,Be Like an Alpha Male ❤️✨| Ratan Tata - Karishma Mehta,manosphere/ideologia,False,378634.0,-1
43pq_qelgww,"For just $18,000 you too can take part in this ""alpha male"" boot camp💀‼️ #shorts",manosphere/ideologia,True,57496.0,0
cYGkU6F7Glc,Alpha Male Investor is Being Sued for $1.5 Billion,manosphere/ideologia,True,302791.0,0
NPh9nYuSCl4,Why Alpha Males Are Secretly Obsessed with Sigma Females (Not Alpha Women!),manosphere/ideologia,False,13240.0,-1
S4Mp1FCuLtY,“When an alpha male meets an alpha female” #shorts #suits,manosphere/ideologia,False,29626.0,0
ijnlwIeJ_9c,Alpha Male Bootcamps are Pathetic,manosphere/ideologia,False,489814.0,-1
F-CU7Tdwjas,"Alpha male podcast ep. 9 ""Sexiest men alive""",manosphere/ideologia,False,18888.0,0
ni4ND9IjSy4,Alpha Male & Sigma Female The Ultimate Power Couple #alphamale #alphamalerelationship,manosphere/ideologia,False,1011.0,-1
auS7nU9OVA4,Dudes Who Watch Alpha Male Podcasts..,manosphere/ideologia,False,122555.0,0
cG3DC39Oqsw,Alpha Male Mindset SLEEP Programming + Binaural Beats (8 hours),manosphere/ideologia,False,847.0,0
DcuhaKcA_xQ,African alpha male 😱#alphamen #motivation #fitness #love #africangiant,manosphere/ideologia,False,24527214.0,5
HRd-hZyacCM,Röyksopp - Alpha Male [Live] (Lost Tapes),manosphere/ideologia,False,516835.0,0
wjWyCzb4E44,To become an Alpha Male you must ... Andrew Tate,manosphere/ideologia,False,6148.0,-1
aRPm1ZbQA3o,enough with the alpha male memes #HasanMinhaj,manosphere/ideologia,False,30478.0,0
atzy0ymxQhc,Brett Cooper Reacts | Alpha Male vs Beta Male,manosphere/ideologia,False,11997.0,0
fpvfHRR4dEw,"Is there value in ""alpha male boot camps"" ?",manosphere/ideologia,False,28886.0,-1
MSqRJbdIwdo,Watching too much Alpha Bro content,manosphere/ideologia,False,24034772.0,-1
isQuuQYRCoc,Hypnosis to Stop Being a Beta Male - Inner Alpha Male Training Program,manosphere/ideologia,False,164262.0,0
5fqunjgWgzA,Become The Alpha Male Dude 🔥,manosphere/ideologia,False,27139.0,0
e1NegUUyClg,The Rise of the Sigma Male #podcast #alpha #sigma,manosphere/ideologia,False,1223583.0,0
lo5bBLwb4dM,Fake Alpha Male Needs A Reality Check...,manosphere/ideologia,False,55032.0,0
umYyG8yUd4Y,This “Alpha Male Boot Camp” Is Just Sad & Pathetic #Shorts,manosphere/ideologia,False,465622.0,-1
HOLfZLwTDl0,Cringe Alpha Male Giving the WORST Advice Ever 😭 #podcast #cringe #shorts,manosphere/ideologia,False,15228.0,0
Hu5L3H4fBMI,Wes Watson: The Fake Alpha Male Lolcow,manosphere/ideologia,False,421168.0,0
gAtL0jfSGds,7 Signs You’re Becoming an Alpha Male (Most Never Notice) #selfimprovement #motivation #stoicism,manosphere/ideologia,False,24995.0,0
uibkmX0OAdo,Alpha Male Tik Tok,manosphere/ideologia,False,6433025.0,0
yYOZk-rs0fM,What is Alpha Male? | Animal | Director Sandeep Reddy Vanga,manosphere/ideologia,False,9993.0,0
k4pgj6AgCtM,Surviving 'Alpha Male' Mentality,manosphere/ideologia,False,682967.0,-1
2bU5S8CtTkY,🔥 Alpha Male vs Sigma Male: Which One Are You? 🔥Discover the Truth!,manosphere/ideologia,False,22739.0,0
WPWsp5Ivq_Q,Alpha male podcasts be like 😭,manosphere/ideologia,False,114685.0,0
2uuibebb_f4,3 Types of Alpha Males,manosphere/ideologia,False,1451915.0,0
msa1PQgegJI,Alpha Male Ek Jhooth 😱 Kunal Khemu #shortsfeed #youtubeshorts #ytshorts #shorts,manosphere/ideologia,False,112553.0,0
9D5z7Fw1X0Q,'Alpha-Pro' | Alpha Male Affirmations / Hypnosis | Law of Attraction | PUA Affirmations,manosphere/ideologia,False,453607.0,0
KtZgZgEfXAY,How She Knows You're An Alpha Man! 7 IRRESISTIBLE Traits!,manosphere/ideologia,False,860442.0,-1
djJ1tUM3CP0,Alpha Male Strategies what to do after a girl flakes,manosphere/ideologia,False,46528.0,-1
fzgTHF3rDYM,The Cringiest Alpha Male Yet,manosphere/ideologia,False,193986.0,0
5WoSur4cRZk,"""Alpha Males"" With Courses Are Ruining The Internet",manosphere/ideologia,False,95310.0,0
-0-pTeiQcCk,"2025 was an EMBARRASSING year for ""Alpha Males""",manosphere/ideologia,False,318889.0,0
vpyHZvnO-oY,Young Woman With Useless Degree Wants High Value Man ©,manosphere/ideologia,False,553503.0,0
PazS5bolq80,High Value Man REFUSES To Pay Child Support After Divorce For A Child Not His,manosphere/ideologia,False,510223.0,-1
bx9yr0jwmas,Luxury Realtor MAD at High Value Man for REJECTING Single Moms While Her SIMP Fiancé Looked Confused,manosphere/ideologia,True,413697.0,0
_SF-xevZQh0,7 Rules to Break Her Ego: The High-Value Man's Guide,manosphere/ideologia,False,205193.0,-1
_JsOq7OgtUY,7 Places Where To Meet High-Value Men,manosphere/ideologia,False,191776.0,0
On0rqT9Qwm0,"Shes 55, Says Now Ready for a High Value Man Kevin Samuels GOES OFF",manosphere/ideologia,False,182258.0,-1
4rGcMXcIDKY,How To Finesse A High Value Man ©,manosphere/ideologia,False,178482.0,0
XNFlTGSN_es,"5 Ways to Demonstrate You're a ""High Value"" Man",manosphere/ideologia,False,177616.0,0
lgRQ8HP-Hlo,Kevin Samuels DESTROYS Broke Man Wanting a High-Value Life,manosphere/ideologia,False,136821.0,-1
Ge2b69tFeg4,4 things every High Value Man Wants🔥 #sigmarules #menquote,manosphere/ideologia,False,122228.0,0
kc60CM_QZB0,LADIES AND GENTLEMEN THIS IS THE MODERN DAY HIGH VALUE MAN! BE AWARE OF THESE DUSTIES 😂,manosphere/ideologia,False,118994.0,5
CzJmov7aWGg,How To Get Treated as a High Value Man by Girls,manosphere/ideologia,False,113951.0,0
YWFX9lanbug,High Value Man Andrew Tate - Sadia Khan #andrewtate #dating #alpha #love #motivation,manosphere/ideologia,False,178508.0,-1
PTly7pFlQ1Y,Kevin Samuels HUMBLES Man Who Thought He Was Higher Value,manosphere/ideologia,False,105687.0,-1
z5JtfQt3z8k,Become High Value Man The Right Way: Semen Retention Aura,manosphere/ideologia,False,94165.0,-1
FGZInzUiR-s,🔥 Kevin Samuels Checks 28yr Old Man Who Thinks He’s High Value,manosphere/ideologia,False,94895.0,0
xkmkCB84oDk,The UNSPOKEN Price For Being A MAN (COLD Harsh Truths…) | HIGH Value Men|self development coach,manosphere/ideologia,False,92059.0,-1
Q4WsoFKPDEM,Kevin Samuels Tells Woman She CAN’T Get A High Value Man,manosphere/ideologia,False,89434.0,-1
q-IFeGNI0OY,"How To DATE a HIGH VALUE Man, RESPECT for Your Partner & SUBMISSION in MARRIAGE",manosphere/ideologia,False,86837.0,-1
GWc9ydCdomw,Raymond Santana's Wife Deelishis On Sharing Bills With Her High Value Man! 💵,manosphere/ideologia,False,84794.0,-1
0QfUjW6JY3Y,5 SIGNS To Become A SIGMA MALE | High Value Man | Sigma Personality,manosphere/ideologia,False,83265.0,0
8Zp-0vIFl2E,Traditional Woman Gets Flustered By A High Value Man,manosphere/ideologia,False,79134.0,0
e2d8pF18B4w,"She Ordered 6 Meals On First Date, High Value Man REFUSES To Pay & WALKS OUT...",manosphere/ideologia,False,77140.0,-1
A1ayaxlp5iI,The One Thing High Value Men Do Right After Rejection,manosphere/ideologia,False,81084.0,-1
5bV3Qn4v-eE,High Value Women Talk to Men Like THIS | Matthew Hussey Powerful Advice,manosphere/ideologia,False,69920.0,-1
1lCAicsrZkA,4 BRUTAL Truths EVERY HIGH Value Man MUST Know...| HIGH Value Men|self development coach,manosphere/ideologia,False,62496.0,-1
W4kUh05JN10,HIGH VALUE MAN VS BABYMAMA… MR.ORGANIK VS FUTURE BABYMAMA!!!,manosphere/ideologia,False,47845.0,0
tcxkR4Yxa_k,Sigma Male Grindset | The High Value Man,manosphere/ideologia,False,47436.0,0
Edmnnwnlkqs,Night Wolf Hawk: Beret 🧑🏻‍🎨 #comedy #sketchcomedy #highvalueman #beret #danelyon #comedypodcast,manosphere/ideologia,False,79714.0,-1
uGsnb9h5cdU,What is a High Value Man?,manosphere/ideologia,False,45804.0,-1
AJIKkvFTTuk,Signs Why GOD Shields Sigma Males From Evil People | High Value Man | Stoicism | @thepsychignition,manosphere/ideologia,False,49293.0,-1
gJJ2hZ85HeY,Girl with OF thinks she deserve a HIGH VALUE MAN,manosphere/ideologia,False,38003.0,0
epUtPSqVLYs,4 SECRETS to INSTANTLY Look Attractive (HIGH VALUE MAN) 😲 தமிழில்,manosphere/ideologia,False,37953.0,-1
Zjtjvu3cgP0,Submitting to a High Value Man = Winning? ©,manosphere/ideologia,False,32420.0,0
Ly2rhQ9wF_g,5 Things High Value Men NEVER Do | (Low Value MAN ALWAYS Do),manosphere/ideologia,False,32389.0,0
aniWTbR6LUI,How to become a HIGH VALUE man | 6 Traits of a high value MAN,manosphere/ideologia,False,32129.0,-1
iLq8R2HsYNA,"""High Value Man"" Says Corporate Women Compete with him + Hood beauty looking for a rich man....",manosphere/ideologia,False,29804.0,-1
czOShTOhuT0,Reasons Behind God's Creation of the Sigma Male Empath | High Value Man | @thepsychignition,manosphere/ideologia,False,30695.0,-1
zqqrmhpVPT0,How to be a high value man @TheDownBadShow,manosphere/ideologia,False,27389.0,-1
vPh_bUKzJII,5 Basic Things About Cars Every Man Should Know #cartips #menslifestyle #highvalueman,manosphere/ideologia,False,43448.0,5
mvzZvV4Z4gc,Kevin Samuels HUMBLES Entitled Baby Mama Seeking High-Value Man,manosphere/ideologia,False,23143.0,0
DOTkTLLlkyU,What Makes a High Value Man? @ItsComplicatedChannel,manosphere/ideologia,False,20625.0,-1
vuqJhsWmho0,6 traits to Becoming a High Value Man! (Must watch),manosphere/ideologia,False,20412.0,0
VDJ3ylP-HVE,Fragrances For The HIGH Value Man|,manosphere/ideologia,True,18978.0,-1
MUjnbbdvXyY,Hypergamy EXPOSED: Why Women Leave High-Value Men #dating #podcast #datingadvice #singles,manosphere/ideologia,False,34342.0,-1
8i0PHvN_x4c,1How High-Value Men Make Women Afraid to Lose Them | Reverse Psychology,manosphere/ideologia,False,19015.0,-1
JlR3Aj3E7do,"How to Become a ""High Value Man"" According to Islam",manosphere/ideologia,False,18390.0,-1
JGS1YC-WNLo,"The ""Vulnerability"" Trap: Why High-Value Men Don't Share",manosphere/ideologia,False,30555.0,-1
zLqB44s2xzg,Kevin Samuels REALITY-CHECKS Young Baby Mama Still Expecting a High-Value Man,manosphere/ideologia,False,19230.0,0
BDL4sbluz3Y,High Value Man REFUSES To Pay Child Support After Divorce For A Child Not His,manosphere/ideologia,False,16254.0,-1
O9lOi4cQ6MM,This is a high value man❤️ #basketball #basketballshorts #nba,manosphere/ideologia,False,33116.0,9
Hq-n_Ad4OO4,4 things every high value man wants #motivation #growth #quotes #sigmarule #menquote #shorts,manosphere/ideologia,False,35189.0,-1
_AQdm1j4GxE,Being On Time Is WHITE SUPREMACY?!,manosphere/ideologia,False,601777.0,0
XqyVBA4ObPM,Are Black men being played by White supremacy? #blackpeople #datingadvice #blackmen #blackwomen,manosphere/ideologia,False,52849.0,3
BXKfySlJN8Q,"Black Men, White Supremacy, and Uncomfortable Truths #shorts",manosphere/ideologia,False,45152.0,3
sSIOxI--H-Q,KENNEDY GRILLS PROFESSOR OVER “WHITE MALE SUPREMACY” SUPREME COURT REMARK#shorts#uspolitics,manosphere/ideologia,False,44972.0,3
RpMcWcHMLiA,Men supremacy 😱☠️🥴 #duet #memes #shortvideo #humanity #reaction,manosphere/ideologia,False,17361.0,-1
u_iQCUJIiVo,ONE DIRECTION MEN SUPREMACY!! 🛐🛐🛐,manosphere/ideologia,False,12484.0,5
MSekFpmEUBc,"black male is at threat, white supremacy #shorts #blackhistory",manosphere/ideologia,False,19298.0,-1
idrMmq4ngMk,Supreme Court Accused of White Male Supremacy: Wild Hearing! #shorts,manosphere/ideologia,False,13957.0,3
I2AEl1W1Daw,Interviewing A Black Supremacy Group #usa #oklahoma #supremacy #pod #podcast #offbeat,manosphere/ideologia,False,7303.0,3
nIVPgBay4dE,Leading Into White Supremacy #inthelab #isupk #viral #reels #israelites #umarjohnson #shorts #fyp,manosphere/ideologia,False,4463.0,3
5vd2BtO5Ca4,Black Supremacy | Men & Women in black Dress | Starboy Unpledged Edit | Starboy Status,manosphere/ideologia,False,4278.0,3
AboFPFVH04I,Erika Kirk claims white men are oppressed,manosphere/ideologia,False,5633.0,3
DSh4G8s749Y,Indian Men Supremacy💪🫡.,manosphere/ideologia,False,3547.0,13
6vjj2KVKLTc,“You should be ashamed of your father”,manosphere/ideologia,False,5699.0,0
RBkJBJXH5u4,The Impact of Black Power: Unpacking Racial Dynamics and White Supremacy 🌍✊🏾,manosphere/ideologia,False,2228.0,3
-I0pjG5OBvc,"Reacting to ""Anti-Trans Ideology in Male Supremacism"" from UC Berkeley",manosphere/ideologia,False,1590.0,0
ub7Bv0u0d3E,D9 and white supremacy… #christian,manosphere/ideologia,False,1209.0,3
W4bVOrJVevs,Kennedy Destroys Witness Over “White Male Supremacy” Claim,manosphere/ideologia,False,1440.0,3
6g0y18ffOtA,White Supremacy,manosphere/ideologia,False,975.0,3
UwBGndQkKLA,Lil Yachty Speaks On WH!TE SUPREMACY!!!,manosphere/ideologia,False,636.0,0
6bKLLBCD56o,I am British and Afro-centric too! #viral #viralvideo #africa #british #race #respect,manosphere/ideologia,False,1120.0,3
rlPJ-EhG1jY,Complexity of Defining White Supremacy #America #AmericanHistory #MAGA #Politics #AmericanCulture,manosphere/ideologia,False,1070.0,3
Jm0YCQl2SHg,White Supremacy…Male Supremacy…Jewish Supremacy,manosphere/ideologia,False,1178.0,3
kUVuvdD7lXo,"Am on Vengeance,Not Resting Until Black Supremacy Reigns",manosphere/ideologia,False,581.0,3
DKGGVpx79kc,Stanford to host book talk by expert on 'male supremacism',manosphere/ideologia,False,570.0,0
posfKhraYDA,This is ridiculous. It's time for us to stand up ✊🏾🇺🇸 #fyp,manosphere/ideologia,False,687.0,-1
nMzNM_kfo5I,The Crisis of White Male Identity,manosphere/ideologia,False,406.0,3
NHT7rKqC7DE,Indian men supremacy🤌🤌✨. like❤️ share and subscribe,manosphere/ideologia,False,245.0,-1
-sGtEmqc2hg,1 Male supremacist vs 6 feminists | ft Shadaya | Zimbabwe #debate #feminism,manosphere/ideologia,False,197.0,0
9iJYotiDHK0,I guess I’m a white supremacist by exercising today! #timemagazine,manosphere/ideologia,False,39.0,3
iQZWvgxTAok,The Ontology of Female Supremacism,manosphere/ideologia,False,8.0,0
TOR-gR-VNm8,Female Supremacism #RedPillTruths #ModernMasculinity,manosphere/ideologia,False,6.0,0
sWLPJyrbjFw,Female Supremacism #ConradRiker #MasculineFrame,manosphere/ideologia,False,1.0,0
SanwmPOFVq0,Hawley Questions Witness Over White Male Supremacy Claim,manosphere/ideologia,False,31.0,3
O_fTcr968AM,AWALT - Interviewing Beach Girls,manosphere/ideologia,False,74516.0,0
ouKEfP-2a0I,Lily Bear Bones Likes by Tracey Awalt | Publisher's Pick | ReadersMagnet,manosphere/ideologia,False,26517.0,-1
p56dtkyigQc,Dover Traction Elevators At Awalt Building,manosphere/ideologia,False,8555.0,6
uXCNTAlrOec,Marriage will not work with modern women. AWALT. Red Pill,manosphere/ideologia,False,5694.0,-1
n1Vqq7lkqXQ,Ray Awalt Matilda,manosphere/ideologia,False,4364.0,6
CXqL8iFdJtg,🔴SHINE SERVER TEST TGD LOST OOROO ORSHOO AWALT,manosphere/ideologia,False,3972.0,0
e92RJ7eOiYg,A Great Example of AWALT Mgtow,manosphere/ideologia,False,3818.0,6
8tH6H2ghNPM,The Old Bait And Switch. AWALT. MGTOW,manosphere/ideologia,False,3505.0,0
n7kGo_CUB2Y,Ashley Awalt 418 Squat,manosphere/ideologia,False,2400.0,-1
0ob4-2Sl5h8,New EPCOT Spaceship Earth Mickey Balloon Popcorn Bucket aWalt Disney World Orlando Florida! #Disney,manosphere/ideologia,False,3087.0,0
b1tOzE2aTaA,AWALT. Red Pill and women's emotions. MGTOW.,manosphere/ideologia,False,1875.0,-1
fiCfNGsVHH4,Awalt Tennessee is the underwater town below Tims Ford Lake!,manosphere/ideologia,False,2277.0,8
PCkozBgjevI,"Where Have All The Good Men Gone? A Lesson on Feminism, AWALT, and Power",manosphere/ideologia,False,1671.0,0
fD9iFF50b4E,"Awalt High School vs Mountain View High School - Football, October 1980 (Class of 1981)",manosphere/ideologia,False,1566.0,9
sn-e_HFnsWo,Crazy Girl Story - AWALT - MGTOW,manosphere/ideologia,False,1540.0,-1
t-BerSkvgjk,Chad Awalt And Philippe Guillerm,manosphere/ideologia,False,1497.0,11
W2QXwxrMgFQ,"250 Awalt Dr, Winchester TN on Tims Ford Lake Contact Dan McEwen | McEwen Group | 931.381.1808",manosphere/ideologia,False,1443.0,8
qrwOeF7ddHk,Sonny Awalt,manosphere/ideologia,False,1414.0,6
pnEqEmxSFq8,Winchester TN Lake House for Sale | 1882 Awalt Drive,manosphere/ideologia,False,1077.0,8
hR968FX2gms,Tree Art with Wood Sculptor Chad Awalt and Dr. Ken Grey Holistic Physician,manosphere/ideologia,False,1060.0,11
Gl53HS14Nso,Cameratai bolloo ❤️ Zow hudaldan awalt mon vv?,manosphere/ideologia,False,1041.0,6
t3WYcFJOvqY,AWALT- Never Forget That and Stay Strong,manosphere/ideologia,False,924.0,-1
LmBeVUcRhC8,Ypc Duggs - Turn up 1 remix ft Li Awalt,manosphere/ideologia,False,815.0,-1
Q1102EsNWy8,Why I Only Sculpt Wood From Trees That Struggled | Talent Freaks,manosphere/ideologia,False,1125.0,11
Tf-VytPhRcY,Chad Awalt: Fragments from the Past,manosphere/ideologia,False,773.0,11
chwwSZ93xrg,Sonny Awalt Mid Winter Break,manosphere/ideologia,False,758.0,6
f3TpPle7ZOQ,DNR+JBG+TFD+TFR+JFL+TLDR+AWALT+IQLET+KHHV+VOLCEL+MOG+COPE+PSL+APPL+BP+LM+LARP+ND+NT+EBK+LTN+MTN+HTN,manosphere/ideologia,False,1554.0,6
Z8SQ5Jnw9Ds,Photo zurag awalt c gesen amargvi dawaashv😮‍💨❤️ Royal models🤭,manosphere/ideologia,False,643.0,11
uk786A5VvdM,Brody Awalt's 2024 Dance Reel,manosphere/ideologia,False,621.0,-1
ucxLgoSqmYo,Awalt Class of 1970 - 50(+2) Year Class Reunion 2022,manosphere/ideologia,False,616.0,-1
RKLo_0-YR5k,How to Capture Raw Energy in Your Artwork | Talent Freaks,manosphere/ideologia,False,956.0,0
rMbf0IOUAR4,Building the Confidence to Share Your Artwork | Talent Freaks,manosphere/ideologia,False,1031.0,0
O9f9ANj_qX8,Ashley Awalt and Lauren Jones Testimony and Baptism,manosphere/ideologia,False,457.0,-1
upCTO3T4fxo,Renegade #1 - Domestic Or International AWALT. Remembering Shawn Two Year Anniversary Of His Death,manosphere/ideologia,False,401.0,3
CnOC_9WviyM,Let's See What's Out There Live - DUEL with special guest Steven Awalt,manosphere/ideologia,False,408.0,-1
bvHHUi3pOM0,the end a w a l t disney production,manosphere/ideologia,False,389.0,2
6w16PV4LKGU,Tillicum Rocks 100 speaks with music teacher Mrs. Stacey Awalt,manosphere/ideologia,False,353.0,-1
g_IjjVTGCJQ,Old Awalt Road New video,manosphere/ideologia,False,261.0,6
T-39TBvOJkQ,Lot 12 Awalt Dr Edited,manosphere/ideologia,False,250.0,8
-MDgro9iXeU,John Awalt Skydive,manosphere/ideologia,False,240.0,6
9IV4hZNWlG8,"Awalt - ""THE BLACKETEER"" - track 1",manosphere/ideologia,False,226.0,6
H0OqwaLJ_IU,"Peter Awalt, Gilman Class 2014, VMI HighLights",manosphere/ideologia,False,213.0,-1
vTCd1alV7m8,MGTOW STATE OF MIND: AWALT,manosphere/ideologia,False,208.0,6
-FU9WfO_dxo,"Pro Detailers Talk about Detailer's Helper - Kevin Awalt of Arkham Shine in New Milford, CT",manosphere/ideologia,True,186.0,-1
_NpNgdPzhZ0,Mgtow concept AWALT.,manosphere/ideologia,False,181.0,-1
iht85YJ3C2o,DNR+JBG+TFD+TFR+JFL+TLDR+AWALT+IQLET+KHHV+VOLCEL+MOG+COPE+PSL+APPL+BP+LM+LARP+ND+NT+EBK+LTN+MTN+HTN,manosphere/ideologia,False,567.0,6
fMjklyOdAR8,Aether by Chad Awalt,manosphere/ideologia,False,151.0,11
ZVfRFsvWgIs,Meet the Staff: Kaleb Awalt,manosphere/ideologia,False,521.0,-1
8qcs15Uv0YM,"Awalt - ""THE BLACKETEER"" - track 3",manosphere/ideologia,False,147.0,-1
crF6_vAkTWk,Artist Talk: Elizabeth Awalt,manosphere/ideologia,False,146.0,-1
KfT_JqXS650,Molly Awalt Mary Lennox,manosphere/ideologia,False,147.0,6
65qWCp2OsMk,Jammie Awalt doing a winch out for Wilson Towing pretty easy peasy pie for him :),manosphere/ideologia,False,145.0,0
qPl9L2EFR0Q,ReadersMagnet | Author Interview with Tracey Awalt,manosphere/ideologia,False,143.0,7
CYMXYNlw8pM,Commercials April Awalt,manosphere/ideologia,False,141.0,6
H4ssu-7pxqE,950 Awalt Dr Winchester TN 37398,manosphere/ideologia,False,140.0,8
PPGwjo3AaHc,"Whitman-Hanson Word - Nic Awalt, Director of ""Lysistrata""",manosphere/ideologia,False,137.0,6
RPu9mlTdfLU,The Untold Story of A Small Town Lost Beneath Waters!,manosphere/ideologia,False,243.0,-1
EW7DS53JpJg,Mgtow Friday night AWALT chat,manosphere/ideologia,False,129.0,-1
HbqHvcXMiuE,1961 Awalt Dr. Winchester TN,manosphere/ideologia,False,118.0,6
Cj-4itrrvus,Pana by Chad Awalt,manosphere/ideologia,False,116.0,11
xt9thN8qys8,"November 7, 2025",manosphere/ideologia,False,399.0,-1
jUIvG--X-lQ,MINII ANHNIII DONATION AWALT!,manosphere/ideologia,False,105.0,0
kMPMfRdYzdE,"Awalt - ""THE BLACKETEER"" - track 4",manosphere/ideologia,False,101.0,-1
yukWijRgiGM,"Oikocredit USA, Social Media Team Leader Spring 2013; Toby Awalt",manosphere/ideologia,False,92.0,-1
OYWHhjp729c,awalt and krod,manosphere/ideologia,False,91.0,6
8rpHMab2czU,16002 Awalt Drive - Lake Travis ISD - 512-258-0909 - Realtron,manosphere/ideologia,True,91.0,8
zpz36fNEpjw,250 Awalt Dr,manosphere/ideologia,False,91.0,6
x-aoD_p8b9w,Li awalt- pop my shit(official audio),manosphere/ideologia,False,82.0,6
IQ9TJyAk-Vg,Li awalt- opp huntin(official audio),manosphere/ideologia,False,80.0,6
h2LaVMLrJKw,In My Heart by Chad Awalt,manosphere/ideologia,False,74.0,11
xFqrcOhruTs,Oru by Chad Awalt,manosphere/ideologia,False,72.0,11
yTwKQVqrfvQ,Mr. Awalt's 8th ELA Unit 1 Test,manosphere/ideologia,False,72.0,6
Ps_Dt7ve8oc,lot 12 Awalt Dr,manosphere/ideologia,False,71.0,8
ee7dOZQ5oRI,"Chad Awalt ""Jalang, Maple"" at Vinings Gallery",manosphere/ideologia,False,69.0,11
zdJLOp3KVKU,Sila II by Chad Awalt,manosphere/ideologia,False,67.0,11
W7RwEkpL3UI,"1530 Awalt Court Los Altos, CA 94024",manosphere/ideologia,False,62.0,-1
xelI2Ku1it8,Obatala by Chad Awalt,manosphere/ideologia,False,57.0,11
LzPjywNNDZQ,Super Bowl Welch's Sparkling Grape Walmart East Colonial UCF aWalt Disney World Florida,manosphere/ideologia,False,54.0,1
0lqqRJoxO6Y,Warning - AWALT :women only want one thing -,manosphere/ideologia,False,54.0,5
X4Ut7VZM5Sw,2026 Spring Housing Market Update,manosphere/ideologia,False,174.0,8
y11o2L_DI3g,Dylan Awalt-Conley Speaks at Anti-War Rally 3-5-2022,manosphere/ideologia,False,51.0,0
KG9Cesggt2I,Dija by Chad Awalt,manosphere/ideologia,False,47.0,11
szIWpUnwgUk,1961 Awalt Dr. (KITCHEN) Fanning Bend on Tim Ford's Lake,manosphere/ideologia,False,43.0,8
LRmYl9x5qsE,Awalt Haunted House,manosphere/ideologia,False,42.0,-1
zvu0At0cpE8,"Barside Jive LIVE feat. Justin Awalt of ""Triple Lindy"" 042319",manosphere/ideologia,False,42.0,0
b6izDmzvO3M,Why Awalt Construction,manosphere/ideologia,False,42.0,6
_7QDY_uzUYc,Mayana by Chad Awalt,manosphere/ideologia,False,42.0,11
R18geVCAe2s,Lori Awalt as a child,manosphere/ideologia,False,41.0,6
E0WMU6KlkAE,1961 Awalt Dr. (Living Room) Fanning Bend on Tim Ford's Lake,manosphere/ideologia,False,41.0,8
5giFH2lppk0,1991 George Awalt #48,manosphere/ideologia,False,40.0,6
ybvju3-P9CI,"The truth about the ""All Women Are Like That"" Statement #awalt #NAWALT",manosphere/ideologia,False,44.0,0
Ss-KK-yh-Yg,Film Challenge 4 Tyson Awalt,manosphere/ideologia,False,37.0,6
FVMqdaOMKuI,"Awalt, Savanna- Alternate Elements Frayer Model Mini-Teach",manosphere/ideologia,False,36.0,1
nrYG36uxA8M,MGTOW reminder: AWALT,manosphere/ideologia,False,35.0,6
EcngMKwIRG8,1961 Awalt Dr. (Downstairs Outdoor Patio) Fanning Bend on Tim Ford's Lake,manosphere/ideologia,False,35.0,8
9WCC9gJNvRw,1961 Awalt Dr. (Included Boat Slip 2) Fanning Bend on Tim Ford's Lake,manosphere/ideologia,False,34.0,8
qY3V4-h8_sQ,AWALT 1 #nerdzinthehood #menmentalhealth #nerdlife #fyp #viral #hoodhobbiez #grindsquad #blackpill,manosphere/ideologia,False,105.0,6
rEr990tx_tU,AWALT!🩸#brycedracula #AWALT #chicago #scenecore #6arleyhuman,manosphere/ideologia,False,150.0,6
It6txd7dJL8,Awalt strikes again,manosphere/ideologia,False,30.0,-1
tkYriJ68D8M,"Chad Awalt ""Someone's Thoughts"" at Vinings Gallery",manosphere/ideologia,False,29.0,11
doP1fxzq_K0,"Chad Awalt ""Eterna"" at Vinings Gallery",manosphere/ideologia,False,27.0,11
dLfdZ2nmoD8,"Kevin Smith, Jimmy Johnson, Rob Awalt",manosphere/ideologia,False,25.0,-1
FGk-MlyVlpU,awalt guitar,manosphere/ideologia,False,25.0,6
m1HL1Saxu7A,"Chad Awalt ""Maya"" at Vinings Gallery",manosphere/ideologia,False,25.0,11
s6yWSQJi9Go,Presentation to Cash Thompson & Tammy Awalt from Bill Warlick chapter of Royal Ambassadors.,manosphere/ideologia,False,24.0,-1
fu5BqkC7_jA,AWALT 2 #nerdzinthehood #trendsetter #mgtowisthefuture #blackpill #hoodhobbiez #grindsquad #fyp,manosphere/ideologia,False,75.0,6
gXfUL0CEPL8,"Chad Awalt ""Kolbin"" at Vinings Gallery",manosphere/ideologia,False,23.0,11
wMCJladUYGQ,Alpha,manosphere/ideologia,False,17401970.0,0
fZmWaJxKgPE,I Learn The Worst Smile Ever!,manosphere/ideologia,False,15229204.0,-1
0IR5_JUeJLI,How to eat like an alpha male,manosphere/ideologia,False,13647659.0,0
kDkY0MYzTGM,🗿 Ratan Tata is a True Alpha Male,manosphere/ideologia,False,6040699.0,0
vcj_tkn0vOs,When Two Alpha Males Meet Each Other #ufc #jonjones #danielcormier,manosphere/ideologia,False,9051885.0,0
zhI4D4DdKuY,Certified Sigma male playlist 2 🗿(phonk),manosphere/ideologia,False,4440591.0,0
xarauLqt1O0,10 Alpha Male Body Language Tricks EVERY Guy Should Do TODAY,manosphere/ideologia,False,3700477.0,0
vPKCDz-w8hg,Most Pathetic Alpha Male Program Ever,manosphere/ideologia,False,3653547.0,0
GOJ4VFYDftg,What To Do When An Alpha Male Insults You,manosphere/ideologia,False,2912310.0,0
IK3GFPTJw-E,The little monkey was abandoned by the alpha male. #foryou #fyp #usa #cartoon #monkey,manosphere/ideologia,False,4784204.0,-1
GlSLjHr3N1g,"The Killer ""Alpha Male"" | The Case of Lyndon Mcleod",manosphere/ideologia,False,2678581.0,-1
acVv4m1SY_8,Extreme Self Confidence Affirmations - Improved | Subconscious Programming | Binaural Hemisync,manosphere/ideologia,False,2564109.0,0
pL-PJ35HkkM,Asmongold Reacts to The Most Pathetic Alpha Male | by Philion,manosphere/ideologia,False,2551052.0,0
jgRBPUvY5Qg,"""Egirl"" Vs ""Alpha Male"" | My Response To SNEAKO",manosphere/ideologia,False,2362210.0,0
BPsSKKL8N0s,The surprising science of alpha males | Frans de Waal,manosphere/ideologia,False,2339006.0,0
M9ijk_k35Ys,Only Weak Men Use the Bathroom,manosphere/ideologia,False,2332281.0,0
_7pONVxRvDQ,Ethan Debates A TikTok Alpha Male - Off The Rails #65,manosphere/ideologia,False,2304398.0,0
DU8vKggTVbo,ALPHA MALE BODY LANGUAGE | SUBCONSCIOUS SIGNALS | FEMALE MAGNETISM,manosphere/ideologia,False,1883109.0,-1
3mnynNOy8-I,Fei and Gwen first meeting - Alpha Girl x Beta Boy ||FAKE ALL⚠️#gacha #gachalife#fyp #viral#trending,manosphere/ideologia,False,2603317.0,-1
WHsrzLP6XdQ,When two ALPHA males won't back down - Here's what to do about it.,manosphere/ideologia,False,1715682.0,-1
fz9y9zpFPY8,Alpha Male's Music (Confidence Boost),manosphere/ideologia,False,1700769.0,0
VKHdC04MVd0,"David Goggins On Being A Real Person, Alpha, Man",manosphere/ideologia,False,2168372.0,0
sLo0NJybJSE,"When Fake ""Alpha Males"" Get ROASTED",manosphere/ideologia,False,1685106.0,0
3baw0GCGC8Q,You Cringe You Lose: Alpha Male Karens,manosphere/ideologia,False,1477289.0,0
ko7Z9d4WujQ,POWERFUL★Super Alpha Male★ Most Powerful Alpha Male Program| 8hz Alpha,manosphere/ideologia,False,1397674.0,-1
l2BxFiMpMZI,Alpha Females | Attitude Status | sigma male | sigma female #shorts #viral #billionaire,manosphere/ideologia,False,1386181.0,-1
L1OXI0_NchU,Dominick Cruz And The Death Of Team Alpha Male,manosphere/ideologia,False,1115102.0,-1
eXClEEUo6Jo,Alpha vs Beta vs Delta vs Gama vs Omega vs Sigma Male | 6 Male Personality : Which One Are You?,manosphere/ideologia,False,1057833.0,-1
l-ID427lbsE,Alpha Males Are Getting More SUS,manosphere/ideologia,False,1020184.0,0
ww3V-L2r9lI,Penguinz0 alpha males compilation,manosphere/ideologia,False,1001952.0,0
rNiHVT5fl34,The Most Insecure Alpha Male,manosphere/ideologia,False,992430.0,0
GFBp7UVc8Vg,Alpha Male YouTube is Pathetic,manosphere/ideologia,False,948543.0,-1
dcat7_WV9sk,Nah... Alpha Males Are Going Insane,manosphere/ideologia,False,909344.0,0
JkT-zDB_S54,6 Male Personality Types - Which One Are You !,manosphere/ideologia,False,902355.0,0
T1C-9jWzMZI,"How To STOP Being The ""NICE GUY""! (10 Alpha Male Transformation Tips)",manosphere/ideologia,True,898233.0,0
jaWBeNmyoD4,Be like a Alpha male to success🤯| Intresting facts in telugu | #shorts #facts #telugu,manosphere/ideologia,False,874701.0,-1
RpCwi9k7leU,How to Be an Alpha Male: Hollywood Attraction Secrets,manosphere/ideologia,False,830388.0,-1
HiycV8pEtnw,Alpha Male YouTubers are Worse Than Ever,manosphere/ideologia,False,769119.0,-1
gDpJZnKLXPo,TikTok Alpha Male “Coach” is Realizing His Life is Over,manosphere/ideologia,False,729600.0,0
1oikXbBG2SE,The Worst Alpha Male Podcast (with Jarvis Johnson),manosphere/ideologia,False,694056.0,0
exO8Kowpn1o,Girl DESTROYS Toxic Alpha Male with ONE WORD: The DOWNFALL of Fresh & Fit,manosphere/ideologia,True,685196.0,-1
drk55NT41ec,“Alpha Male” Podcaster Now Facing 55 Years Prison..,manosphere/ideologia,False,672697.0,0
bBcaxMgK5mg,"The Alpha Male - "" Brock Lesnar "" Edit | CANTO DE LUNA (Slowed) #wwe #brocklesnar #wrestling #shorts",manosphere/ideologia,False,1152203.0,-1
ZdNV0D87TXA,How to Sit Like a MAN! alpha m. #shorts,manosphere/ideologia,False,742203.0,-1
Fd99UFxQu24,Green Beret Reacts to World's FAKEST Alpha Male: King Azoulay,manosphere/ideologia,False,625912.0,0
7Vpbq6lZUfg,average alpha male course,manosphere/ideologia,False,1016811.0,0
EDAJKN7hrWE,"Alpha Male Principles | In Praise of Gentlemen | Chivalry, Noble Ideals | Alpha Affirmations",manosphere/ideologia,False,572568.0,0
-4NJmgMWSPg,Fake “Alpha Male” Wes Watson Continues To Get EXPOSED,manosphere/ideologia,False,573060.0,-1
DpJtrpZJBpk,The Cringey Tough Guy Takeover,manosphere/ideologia,False,565543.0,-1
i6gMm5f2N4E,“Alpha Male” gets EXPOSED & ROASTED...,manosphere/ideologia,False,551645.0,0
YxGGtL_AKpY,"ഒരുത്തൻകൂടി വരാനുണ്ട്, alpha male | Tovino Thomas | Basil Joseph | #viral #shortvideo",manosphere/ideologia,False,1119302.0,0
B8aK78Jz3h8,How BABOONS Got Rid of the ALPHA MALE Bullies | JRE #joerogan #jre #animalshorts,manosphere/ideologia,False,555339.0,0
jqePmnbFeAQ,Alpha Male Explained | Manjula Teacher 🔥,manosphere/ideologia,False,936468.0,-1
n1CEMdeeJOs,Why Alpha Males NEVER Cross Sigma Males,manosphere/ideologia,False,526342.0,0
5dl8ACcAIR0,How To Become An Alpha Male,manosphere/ideologia,True,515947.0,0
B8uhezD5CSk,The Funniest Alpha Male On The Entire Planet,manosphere/ideologia,False,515950.0,-1
rBKKEpaU-b0,Joe Rogan SPEECHLESS After Andrew Wilson DESTROYS Angry “Alpha Male”,manosphere/ideologia,False,873714.0,0
9xUQqCueR7c,King Azoulay - TikTok's alpha male to Predator,manosphere/ideologia,False,504010.0,-1
Ml1d-64Ds2U,Professional Alpha Male Destroys His Career In 10 Seconds,manosphere/ideologia,False,482361.0,0
G7ZAYgTd0Z8,"Cringe ""Alpha"" Male Thinks He's Christian Grey: the manipulations and narcissism of Justin Waller",manosphere/ideologia,False,472028.0,0
ZD43zGWcewY,The Sad Sad Alpha Man,manosphere/ideologia,False,467682.0,-1
PNwFaqvIk8k,"This ""Alpha Male Boot Camp"" is Pathetic",manosphere/ideologia,True,459222.0,-1
jO06QUGG3YE,HOW TO BECOME AN ALPHA MALE |Peaky blinders🔥|Thomas Shelby|Status|Quotes|#youtubeshorts,manosphere/ideologia,False,442985.0,0
hrd3tRlWvc8,"James Bond Body Language Analysis | High-Status (""Alpha"") Male and Female | Shayan Wahedi |",manosphere/ideologia,False,407819.0,-1
VQDPIWerkfY,Alpha Males in Front of Their Girl - Batman & Catwoman Edit |SABI - Базовый минимум,manosphere/ideologia,False,686867.0,0
SaBZ2qIEnjM,3 Items that make men look MORE Manly,manosphere/ideologia,False,456855.0,-1
0QR6lfw6TXQ,Alpha Males in JiuJitsu (Craig Jones Explains) #jiujitsu,manosphere/ideologia,False,670204.0,0
BCn93_Jvqnw,More Alpha Male Cringe...,manosphere/ideologia,False,367122.0,0
vmfyYAOyVo4,Alpha Male YouTuber's are Insane,manosphere/ideologia,False,345056.0,0
ZXThUSmsHX4,True Alpha Male😡#funnyshorts #comedy #trending #explore #shorts #memes #relatable #animal #alpha,manosphere/ideologia,False,569762.0,0
g-08-rnYdiU,Fight Night Boston: TJ Dillashaw Leaving Team Alpha Male,manosphere/ideologia,False,333682.0,-1
eC6RlYGeQ64,A Rival Male Challenges the Alpha for Macaque Supremacy 🙊 Monkey Island | Smithsonian Channel,manosphere/ideologia,False,332341.0,0
vkuJi9HETgk,When Fake Alpha Males Get A Huge Reality Check,manosphere/ideologia,False,335681.0,-1
KCggDHbhMWo,Alpha Male,manosphere/ideologia,False,326201.0,0
z6NRfs1Bl_g,Ethan OWNS Wannabe Alpha Male in DEBATE,manosphere/ideologia,False,322057.0,0
FtBzSakT-RU,2 #alpha males #asianboys #bl #omega,manosphere/ideologia,False,783890.0,0
Nd2UaWV55Hw,The “Supreme Alpha Male” Influencer Who Turned His Murder Fantasy Into Reality,manosphere/ideologia,False,484369.0,-1
Cu9WF_4NT-s,"FULL: Rejected by Her Husband, Chosen by a Mafia Boss",manosphere/ideologia,False,517234.0,-1
1Xcmh9goP4A,"TikTok ""Alpha Male"" Just Admitted He Destroyed His Life",manosphere/ideologia,False,313826.0,0
axKJjPWi-lw,12 Terrifying Things Sigma Males Do That No Alpha Won't Try It | High Value Man | @thepsychignition,manosphere/ideologia,False,326111.0,-1
nHzhAmIDxXw,Alpha Male Affirmations | Powerful Subliminal Affirmations for Sleep,manosphere/ideologia,False,277782.0,0
OsueAMxSgpE,Alpha Male Etiquette Coach Teaches Me How To Be Sigma,manosphere/ideologia,False,276750.0,0
956NGTB0nys,26 Things Men Should NEVER Wear in 2026,manosphere/ideologia,True,276273.0,-1
SskMlvPR40Q,"Guided Alpha Male Meditation | Want Confidence, Leadership, Strength, Masculinity, and Social Ease?",manosphere/ideologia,False,262092.0,0
6OskDTA1D1A,Fake Alpha Male Andrew Wilson Gets OBLITERATED,manosphere/ideologia,False,268010.0,-1
vAnOQP1pNAc,5 ALPHA MALE HABITS THAT WILL CHANGE YOU FOREVER,manosphere/ideologia,False,255748.0,-1
bSFj5Rb_IOs,Fearless Badass Alpha Male - Be An Epic Badass Super-Charged Affirmations,manosphere/ideologia,False,253427.0,0
kP_LG82Jtlc,Alpha🔥male vs Sigma male🗿|what is Alpha male#alpha #sigma #alphamale #sigmamale #shorts #confidence,manosphere/ideologia,False,309897.0,0
T47XkioCZJQ,Alpha-Male and SandSeven7 Rolling 500k Gems Part 1,manosphere/ideologia,False,237268.0,-1
B0N0-mikW2g,"""Alpha Male"" Goes on Dating Show - Goes To Strip Club After Calling His Fiance Fat",manosphere/ideologia,False,242935.0,-1
bhHYdvRgTgQ,how alpha males fire employees,manosphere/ideologia,False,491750.0,0
wKps3jBmHqM,ALPHA MALES | Chisme With Doknow & Jakarta Ep:7,manosphere/ideologia,True,228181.0,-1
cDuy0WY8twU,Donald Trump's alpha male body language,manosphere/ideologia,False,220724.0,0
CAPQw8e80IA,Alpha Male Dating Advice is Toxic AF,manosphere/ideologia,False,221517.0,0
iWZdEWDO7ng,HOW TO BE AN ALPHA MALE | Jordan Peterson | LIFE ADVICE,manosphere/ideologia,False,210569.0,-1
vdUpoqfXVuI,TikTok's Smelliest Alpha Male Is ACTUALLY INSANE,manosphere/ideologia,False,212193.0,-1
A0dD38zmuUg,"Fake ""Alpha Male"", King Azoulay's, Most Ridiculous Quotes And Stories Part 2......",manosphere/ideologia,False,219456.0,0
eSiMOY0eimc,Fake alpha male vs Chad #looksmaxxing #alphamale #beauty #duet,manosphere/ideologia,False,259717.0,1
c5EIj2Z94Wk,telling a sad story to an alpha male,manosphere/ideologia,False,508076.0,0
e1P5AEqDO4I,If Alpha Males had to get Interviewed to get a Podcast,manosphere/ideologia,False,184809.0,0
g5S_Wv_hrMI,"【FULL】🌈My Alpha Husband Chose His Family Over Me… But After Losing Me, He Begged for My Return! #BL",manosphere/ideologia,False,223952.0,-1
I6Xk7WVWQkk,"The Most Insufferable ""Alpha Males"" (Fresh & Fit)",manosphere/ideologia,False,230111.0,-1
NuUg5zx2FlM,“Alpha Male” Pick-Up Artist Admits to Assaulting Women in his Books,manosphere/ideologia,False,173803.0,0
lr6xa3tynh4,"Fake ""Alpha Male"", King Azoulay's, Most Ridiculous Quotes And Stories....",manosphere/ideologia,False,169930.0,0
j_Owsnh0BAg,Dominant Alpha Male (MALE VOICE) Power Life Affirmations,manosphere/ideologia,False,159688.0,0
JxkBJU7PePQ,Maga's Alpha Male Gets Exposed,manosphere/ideologia,False,159633.0,0
029MrKBOycM,Ultimate Masculine Alpha Male Subliminal Program (Gentle Rain Sound),manosphere/ideologia,False,152723.0,0
9UwqE1j6ob4,【EXCLUSIVE】Rejecting My Five Female Mates EP 1-25 | Part 1: The Alpha's Revenge #werewolf #drama,manosphere/ideologia,False,206802.0,-1
2dGZqgGiSV0,How to Build Your Alpha Personality Men's Grooming & Personality Secrets Revealed | TSS,manosphere/ideologia,False,138382.0,-1
HCNR9KT_P_M,#datingevents #speeddating #lonliness #kevinsamuels #andrewtate #nfl #highvalueman,manosphere/ideologia,False,343.0,5
ascJh5Dt1rE,"High-Earning vs. High-Value Men: Ladies, Do You Know the Difference?",manosphere/ideologia,False,494.0,-1
aHz1dpA8mds,link in bio #highstatus #highvalueman #mensfashionwear #respect #top #watches #jewleryfresh #fashion,manosphere/ideologia,False,39.0,-1
gufKcY2j3os,Broke at 26. Unrecognizable at 35. This could be you. 👇,manosphere/ideologia,False,931.0,-1
qhn2bACsHGc,#stoicmindset #masculinity #masculineenergy #masculinemindset #motivation #highvaluemen #usa #nofap,manosphere/ideologia,False,315.0,-1
a9aztakwf3k,#stoicmindset #masculinity #masculineenergy #masculinemindset #motivation #highvaluemen #usa #nofap,manosphere/ideologia,False,189.0,-1
h7yvuw7GJnI,Why High-Value Men NEVER Beg for Love (Psychology Explains) | #psychology #selfrespect #english,manosphere/ideologia,False,2.0,-1
ixMhdTnEJQ0,The One Thing Women Really Want in a Man #shorts,manosphere/ideologia,False,15.0,0
MFz_neRVIuA,Psychology Rules to Become a High-Value Man | Build Confidence & Respect | Full Audiobook,manosphere/ideologia,False,10.0,-1
Itrw3Hj8TE8,A High-Value Man Never Breaks These 6 Boundaries,manosphere/ideologia,False,0.0,0
Znv1m4Rb7Zc,How a High Value Man Handles Rejection and Conflict,manosphere/ideologia,False,25.0,0
HJzWi4sJV6E,Becoming the high class woman #highvalueman #glowup #relationships,manosphere/ideologia,False,474.0,5
GTpDupWtvEA,Be The Man She Can’t Have #mindset #success #shorts,manosphere/ideologia,False,1665.0,-1
ZeFVdqKgigM,How to actually build standards. #datingadvice #datingtips #selfimprovement #highvalueman #mentalks,manosphere/ideologia,False,89.0,5
Qi-FDFU2a2g,"Never mistake his patience for weakness; a high-value man doesn’t lack options, ⚖️🛑 #podcast",manosphere/ideologia,False,216.0,0
6K35tIobqRA,She didn’t choose you.She parked you. #mindshift #relationships #highvalueman #mentalalchemy,manosphere/ideologia,False,101.0,5
Q7BLptK5vJ0,How To Text like a High Value Man # #datingapp #pureapp #youtubeshorts,manosphere/ideologia,False,13.0,5
tjwf_lziLL0,The Qualities of a High Value Man,manosphere/ideologia,False,0.0,-1
SSYvgqKVMw4,Creed Aventus: The High Value Man Fragrance,manosphere/ideologia,False,3.0,-1
1EFi157Mhbo,LOCK IN. BUILD YOUR VALUE.,manosphere/ideologia,False,1222.0,-1
LwsjZTItOrc,5 signs a man is in love with you #moongoddesskatrina,manosphere/ideologia,False,40.0,-1
qTPRRMem2C8,Why Women Will Share A High-Value Man,manosphere/ideologia,False,1260.0,5
trGjN1rg0tY,Truth Refuses to Fold #AntiWokeHumor #HighValueMan,manosphere/ideologia,False,0.0,0
F2AT3HHt1fA,Red Pilled on Abuse (Break the Chains) #RedPillTruths #HighValueMan,manosphere/ideologia,False,0.0,0
_O-4JkmPiJg,STAN EXPLAINS WHAT HIGH VALUE MEN DESIRE FROM A WOMAN #spotlightoverthecity,manosphere/ideologia,False,1273.0,-1
Ib1D7_C0ddU,How to become a high-value man#HighValueMan #MensGrowth #youtubeshorts #youtubechannel,manosphere/ideologia,False,704.0,0
xhwlWPj1mlk,Never Force Love ⚡ #Stoicism #HighValueMan #SachiBaatein,manosphere/ideologia,False,254.0,0
yAxBU1L38JY,#stoicmindset #masculinity #masculineenergy #masculinemindset #motivation #highvaluemen #usa #nofap,manosphere/ideologia,False,14338.0,-1
mJsMWytpJJc,Kevin Samuels DESTROYS The “I Don’t Need A Man” Mentality In 28-Year-Old STEM Woman,manosphere/ideologia,False,13.0,0
SV8Nn-KFbSI,$100? I got bigger problems 😂💸🎵 High Value Man — Malki Means King 👑 #shorts,manosphere/ideologia,True,4.0,5
vTU6Lt6Tg7k,$100? I got bigger problems 😂💸🎵 High Value Man — Malki Means King #shorts,manosphere/ideologia,True,2898.0,5
fXneEptxaok,High Value Man TELLS Girlfriend To LEAVE After She Did This....,manosphere/ideologia,False,4.0,5
2HQCGGr2WAE,Hi Mr. President 🥰🥰🥰 #relationshipgoals #highvalueman #manifestlove #viral #fyp #shorts #shortvideo,manosphere/ideologia,False,1120.0,-1
knD_uAmHk_A,How High-Value Men Treat Women | 10 Traits of a High-Value Man | Stoicism,manosphere/ideologia,False,3.0,-1
EkAW-FzzirI,How High-Value Men Treat Women | 10 Stoic Principles of Confidence & Self-Respect,manosphere/ideologia,False,0.0,-1
fWzLB6eJTQo,Women don't want a high-value man. They want this.,manosphere/ideologia,False,126.0,-1
MIDDkhFW8PI,This 34y.o. Baby Mama Is Desperate For a High Value Man @ashleyldalton,manosphere/ideologia,False,5348.0,0
YiwXzHe8f-Y,"How to Become a High Value Man | Build Discipline, Confidence & Respect | Jim Rohn Motivation",manosphere/ideologia,False,9.0,-1
yS5yg0o9R9g,scammer #girls #highvalueman #broke #zizwezonke#fyp,manosphere/ideologia,False,1399.0,-1
6wStBlZgMW0,"Why ""my type"" keep failing you. #datingadvice #datingtips #selfimprovement #highvalueman #mentalks",manosphere/ideologia,False,283.0,-1
O15ZMHtty34,"Ladies there are single high value men out there, young billionaires #singlemen #highvalueman #",manosphere/ideologia,False,1167.0,-1
Y_plUdVdqFk,What She Really Feels When You Stop Chasing Her,manosphere/ideologia,False,2321.0,-1
GGIMkEMPDzE,Psychology Facts: How to Become a High Value Man Over Night,manosphere/ideologia,False,0.0,-1
ipOebJz_MEk,7 Signs Of A High Value Man,manosphere/ideologia,False,67.0,5
QMXhkYA0r-Q,How High-Value Men Handle Disrespect #shorts,manosphere/ideologia,False,279.0,-1
r_NW0Yc0lsM,Top Men Post Divorce The Rare Masculinity You Need,manosphere/ideologia,False,1133.0,-1
P_JfuBs5v44,Colonized by Cowards (Cut the Tie) #ProWesternCivilization #HighValueMan,manosphere/ideologia,False,0.0,0
zW_h17UJAsU,Four Horsemen Ride Tonight #ConradRiker #HighValueMan,manosphere/ideologia,False,1.0,0
YBsdMWam5a8,"Redpill, Tune In, Drop Out #CommonSenseBooks #HighValueMan",manosphere/ideologia,False,0.0,0
8djBUZ7g_8w,Feminism Ate Motherhood — Men's Rights Infographic #AntiWokeHumor #HighValueMan,manosphere/ideologia,False,0.0,0
H_WXOXZEN38,A high-value man doesn’t prove love with words... 🧠❤️ #shorts #menspsychology #stoic #stoicism,manosphere/ideologia,False,899.0,0
ARgtTg5YJm8,MAKE $100K A YEAR? YOU’RE IN THE TOP 17% OF MEN. @MichaelSartain,manosphere/ideologia,True,1238.0,-1
2muHKtfph34,Attract Your Ideal Man: The Woman He Actually Wants! #shorts,manosphere/ideologia,False,6.0,5
49tqElgs52o,Why High Value Men Never Chase (Women Chase Them Instead),manosphere/ideologia,False,10.0,0
i_EOQLOUL3M,Value is seen not heard #highvaluewoman #highvalue #modesty #respect #highvalueman #shorts,manosphere/ideologia,False,939.0,-1
4ta9vRwmzOE,6 Powerful Boundaries That Instantly Attract High-Value Women,manosphere/ideologia,False,4610.0,0
IhOoMwZP8ao,How High Value Men Attract Women (Women Will Love You) | Stoicism,manosphere/ideologia,False,1142.0,0
sn1Cne6Zmlw,Kevin Samuels REALITY CHECKS These Modern Women Who Expect High-Value Men To Choose Them.,manosphere/ideologia,False,430.0,0
bGPZWSIWD8g,High Value Man #motivation #highvalueman #believeinyourself,manosphere/ideologia,False,1214.0,0
IwaRcyLEOcw,Stop Rejecting Yourself First!! | @ToddVDating,manosphere/ideologia,False,1288.0,0
K4USWo75y_w,Why Sigma Males Will Survive ANY Crisis | High Value Man,manosphere/ideologia,False,1146.0,-1
rjEk4zxmj9A,21-Year-Old Woman Says She “Deserves” a High-Value Man — Kevin Samuels SHUTS DOWN Her Entitlement,manosphere/ideologia,False,217.0,0
HhLVPyrDOdg,High Value Man,manosphere/ideologia,False,1.0,0
OYBQOvEiQVI,High Value Men vs. 300 Bodies: Dating Standards Debate Gets Heated,manosphere/ideologia,False,992.0,-1
lqEqsM5Ka_M,How To Speak Man book promo,manosphere/ideologia,False,51.0,-1
iwFziDyj8jA,Sigma come back,manosphere/ideologia,False,2567.0,0
begbK4ZpFSQ,Be a high value man❤️👀|dating app| dating hacks| dating tricks| dating tips| pure app|love|romance|,manosphere/ideologia,False,88.0,0
tbVAX06k6ZM,Screen Raised (The Incense and the Idol) #AntiWokeHumor #HighValueMan,manosphere/ideologia,False,0.0,-1
Fvwen5YjCR8,She's 35 With 8 Kids & Wants A High Value Man @ashleyldalton,manosphere/ideologia,False,7895.0,0
_oq5OTWcUug,"She's 38, Single, Thinks She's Special & Demands a High Value Man Kevin Samuels HUMBLES Her",manosphere/ideologia,False,5346.0,0
Z4hp3La2-ME,3 reasons a high-value woman stays loyal to one man,manosphere/ideologia,False,1.0,-1
BMV_D0T3G6o,3 Rules of high-value Men to command ultimate respect 🧠 #shorts #motivation #mindset #sigma #viral,manosphere/ideologia,False,643.0,-1
EZnqKEfLN4c,What Kevin Samuels Meant by “High Value Man” (I was Wrong),manosphere/ideologia,False,378.0,0
onrqBJWJkSQ,"Lie Flat, Stand Fast #ConradRiker #HighValueMan",manosphere/ideologia,False,0.0,0
DLT6FfjAGN8,A high-value man isn't rich. He does this.,manosphere/ideologia,False,322.0,-1
N4GQFjS4ig8,Is 52 Too Old to Find a High-Value Man? | The Truth About Dating & Age,manosphere/ideologia,False,688.0,0
ONzPK0ADUBI,The secret reason you can't find a high-value man 🤫 #dating #bodycount #relationships,manosphere/ideologia,False,2009.0,-1
CNXaDVFynJg,Why She Still Doesn't Choose You (Even As A High-Value Man) #dating #facts,manosphere/ideologia,False,8333.0,-1
bbJOsmS138s,Feminist EXPOSED After Saying She Deserves A High-Value Man And Being Asked What She Offers,manosphere/ideologia,False,8898.0,0
3BEg5uf7CnA,5 Rules to Earn Respect. #highvalueman #shorts #psychology,manosphere/ideologia,False,1235.0,-1
hjDFLO576ag,THIS HIGH VALUE MAN🤑WANTS TO WINE & DINE YOU🥂,manosphere/ideologia,False,9556.0,-1
OZs2k2zIWyM,7 Rules of High Value Man ! #highvalueman #highvaluemen #traitsofhighvalueman #seejalguptaa,manosphere/ideologia,False,774.0,-1
yr303vfgqzA,Increase Your Value: Scarcity & High-Value Man Strategy #shorts,manosphere/ideologia,False,76.0,0
I_HUSap5pCQ,The High-Value Man: Why Capability of Violence Matters #shorts,manosphere/ideologia,False,1247.0,5
eJbnHO3zoL8,#stoicmindset #masculinity #masculineenergy #masculinemindset #motivation #highvaluemen #usa #nofap,manosphere/ideologia,False,16325.0,-1
pCallpjBEXo,My real goal isn't money. It's this. 👇,manosphere/ideologia,False,33630.0,-1
IcFQNM4qC8I,"Psychology Facts: 100 Ways to Become a High Value Man, You Must ....",manosphere/ideologia,False,0.0,-1
t_4UewQmP5g,The Silent Signals That Tell Her You're a High Value Man,manosphere/ideologia,False,643.0,-1
ZjpO7m1sw5U,How to be a high value man🤪|Dating| dating tips| dating advice| relationship| pure app|,manosphere/ideologia,False,3.0,0
KQ5NYqMBUhs,OMG!💍 THIS HIGH-VALUE MAN IS FINALLY TAKING ACTION… THE COMMITMENT YOU’VE BEEN WAITING FOR! TIMELESS,manosphere/ideologia,False,3736.0,-1
iCNP5EcLsKQ,How to Become a High-Value Man (Nobody Tells You This) #highvalueman,manosphere/ideologia,False,83.0,-1
TBwonX0a7sk,“Insecure Woman RUINED Her Chance With a High-Value Man… And Instantly Regretted It!”,manosphere/ideologia,False,2817.0,5
p1-5ivGLsmA,I want a High Value Man. Well you better be the best version of you! #viral #podcast #reels #shorts,manosphere/ideologia,False,1366.0,-1
ifOzxmI8V-g,Forge Not Theft (Success Is Theft) #ConradRiker #HighValueMan,manosphere/ideologia,False,0.0,0
TR_d03nQreg,Scars Outlive the Screen (Woke Baudrillard Hymn) #ConradRiker #HighValueMan,manosphere/ideologia,False,1.0,0
OvD6KLqq4k4,Born Above Station (Cut From the Lie) #ProWesternCivilization #HighValueMan,manosphere/ideologia,False,1.0,-1
QddxFzdaRqA,Girls will be obsessed with you ✨🥂 #mensdatingadvice #relationshipadvice #highvalueman #mensfashion,manosphere/ideologia,False,47.0,0
d5pJ6rRYQUY,Blob State #ConradRiker #HighValueMan,manosphere/ideologia,False,0.0,0
LIDh7Fu6NSk,What REALLY Makes a High Value Man? (Beyond Cliches) #shorts,manosphere/ideologia,False,12.0,-1
IkO4Y7XWCDI,"Work Less (Ford's Trap, Sun Tzu's Blade) #ConradRiker #HighValueMan",manosphere/ideologia,False,0.0,-1
ZXzvlsxkcAs,Kevin Samuels CRUSHES Women’s High-Value Man Fantasy With One Brutal Reality Check,manosphere/ideologia,True,19891.0,0
Pg9TylbHIAQ,#highvalue #highvaluewoman #highvalueman #redflags #relationshipadvice,manosphere/ideologia,False,253.0,5
A4Eo7BgF5UA,#fyi #knowledge #magic #sacred #highvalueman #highvaluewomen #couple #goals # #karma #dharma,manosphere/ideologia,False,9.0,5
aEIVrSB0cO8,3 Psychology Tricks to Command Respect || High Value Man mindset || Part-2,manosphere/ideologia,False,93.0,-1
OYOxRME6730,Fixing Him Up: The Secret to Attracting High-Value Men,manosphere/ideologia,False,1187.0,0
2o8ImSNzkGY,COOKED!! Modern Women WANT A High Value Man.. But REFUSE To Share Him...,manosphere/ideologia,False,238.0,0
GWBmbQVKh-s,The Ultimate Flex of a High-Value Man#relationshipadvice #psychologyfacts #selfworth,manosphere/ideologia,False,98.0,-1
6-2LPYSWH8s,How to know if they’re truly high value #awareness #highvalueman #highvaluewomen,manosphere/ideologia,False,2.0,5
IxkH0v-CY0E,High-Value Man: Beyond the $100k Myth Exposed!,manosphere/ideologia,True,18.0,-1
IN1ObFf_zhI,Offense is Taken #ProWesternCivilization #HighValueMan,manosphere/ideologia,False,0.0,0
Ae18qgsAOdM,Rebalancing the Scales #ConradRiker #HighValueMan,manosphere/ideologia,False,0.0,0
dDnPqdrAh80,Supercharged Simulacrum #CommonSenseBooks #HighValueMan,manosphere/ideologia,False,1.0,0
2pDxTy6RLB0,14 Signs You're Dating a High Value Man.#shorts,manosphere/ideologia,False,52.0,-1
oAM_L4JMaUQ,Where Are All the High-Value Men? 📈 #highvalueman #shorts #datingadvice,manosphere/ideologia,False,1896.0,0
qUNGAZ8FRlo,7 qualities of an high value man #fyp #value,manosphere/ideologia,False,36.0,5
NF0Q-8LJbUU,Luxury Real Estate,manosphere/ideologia,False,3.0,8
9FHWjH247ak,AWALT BPD #AntiWokeHumor #SigmaMaleMindset,manosphere/ideologia,False,4.0,0
dCho_rE040I,Strategize Buying a Fixer Upper,manosphere/ideologia,False,0.0,-1
lXsUrQn5rMI,Have you seen my new magazine?,manosphere/ideologia,False,1.0,7
YbGZ-WK9LjU,A.W.A.L.T.,manosphere/ideologia,False,13.0,-1
-NzC44rXJfU,download awalt and jesse break down ice man #breakingbad #walterwhite #xmen #physics #chemistry,manosphere/ideologia,False,5.0,-1
uHE3uP2z_bw,AWALT pt4 #nerdzinthehood #nerdlife #trendsetter #mgtowisthefuture #blackpill #hoodhobbiez #fypシ゚,manosphere/ideologia,False,21.0,6
Q8OoYKMSzTQ,Colorado Power Partners With Don Awalt,manosphere/ideologia,False,78.0,0
7eUW01fq4qE,AWALT pt2 #nerdzinthehood #mgtow #hoodhobbiez #trendsetter ##grind #viral #blackpill #hustleandgrind,manosphere/ideologia,False,38.0,6
jCYfrtf5zbk,Roofing Project in Denver Colorado.,manosphere/ideologia,False,94.0,8
tb1W_MkzHk0,"The truth about the ""All Women Are Like That"" Statement #awalt #NAWALT",manosphere/ideologia,False,5.0,0
n5AA4X_P5xo,Maliyah trying Beverly for the first time aWalt Disney Worldt #shorts #waltdisneyworld,manosphere/ideologia,False,7.0,-1
7piIHbOK7qc,The Awalt Coaching Podcast 001,manosphere/ideologia,False,15.0,-1
GJsUuRDzKNY,Build Your Legacy. #selfdiscipline #workoutroutine #trainhard #alphamale #reels #grindmode #physique,manosphere/ideologia,False,0.0,13
LRvhFHdV714,I Was Hired to Protect a Reclusive Alpha King—Until I Found Our Wedding Portrait in His Locked Room,manosphere/ideologia,False,9.0,-1
09DH93aAQI8,🦁 Escucha ESTO Solo si quieres ser un ALPHA MALE - ULTRA TESOSTERONA V3,manosphere/ideologia,False,260.0,0
w15WKKX-s2M,He didn't even flinch... 💀🔥 #shorts #sigma #alpha,manosphere/ideologia,False,0.0,0
AQELnVxIduA,The Alpha Male Lie,manosphere/ideologia,False,988.0,0
LAHc7n4ddjE,"no one just Y/N with her delusional ""bf Alpha male Sigma deathly Hot papa"" #Cringe #whydidipostit",manosphere/ideologia,False,2.0,0
ZO6MVLK0Bys,4 Best JPG Le Male Alternatives | Which One Should You Buy? 🔥,manosphere/ideologia,False,577.0,-1
6bvPYB_1KuA,Be your best alpha male self ❤️,manosphere/ideologia,False,35.0,0
3NZQI5FMNhM,The Characteristics of an Alpha and Beta Male,manosphere/ideologia,False,1997.0,7
QtkJ-FtHE8M,The Never-Ending Embarrassment of “Alpha Male” Andrew Wilson.,manosphere/ideologia,False,23.0,-1
vWlp0Bw3x_Y,"Frans de Waal debunked the alpha male myth, showing ape leaders need empathy and peacemaking.",manosphere/ideologia,False,8.0,0
03qqJf95KLI,Làm chủ gia đình - The Alpha Male Illusion #funny #haihuoc,manosphere/ideologia,False,718.0,-1
Ao5EVIb0NW0,Wait for end #selfimprovement #growthmindset #moneymindset #hackermindset #discipline #instantkarma,manosphere/ideologia,False,2328.0,0
Ujh9CK-z2AI,BILLIONAIRE FREQUENCY 🌌 Manifest Extreme Wealth & Alpha Male Success 2026,manosphere/ideologia,False,0.0,-1
3tK73Gq8tow,Veiled Obsession Audiobook | Taboo Mafia Alpha Male Romance by Marissa Scott,manosphere/ideologia,False,0.0,-1
LU1B0MYkvXA,Alpha Male,manosphere/ideologia,False,0.0,0
Ak-Xll49ZS8,"How WWE Turned An ""Alpha Male"" Into A Background Character 💀",manosphere/ideologia,False,29.0,-1
kUAsNAq-3Kk,Unappreciative #trendsetter #followerstiktok #fyppppppppppppppppppppppp #attraction #alphamale,manosphere/ideologia,False,3.0,0
CymBywlSdUw,Katie Hates The Alpha Male Debate,manosphere/ideologia,False,1302.0,-1
TABPS4JkSA8,BILLIONAIRE FREQUENCY | Manifest Extreme Wealth & Alpha Male Success 2026,manosphere/ideologia,False,71.0,0
2phz6Sf6uL4,Accidental son finds the alpha male CEO 🌹💖✨ #BL #Shorts,manosphere/ideologia,False,309.0,0
4ytrHOptp7o,Wannabe Alpha Male Vincent Fischer Just Went BROKE..,manosphere/ideologia,False,160.0,0
86bS-Zbr0ng,Alpha Male Fan Fiction #comedy #maga #truestory #funny #lol #news #cosplay #alpha #skit #fanfic,manosphere/ideologia,False,3261.0,-1
jaKOFqfxDn4,The Alpha Male Starter Pack - Inspired by Andrew Tate,manosphere/ideologia,False,9.0,0
Zb99MH91jiM,day in the life of an ALPHA male,manosphere/ideologia,False,1778.0,0
SsrQ1D3TTZQ,'nonchalant infinity aura sigma alpha male wolf title',manosphere/ideologia,False,1260.0,0
kHwEOCYHhd0,Gay furry and another alpha male,manosphere/ideologia,False,2.0,0
2gO9HCCU-hY,🚨 NEW GIBS DROP! Alpha Male + OUD Smell AMAZING | Full Unboxing,manosphere/ideologia,False,0.0,4
RFuOUMEPzvw,The Alpha Male Roast,manosphere/ideologia,False,41.0,-1
rwhmxHPXSXM,"Alpha Female vs. ""Alpha"" Male: Who Really Wins? (",manosphere/ideologia,False,64.0,-1
7pZ9ZusuxQA,Alpha male #evanwarner,manosphere/ideologia,False,1157.0,0
YiAINcxJjyk,POV That one face a million girls fell for 🗿🫶💗 #greekgod,manosphere/ideologia,False,709.0,6
TWjlZc6kTrw,Hanner reacts to alpha male paranoia,manosphere/ideologia,False,19.0,0
V9WF3E22nj8,"Alpha Female vs. ""Alpha"" Male: Who Really Wins?",manosphere/ideologia,False,28.0,-1
Sx0o4mQeuz4,Whiskey Leaks Exclusive interview: AndrewTate from Alpha Male to Prison Karen #satire,manosphere/ideologia,False,1485.0,-1
0alwSL8DIOU,SpongeBob was an “alpha male” #sandboxsessions @SandboxSessionsATL,manosphere/ideologia,False,6.0,-1
WfRPGvhtfwQ,"Alpha Female vs. ""Alpha"" Male: Who Really Wins?",manosphere/ideologia,False,30.0,-1
HlN9oxolaRQ,"The Ultimate Alpha Male (193cm, 103kg)",manosphere/ideologia,False,25.0,0
klH0C7kilW0,Ai slop part 2 ski body rizz sigma alpha male Fortnite goon,manosphere/ideologia,False,598.0,0
tcWp8q3YZCY,One eyes Trex vs alpha male trex,manosphere/ideologia,False,302.0,1
GxA-6ERfOtY,Alpha males are cringe #shorts,manosphere/ideologia,False,2235.0,0
LYwL6719Ek0,The Power of Silence #whatif #whatifscenario #silence #alpha #peakperformance #,manosphere/ideologia,False,64.0,0
ZPpwlTmbQPM,TakeashteverytimeIsay“alphamale”,manosphere/ideologia,False,1023.0,6
qM_iRS1UcXQ,That’s life #mindset #peakyblinders #peakyquotes #alphamale #quoteoftheday #selfimprovement #mascu,manosphere/ideologia,False,0.0,5
M1DC6kWTOEg,Podcaster bros. You know who you are. #alphamale #redpill #freshandfit #andrewtate #whateverpodcast,manosphere/ideologia,False,1055.0,-1
Z9JduSL1PWY,Who's the Toxic Alpha Male NOW?! 😳 #shorts,manosphere/ideologia,False,1050.0,0
W5p5cUdcT3s,alpha male content?,manosphere/ideologia,False,1630.0,0
COfe1ng4l98,Alpha males used to act different,manosphere/ideologia,False,1410.0,-1
tzLOF4Wk0Lc,Bad Boy Music | Alpha Male Playlist | Vol. 4,manosphere/ideologia,False,91.0,0
H33EBbQXEMo,wow finally sapphire posts...sprout is so alpha male 😈🥀 BAHAHHA #dandysworld #fyp #satire,manosphere/ideologia,False,1252.0,-1
e-SKX61TUs0,Alpha male #funny #alpha,manosphere/ideologia,False,1.0,0
DIf6Ws3UAk0,I can’t believe I let this happen as an ALPHA,manosphere/ideologia,False,1653.0,0
m9YMFOvtpX4,The Good & Bad To Imposter Syndrome,manosphere/ideologia,False,11673.0,7
g2472PiPfVE,MEN CAN'T DECORATE A ROOM 😂 #gaming #men #gym #alpha #male,manosphere/ideologia,False,1288.0,13
3Fgapfjovgg,REAL COYOTE ATTACK | HUGE ALPHA MALE FIGHTS OUR DOGS | ACTION-PACKED PREDATOR HUNTING IN 4K,manosphere/ideologia,False,6375.0,0
x0_1ucCFR8E,Mana Gives you Alpha Male Affirmations,manosphere/ideologia,False,5013.0,0
R2qXDOv3TEo,the alpha male of our species,manosphere/ideologia,False,1044.0,0
cs4YxeAnLII,Cheating Wife Plans To Humiliate Me Until I Became Alpha Male! Reddit Cheating Stories,manosphere/ideologia,False,0.0,-1
G4b_QY5vgxQ,Ultimate Alpha Male Aura 🗿 Rodtang Kickboxing Supremacy #shorts #rodtang #kickboxing #aura,manosphere/ideologia,False,10340.0,-1
9Vi2kqTMpHs,Alpha male wolf is a cutie pie #Doublehelix #Aylio #aydensitong #sitong #Elio #aydensng #lyusitong,manosphere/ideologia,False,11897.0,6
SdNbn2371PA,"My Wife’s 'Alpha Male' Tried To Intimidate Me, But He Had No Idea Who I Truly Was",manosphere/ideologia,False,0.0,0
9IeUm8uW0Zk,Hard Work Pays. #mentalstrength #alphamale #athlete,manosphere/ideologia,False,231.0,-1
E473dmRAnIA,The type of woman every high value man wants... #highvalueman #women #relationshiptips #goviral,manosphere/ideologia,False,60.0,5
f6j13_29UeE,How a High Value Man Vets a Woman in the First 30 Days,manosphere/ideologia,False,4838.0,-1
vWP4Bg0F0_A,High Value Men Never Tolerate These 6 Things | Stoicism,manosphere/ideologia,False,0.0,-1
LAArssREyrQ,High Value Man: What REALLY Makes You One (Not What You Think!) #shorts,manosphere/ideologia,False,9.0,-1
PMQvSwgd7kQ,The Power Paradigm — The Rules They Buried #ConradRiker #HighValueMan,manosphere/ideologia,False,1.0,0
_JWPGESf4L4,Low Value Man vs High Value Man #foryou #lifelessons #facts #mindset #psychology #selfimprovement,manosphere/ideologia,False,7246.0,0
dQpx32x1jIM,"You're Not A High Value Man, You're Just Self Absorbed",manosphere/ideologia,False,40979.0,5
tzXWABq6qTI,Stop telling women what makes them high value #foryou #highvalueman #highvaluewomen #insecurity,manosphere/ideologia,False,1565.0,5
2GeRpBH-BNs,"Ranking the ""high value man"" habits",manosphere/ideologia,False,20.0,5
aKp7mO_4Smo,"Stop chasing women. Focus on becoming a high-value man, and women will chase you #beyondtruth",manosphere/ideologia,False,1592.0,0
SrW7lQZvUr8,Toxic Woman Has a MELTDOWN After High Value Man REFUSES to Pay Her Expensive Dinner! 😳,manosphere/ideologia,False,60.0,0
PAcl-FPN-rQ,How to Become a High Value Man | Jim Rohn Motivation,manosphere/ideologia,False,1.0,-1
4e6lWHoUxVo,How to Find and Build a High-Value Man’s Commitment,manosphere/ideologia,False,2544.0,0
rIlOc2c8ib8,Kelvin Samuel 43 Years Old Want A High Value Man #KevinSamuels #HighValueMan #DatingAdvice,manosphere/ideologia,False,20299.0,0
9pP1BorEDPs,The Chad Tax #CommonSenseBooks #HighValueMan,manosphere/ideologia,False,0.0,0
568x8zYeISs,Single Mother of 8 kids Wants A HIGH VALUE Man,manosphere/ideologia,False,993.0,0
AbNpC9rSt8g,What REALLY Makes a Man High Value? (Beyond Money) #shorts,manosphere/ideologia,False,85.0,-1
KIMM_hhPOYk,Managerial Leftism's Comfort Cage vs VIRTUE VOLTAGE #CommonSenseBooks #HighValueMan,manosphere/ideologia,False,4.0,-1
hQapNzRgUc8,Marginalized Man — Men's Rights Infographic #ProWesternCivilization #HighValueMan,manosphere/ideologia,False,1.0,0
6omAv31owmc,How to Text Like a High Value Man 💗📱#datingtips #communication #relationshipadvice #confidence,manosphere/ideologia,False,21360.0,-1
12Tk-Y_e59g,This Is How to Make a High-Value Man Commit | Even When He’s Not Ready .,manosphere/ideologia,False,163.0,-1
QotOgkFZILI,HIGH VALUE MAN Women Can't ACCEPT Why Millions Of Men Are Choosing Life Without Dating Modern Dating,manosphere/ideologia,False,460.0,0
1u7QL5Cab2o,"7 Traits of a True High-Value Man 👑💼""",manosphere/ideologia,False,18.0,-1
oxrWB0DqfYk,Why Keke Palmer Says Kevin Samuels' 'High Value Man' Math Is WRONG,manosphere/ideologia,True,10160.0,0
13e-CYIvh-I,Where to Find High Value Men ‼️ 👀 #datingadvice #shorts #highvalueman,manosphere/ideologia,False,1169.0,0
OfAUVgo2UVQ,The Sweetest Yellow Figs You Can Buy! 🤤 You Won't Believe the Price of These Figs! 🤯,manosphere/ideologia,False,1167.0,0
iS8MEKQszLc,She's Average At Best & Demanding A High Value Man #kevinsamuels @cartbeforethehorseproductions,manosphere/ideologia,False,2081.0,0
-p8PUji01E8,ARE YOU a High-Value Man? Take THIS Test #highvalueman #attractiveness #shorts,manosphere/ideologia,False,855.0,-1
Kpac-0FCpqM,Real MEN TRANSMIT Security 🧠 #security #highvalueman #masculinity #shorts,manosphere/ideologia,False,893.0,-1
GGF0timvlm8,The Stoic Way to Become a High Value Man | Master Yourself First,manosphere/ideologia,False,12888.0,0
bZXQPv3yMTM,5 rules only high value man follows!,manosphere/ideologia,False,11182.0,5
MsQGEFdziH4,High Value Man,manosphere/ideologia,False,36.0,0
EBPZduUHyHI,Becoming a High Value Man in the Philippines: My Honest Take,manosphere/ideologia,False,2721.0,-1
BRxULmtP7zE,"The Truth About Relationships, Money & High-Value Men That No One Tells You | Silas Otieno",manosphere/ideologia,False,16778.0,-1
7eYv4kXQ640,10 Things High-Value Men NEVER Do (And Why) #theoldtimer,manosphere/ideologia,False,823.0,-1
TMaaBPkhuT0,"""High Value Men"" is Bullsh*t",manosphere/ideologia,False,1343.0,-1
NDhGibDCfaY,Kevin Samuels COOKS Feminist Claiming She Deserves a High-Value Man,manosphere/ideologia,False,13285.0,-1
qINX2g_QQLA,Feminist EXPOSED After Saying She Deserves A High-Value Man And Being Asked What She Offers,manosphere/ideologia,False,3906.0,-1
rEaqIMk9fy4,Become a High-Value Man,manosphere/ideologia,False,5864.0,-1
uGg6yMUNZ4A,Delusional Woman Gets A Reality Check About High Value Men,manosphere/ideologia,False,12050.0,0
EuT9EOzV6_M,The High-Value Man Fantasy Is Selling Men an Illusion,manosphere/ideologia,False,1954.0,-1
Am3TinkMs18,Top 3 Qualities of a High Value Man | Confidence & Ambition,manosphere/ideologia,False,1722.0,-1
gt1lJ0rGj7s,When a High-Value Man Walks Away — What No One Tells You,manosphere/ideologia,False,768.0,-1
vvzAmc-LJQg,How To Become A High Value Man | Stoicism,manosphere/ideologia,False,6787.0,-1
M1Tecepz4hI,5 Traits of a High Value Man | Stoicism,manosphere/ideologia,False,4324.0,0
zLWd-ogRow8,When She Only Wants a High Value Man | Pop the Balloon | Arlette Amuli | #shorts,manosphere/ideologia,False,12306.0,0
6JvbiPaNs4k,Why Girls Are Attracted to High-Value Men | Psychology #psychology #shorts #viral,manosphere/ideologia,False,5942.0,-1
pzREIaoyOvI,High Value Man,manosphere/ideologia,False,43.0,0
7rKIf3na784,🎩 3 Powerful Blues & Jazz Songs Every High-Value Man Should Hear | Luxury Blues Collection 2026,manosphere/ideologia,False,13.0,0
bTwRhKdJhGk,Why High-Value Men Never Chase Women.,manosphere/ideologia,False,94.0,-1
1WembfMgLHk,How To Manifest Getting Married To A High Value Man In 2026🗓️,manosphere/ideologia,False,14613.0,-1
j98LnzPLwGk,Homem de Valor: A Marca do Amor Verdadeiro #shorts,manosphere/ideologia,False,2664.0,5
Ahs6yOjPDpw,50 Rules of High Value Men,manosphere/ideologia,False,70.0,0
OcltGKpBD4o,"Hi, I’m Victoria, a dating coach for high-value man! Follow me for more dating advice ✅",manosphere/ideologia,False,747.0,-1
hE9N-PPT0_4,5 Things High Value Men NEVER DO,manosphere/ideologia,False,6528.0,5
uGxHl8UzDP4,"How to ""Crack the Female Code"" | Stoicicm | The High-Value Man's Guide",manosphere/ideologia,False,95.0,0
xJeUFnzLILo,Why High Value Men Never Defend Their Character To Competitive People,manosphere/ideologia,False,54.0,0
ycuyBPSYvDE,5 Silent Traits of a High-Value Man | Stoic Wisdom,manosphere/ideologia,False,1702.0,0
r1qBHZFu1l4,Signs Of A High Value Man Gaurav Chhabra | #Shorts #HighValueMan,manosphere/ideologia,False,1163.0,0
2KeMtMgAPTA,How much should a High Value Man make?,manosphere/ideologia,False,8813.0,5
oiDVCojzpcA,Are you QUALIFIED for a high value man?,manosphere/ideologia,False,16900.0,5
SMuM2dS5DpU,Why High Value Men Never Chase — And She Comes Running #never #chase #comes #running,manosphere/ideologia,False,59.0,0
uNvFqoI6whk,"Dumb Women Rebound with Losers, Smart Women Already #datingadvice #levelup #hypergamy #highvalueman",manosphere/ideologia,False,21.0,5
xul5UuwkS4o,3 Places to Meet High Value Men.,manosphere/ideologia,False,871.0,0
D8-wD591tws,7 Traits of a High Value Man #HighValueMan #Masculinity #MensDevelopment #Motivation,manosphere/ideologia,False,13346.0,-1
xa6gPqCqYM0,What Actually Makes a Man High Value?,manosphere/ideologia,False,276.0,-1
6TttyuDJBjE,Klay proves that high value men are still worse than the average woman.,manosphere/ideologia,False,19753.0,5
meoAz6WOyR8,The Man Who Disappeared: Why High-Value Men Are Going Completely Off-Grid | male psychology,manosphere/ideologia,False,6780.0,-1
wbCExJs6y3w,8 Things High-Value Men Find Irresistible (It Has NOTHING To Do With Looks),manosphere/ideologia,False,449.0,0
HW2cQDUF24A,How To Network & Befriend High-Value Men,manosphere/ideologia,False,13726.0,-1
KXpdzZWwGbw,10 Stoic Rules of a High Value Man - A CODE FOR MEN WHO BUILD | STOICISM,manosphere/ideologia,False,5470.0,0
lQ7zcpTxEjo,"What makes a ‘high-value’ man? It’s not money, not status, but this…",manosphere/ideologia,False,12131.0,5
gpelmHDFRTA,High-Value Man vs. Low-Value Man: 12 Traits Explained 🧠 #HighValue #SelfImprovement #GrowthMindset,manosphere/ideologia,False,15889.0,-1
at0MOAFmnb0,10 Stoic Rules of a High Value Man - A CODE FOR MEN WHO BUILD | STOICISM,manosphere/ideologia,False,3052.0,0
hEDG_F3-sfo,High Value Man Signs…,manosphere/ideologia,False,1500.0,-1
OtAV0sXzfpY,Self-Control: The Key to Becoming a High Value Man #shorts,manosphere/ideologia,False,185.0,-1
61N4tcsuVrs,10 SECRETS OF THE HIGH-VALUE MAN #shorts #psychologyfacts,manosphere/ideologia,False,824.0,-1
5uw72QiI2Qg,Ep.61/180 : High Value Man.,manosphere/ideologia,False,23347.0,-1
sa_5KkSgb8c,7 Stoic Rules to Become a High-Value Man in 2026 (Unbreakable Discipline & Quiet Power),manosphere/ideologia,False,35.0,0
nR0ewKccUzU,“Why I Chose Her” A Real Conversation With a High-Value Man,manosphere/ideologia,False,1293.0,-1
Ugs_kGGBljI,How to Attract a High-Value Man WITHOUT Playing Games (Real Dating Advice for Women. Make Him Chase),manosphere/ideologia,False,6670.0,0
mw5pz3jVvhc,Become a High-Value Man | Niccolò Machiavelli,manosphere/ideologia,False,1449.0,0
zKYnbGoOovs,NEVER Sacrifice These 6 Things For Anyone - High Value Man Rules | Stoicism,manosphere/ideologia,False,3152.0,-1
UgaXOrRIitA,Awalt Construction Roofing Installs,manosphere/ideologia,False,7.0,6
J8oCgKOyWpc,Awalt Halloween Haunt 2021,manosphere/ideologia,False,9.0,-1
Low53_ljVd8,"950 Awalt Drive, Winchester, TN 37398",manosphere/ideologia,False,13.0,8
OFNyCGafUKI,Toriin hudaldan awalt 1,manosphere/ideologia,False,3.0,6
EoU0vsXnOXs,Toriin hudaldan awalt,manosphere/ideologia,False,6.0,6
3_1OqpdaB5I,eh oronch hudaldan awalt 2,manosphere/ideologia,False,7.0,6
KcJdQFvWAoc,Awalt Road by Veronika & Justine Watts,manosphere/ideologia,False,12.0,6
RrpmxUxJP9o,175 Awalt Road by Veronika Watts,manosphere/ideologia,False,10.0,6
uDk2sPifhcA,Colleen Awalt Live Stream,manosphere/ideologia,False,0.0,6
o-MLT96pkus,Uuliin zurag awalt ~ Chuncheon city of South Korean,manosphere/ideologia,False,22.0,6
HcLXl6h7Lbo,"Chad Awalt ""Masaya"" at Vinings Gallery",manosphere/ideologia,False,4.0,11
fGW1yCwfeGI,"Chad Awalt ""Pinga"" at Vinings Gallery",manosphere/ideologia,False,17.0,11
W_3FG8nvwk0,"Chad Awalt ""Dija"" at Vinings Gallery",manosphere/ideologia,False,6.0,11
rXD295oYxkM,"Chad Awalt ""Sila II"" at Vinings Gallery",manosphere/ideologia,False,20.0,11
5dkDVNIP-wo,"Chad Awalt ""Dionaea"" at Vinings Gallery",manosphere/ideologia,False,22.0,11
JJ5ixAHasik,"Chad Awalt ""Istsel"" at Vinings Gallery",manosphere/ideologia,False,9.0,11
qFBxmkjxD5s,"Chad Awalt ""Anshar"" at Vinings Gallery",manosphere/ideologia,False,12.0,11
bC9mhM8U7Po,WTAMU Module 5 Oral Case assignment Awalt,manosphere/ideologia,False,19.0,-1
Ia1rSfX-dBs,1961 Awalt Dr. (Included Boat Slip 1) Fanning Bend on Tim Ford's Lake,manosphere/ideologia,False,11.0,8
9pgJM00HWzY,1961 Awalt Dr. (Half Basement Media Room) Fanning Bend on Tim Ford's Lake,manosphere/ideologia,False,13.0,8
0XhIqqoXsmw,1961 Awalt Dr. (Half Basement Bedroom) Fanning Bend on Tim Ford's Lake,manosphere/ideologia,False,13.0,8
Ykmcbmdha_s,1961 Awalt Dr. (Half Basement Bathroom) Fanning Bend on Tim Ford's Lake,manosphere/ideologia,False,9.0,8
VWQ_coE_rDo,1961 Awalt Dr. (Garage) Fanning Bend on Tim Ford's Lake,manosphere/ideologia,False,18.0,8
G1_64tFGXRc,1961 Awalt Dr. (Bonus & Utility Rooms) Fanning Bend on Tim Ford's Lake,manosphere/ideologia,False,7.0,8
yckIFAiyNnE,1961 Awalt Dr. (Back Porch Angle 2) Fanning Bend on Tim Ford's Lake,manosphere/ideologia,False,15.0,8
o0PkaqftVxw,1961 Awalt Dr. (Back Porch Angle 1) Fanning Bend on Tim Ford's Lake,manosphere/ideologia,False,10.0,8
TcnvM8VQOaw,1961 Awalt Dr. (Front Porch) Fanning Bend on Tim Ford's Lake,manosphere/ideologia,False,7.0,8
a50f7g7kI_A,1961 Awalt Dr. (Upstairs Master Bathroom) Fanning Bend on Tim Ford's Lake,manosphere/ideologia,False,4.0,8
zd3lu7xPDbU,1961 Awalt Dr. (Upstairs Master Bedroom) Fanning Bend on Tim Ford's Lake,manosphere/ideologia,False,7.0,8
alvB_m9TFnY,1961 Awalt Dr. (Upstairs Bedroom 2) Fanning Bend on Tim Ford's Lake,manosphere/ideologia,False,7.0,8
eJfgFgD-yc0,1961 Awalt Dr. (Upstairs Bathroom) Fanning Bend on Tim Ford's Lake,manosphere/ideologia,False,8.0,8
ybLNlpsfbJo,1961 Awalt Dr. (Upstairs Bedroom 1) Fanning Bend on Tim Ford's Lake,manosphere/ideologia,False,8.0,8
cH3m0VDyjf4,1961 Awalt Dr. (Laundry Room) Fanning Bend on Tim Ford's Lake,manosphere/ideologia,False,17.0,8
YFaXD9j3YPc,1961 Awalt Dr. (Downstairs Bedroom) Fanning Bend on Tim Ford's Lake,manosphere/ideologia,False,13.0,8
cwvUsbhGFjw,Welcome to awalt,manosphere/ideologia,False,15.0,0
jk2fBfMnpWA,Doing the basics is NOT THAT HARD!!! #alphamale #alpha #beta,manosphere/ideologia,False,1154.0,0
tp-W4p2hu-8,Woman Admits Women Put Men in Categories,manosphere/ideologia,False,97324.0,7
bAMNmiHwoPM,"The ""Alpha Male"" Mask Is Hiding a Scared Child (Exposed)",manosphere/ideologia,False,6137.0,0
qILgX-r5ONU,Robert Greene EXPOSES The Fake Alpha Male Trap (Andrew Tate Reality Check),manosphere/ideologia,False,25055.0,-1
SCRW5cgfcqs,THE ALPHA MALE...,manosphere/ideologia,False,29123.0,0
vEYaO81phyk,10 Things That Instantly Make a Man Look WEAK,manosphere/ideologia,False,67197.0,-1
LoiVF9E2HO8,Sam’s Alpha Male Mode 🐺,manosphere/ideologia,False,116486.0,0
G0iit4-HY1I,NEVER ‘ALPHA’ AN ALPHA MALE,manosphere/ideologia,False,85.0,-1
JbFq7XxhQzI,Fake Alpha Male Just Lost His Fight..,manosphere/ideologia,False,73783.0,-1
iBSydNIgRIo,How to Become Alpha Male 🔥 | Hidden Psychology Tricks #psychology #shorts,manosphere/ideologia,False,2790.0,-1
4nX8QUQZY4A,"Ron Funches ""There's No Alpha Male Comedians."" #whiskeyginger",manosphere/ideologia,False,38083.0,-1
kcvTgZ0nGPI,"ALPHA MALE MOTIVATION 🍷 Billionaire Lifestyle Visualization, Extreme Luxury & Success 2026",manosphere/ideologia,False,43138.0,-1
CM5IxC1ksLI,Alpha Male Gets Owned,manosphere/ideologia,False,101798.0,0
3NLBuvMKkkk,Andrew Tate and the Alpha Male Myth,manosphere/ideologia,False,1795.0,-1
Vx7BqRUYZyw,Embarrassing Alpha Male Fight,manosphere/ideologia,False,21590.0,0
6Uld-Xnwuhs,"Women give their Definition of an ""Alpha Male""",manosphere/ideologia,False,1273.0,-1
-vedAlPeUtU,⚠️ WARNING: SUPER ALPHA MALE | This Could Change Everything About You | Subliminal | 8Hz Alpha,manosphere/ideologia,False,7280.0,0
3sxjPIU15j4,Alpha Male vs House Husband ??! | Sathish Kumar Satz | Pyaar Prema Kalyanam | Netflix India,manosphere/ideologia,False,87179.0,-1
zuWnm3Aa_QI,Tennis is an alpha male sport tbh,manosphere/ideologia,False,17205.0,9
_704Nhy1Qi8,Peak Alpha Male Body ☠️ - Sunny Deol,manosphere/ideologia,False,65973.0,0
DoBgjeeCoNk,How to Stop an Alpha Male From Manspreading 💀,manosphere/ideologia,False,310.0,-1
q6dpdTeeUx4,Put The Work In,manosphere/ideologia,False,19473.0,7
Hi2B8NYOvB4,Alpha Male Of the Group,manosphere/ideologia,False,59827.0,0
GSakrVnCeHA,"The ""Alpha Male"" of JJK #anime #shorts #jjk #gojo #memes #naoya",manosphere/ideologia,False,243059.0,0
ZHp-J0MkRJw,"Why Do So-Called ""Alpha Males"" Worship This Loser?",manosphere/ideologia,False,53595.0,-1
ZBX_Yj2geVM,alpha male rule #alpha #aura #shortsfeed,manosphere/ideologia,False,2546.0,0
hVwqAJvCHaM,Alpha Male 😂📈 #athiradi #basiljoseph #shaanrahman #tovinothomas #vineethsreenivasan #mallu #alpha,manosphere/ideologia,False,33399.0,0
jUkprhMgv_g,"""Top G"" Alpha Male Is Currently SUFFERING In Jail & BEGGING For His Freedom...",manosphere/ideologia,False,31386.0,0
pbuBcSTwkXU,The Alpha Male Trap,manosphere/ideologia,False,109598.0,0
IX7Mm9kPT5Q,Fake Alpha Male “King Azoulay” Embarrasses Himself Once Again By Going On A Delusional Podcast pt1,manosphere/ideologia,False,41473.0,-1
yB3KQtVRUPs,"POV: You've Been Lied to About the ""Alpha Male”",manosphere/ideologia,False,11.0,0
SsU9wJixJQQ,High-Value Man vs. Alpha Male: What’s the REAL Difference?,manosphere/ideologia,False,44.0,-1
xOmc3_6buIY,Most Women Won't Survive The New Economy,manosphere/ideologia,False,77101.0,7
gmRRAue8UxU,this guy calls himself an alpha male btw,manosphere/ideologia,False,29664.0,0
unK-XgyISqg,Alpha Males 💀😂,manosphere/ideologia,False,54889.0,0
AG1GAKdYDwM,Andrew Tate Proves Alpha Male Culture is a Sick Fake Cult,manosphere/ideologia,False,3397.0,0
iCPkEWw2qDI,The Cringiest Alpha Male EVER (Ali Sobh),manosphere/ideologia,False,2238.0,0
zf6J5zha4-k,Alpha male 📈 athiradi comedy scene🤣 #trending #malayalam #athiradi #comedy #viral,manosphere/ideologia,False,39813.0,0
sGclH9Kcu_Q,did you just unironically say strong alpha males #deanwithers #strongalphamales #fyp #pov#trump,manosphere/ideologia,False,44023.0,0
GRM0lmCHTus,Fake Alpha Male Situation Just Went Nuclear..,manosphere/ideologia,False,26983.0,-1
WZEKIPzDuMQ,"Fake Alpha Male, Vincent Fischer, Is Getting Insanely Desperate For Money And Attention.....",manosphere/ideologia,False,36320.0,0
T86-wB3u8Yg,Alpha male core😂😹 #fypシ゚viral #foryou #mollywood #feed #core,manosphere/ideologia,False,17771.0,-1
508h39s1R9c,അവൻ ഒരു alpha male ആണെന്ന പറയുന്നെ | Tovino Thomas | Basil Joseph | #viral #shortvideo,manosphere/ideologia,False,139983.0,0
uKAr01JHZTg,The WORST Fake “Alpha Male” Cringe 2,manosphere/ideologia,False,35116.0,-1
z76YZc2bHFE,Fake Alpha Male Exposed for Being BROKE..,manosphere/ideologia,False,32549.0,-1
SEioeh9E2pk,Even A 200kg Alpha Male Got Rejected #shorts,manosphere/ideologia,False,40579.0,-1
TaZwA-uJ_AM,"King Azoulay Is Now Running To Other ""Alpha Males"" For Help.....",manosphere/ideologia,False,43015.0,0
FogVqosbloE,"BECOME THE ALPHA MALE 🐺 | PEAK TESTOSTERONE (+6,000NG/DL), DOMINANCE, DEEP POWER (REVAMPED)",manosphere/ideologia,False,1279.0,-1
ztAodLCOR2k,5/5 alpha male rules but it gets increasingly more toxic,manosphere/ideologia,False,4059.0,-1
6bseqCZhoJE,"Alpha male podcast ep. 10 ""Minecraft madness""",manosphere/ideologia,False,28218.0,0
TQt5BYfpvy8,The Fakest Alpha Males On The Planet,manosphere/ideologia,False,158159.0,0
T0LYwlU4P98,"Why Cavemen Bullied Their ""Alpha Males""",manosphere/ideologia,False,14926.0,0
mJDieqTAD6I,"Fake Alpha Male ""Vincent Fischer"" CRASHES Out Over His Haters..",manosphere/ideologia,False,38551.0,0
8-7xyigWspg,Alpha Male Strategies Exposure of @TheRealMTR Was HARD TO WATCH!,manosphere/ideologia,False,32420.0,-1
GloMD9CP_7s,Why Are Alpha Males & Trad Wives Trending Again? | Anthropology Explains,manosphere/ideologia,False,8014.0,-1
cF9kUG-Juck,Financial Freedom Isn't Free,manosphere/ideologia,False,39291.0,7
Cz6hjHD3rFo,King Azoulay Made Love To Clavicular - Alpha Male Universe,manosphere/ideologia,False,34897.0,0
j8aurWIbdAk,Fake Alpha Male “Vincent Fischer” Is In Denial About Everything,manosphere/ideologia,False,35227.0,0
F4CJhhCU-RA,"Alpha male podcast ep. 8 ""Prison escape""",manosphere/ideologia,False,49007.0,0
Agu5CpmYH5s,Kevin Samuels | The Alpha Male Skills Women Respect,manosphere/ideologia,False,43315.0,0
DHbIpljPy9c,The Wes Watson Jail Cult Situation Is Insane - Alpha Male Universe,manosphere/ideologia,False,31787.0,0
htjk_nDo04A,Fake Alpha Male Just Got Humiliated..,manosphere/ideologia,False,28323.0,-1
W_hvbh3xw20,ALPHA MALE PLAYLIST 🔥 | Music That Makes You Unstoppable,manosphere/ideologia,False,321.0,0
YUCLBt4hPMk,"Alpha male podcast ep. 7 ""Love triangle""",manosphere/ideologia,False,66241.0,0
sRjwB0cxgeM,Alpha Male Coach is Losing His Mind,manosphere/ideologia,False,16947.0,0
6KiHOZBnPvo,This 19 Year Old Alpha Male Has Returned...,manosphere/ideologia,False,19022.0,0
ePCqR9LW8Dg,The END Of TikTok’s Alpha Male Predator: King Azoulay,manosphere/ideologia,False,124780.0,0
DGh9bZ1SIj4,"Looksmaxxing ""Androgenic"" Gets Destroyed - Alpha Male Universe",manosphere/ideologia,False,24817.0,0
1_T-0olBvak,Why Most 'Alpha Males' Are Actually Weak,manosphere/ideologia,False,4400.0,0
fXSYAA3k6HQ,"Alpha male podcast ep. 6 ""Mega Church Mayhem""",manosphere/ideologia,False,46953.0,0
AGDTqxqgeug,"Fake Alpha Male ""Vincent Fischer"" Just Got Sued",manosphere/ideologia,False,63948.0,0
oytCSJWhysk,4 Signs You’re an Alpha Male🔥 #shorts,manosphere/ideologia,False,37457.0,0
CJVtnsa3Jzo,"The Satisfying Downfall Of ""Crowned Jose"" - Alpha Male Universe",manosphere/ideologia,False,20578.0,0
MBu2vhYn2y4,"Alpha male podcast ep. 4 ""Time Machine Mayhem""",manosphere/ideologia,False,88104.0,0
uGaN6EXifB8,The Andrew Tate Downfall Somehow Got Worse - Alpha Male Universe,manosphere/ideologia,False,44235.0,0
QUMuN9S6txs,Alpha Male Boot Camp Exposed By Journalist,manosphere/ideologia,True,44799.0,0
G5Y4fIpVop0,"Fake Alpha Male ""King Azoulay"" Just Got Even Worse By Doing This Again..",manosphere/ideologia,False,30196.0,0
gJFQR8DP8cI,"Fake Alpha Male ""Vincent Fischer"" Has Destroyed His Reputation Completely & He Is COOKED!",manosphere/ideologia,False,64439.0,0
ks8vXEqUAys,Penguinz0 'Worst Alpha Males' Compilation,manosphere/ideologia,False,116776.0,0
L1Azq4CM-2o,Alpha Males 5 | Official Trailer | Netflix,manosphere/ideologia,False,72842.0,-1
YFBJLEnZVng,"Why ""Alpha Females"" Chase Sigma Men (And Always Fail)",manosphere/ideologia,False,201289.0,-1
3utnR4KFeLI,Ο Μεγαλύτερος Alpha Male του TikTok,manosphere/ideologia,False,82838.0,0
G-ByeZS6N28,Alpha Male Tea Party – Live Session | Deep Storm Studios,manosphere/ideologia,False,2090.0,-1
3wqa7rfnod0,10 Brutal Alpha Rules Every Man Must Follow | Full Guide,manosphere/ideologia,False,30884.0,-1
prFdhLOGPPo,"If Alpha Males Are Kings, Then Sigma Males Are…",manosphere/ideologia,False,96786.0,0
c38XBiCQXwU,"When Fake ""Alpha Males"" LOSE Aura #4",manosphere/ideologia,False,67013.0,-1
kf4Ao6GGMWQ,Alpha male || All products link in bio || #thesopranos #tonysoprano #edit,manosphere/ideologia,False,87783.0,0
YyHqof7ogjM,Alpha Male Music Playlist | Powerful Songs | Gentlemen ~,manosphere/ideologia,False,14201.0,0
jA_6V_DBvjs,🔥 Alpha Male Playlist | Gentleman Songs | Dark Blues Echo 🔥,manosphere/ideologia,False,571.0,0
62-J_OoCMaM,Alpha Male Mindset 🔥 #peakyblinders #Alpha #Motivation #thomasshelby ~,manosphere/ideologia,False,36320.0,0
z9hktJjnGdc,The alpha male youtube epidemic,manosphere/ideologia,False,6083.0,-1
5-4t87QNbHo,“Alpha Male” Cringe Fest #7,manosphere/ideologia,False,43120.0,0
_L2JQHoltGA,GEN Z Alpha Male TikTok Is UNHINGED,manosphere/ideologia,False,42950.0,0
oSS-Ukfj0U4,Alpha Male Cringe... But It Keeps Getting Worse #3,manosphere/ideologia,False,8088.0,-1
eah13b5yzp8,CJ VS FRANKLIN | GTA 5 VS GTA SA,criadores_pt,False,1987725.0,6
OpQFFLBMEPI,P!nk - Just Give Me A Reason ft. Nate Ruess,criadores_pt,False,2085805957.0,-1
uJ_1HMAGb4k,Vance Joy - 'Riptide' Official Video,criadores_pt,False,760729243.0,0
MY4YJxn-9Og,Marc Anthony - You Sang To Me,criadores_pt,False,273506318.0,0
T0eOpnLwBh4,PROFESSORA MALVADA na VIDA REAL SCARY TEACHER REAL LIFE #shorts,criadores_pt,False,2941372.0,-1
hwqFHBP3_VM,Minnesota Vikings vs. Chicago Bears Game Highlights | NFL 2026 Season Week 2,criadores_pt,False,67937.0,9
c-3vPxKdj6o,Kelly Clarkson - Breakaway (Official Video),criadores_pt,False,164659738.0,0
DQQRjFzB8gY,"4*TOWN (From Disney and Pixar’s Turning Red) - Nobody Like U (From ""Turning Red"")",criadores_pt,False,458765025.0,0
h4eueDYPTIg,"Head, Shoulders, Knees & Toes - Exercise Song For Kids",criadores_pt,False,1369860792.0,2
wXhTHyIgQ_U,Post Malone - Circles,criadores_pt,False,817746810.0,6
sFRSlv3AIgQ,SET FIRE TO THE RAIN - Adele | Live stage cover by Antidote band + YannaSessions,criadores_pt,False,458794.0,0
g5f4QGizHBQ,3 Signs That Your Boyfriend Is A High Value Man,manosphere/ideologia,False,10930.0,-1
Oazb7BuNgGE,The Reason Modern Women can't KEEP a High Value Man,manosphere/ideologia,False,12888.0,5
18ktEK0-Qnk,High-Value Men Don’t Beg. They Walk Away Silently ~ Stoic Wisdom,manosphere/ideologia,False,8859.0,-1
EdWu-SBq8gw,How To Be A High Value Man | Motivational Speech by Myles Munroe,manosphere/ideologia,False,210.0,-1
6_iO4iJ2TnI,Andrew Tate On What It Means To Be A High Value Man,manosphere/ideologia,False,3489.0,5
s_sc-SbCtPU,How to Be a High-Value Man | Kiran Roy's Observations & Analysis,manosphere/ideologia,False,14831.0,-1
IOHHw6kP-6c,"Andrew Tate: How to Become a HIGH-VALUE MAN and COMMAND Power, Wealth & Respect | Top G Motivation",manosphere/ideologia,False,14082.0,-1
CYr9LYuk4Lc,Wholesome Qualities The True Measure of a High Value Man with Dan Bacon!,manosphere/ideologia,False,730.0,5
EGCHVCs0RIA,"Ladies, THIS is how you get a High Value Man! With @SarahFontenot",manosphere/ideologia,False,4510.0,-1
XmScT2VU8LQ,The Exact Moment She Realizes She Lost a High-Value Man,manosphere/ideologia,False,2015.0,-1
R_0tYsHJq1g,Women are Superior | Female Supremacy Beats for beta males,manosphere/ideologia,False,34506.0,-1
9FYFh1TklGU,‼️Premiering on #IUICNassauBahamas @5:30 PM‼️Christian Sister Puts White Supremacy on BLAST at Camp,manosphere/ideologia,False,478.0,3
D5Cygym6V0U,His Dad Called Charlie A White Suprem@cist… 💀,manosphere/ideologia,False,10289.0,3
90WXXYc__1c,Based Black Man SCHOOLS College Students,manosphere/ideologia,False,4320623.0,3
5SGzkzZ7eIY,"Muhammad Ali Takes On White Supremacy ""You're My Opposer When I Want Freedom...""",manosphere/ideologia,False,13687.0,3
lp_KUHdABsY,How #BlackPeople find white supremacy - Dr Boyce Watkins,manosphere/ideologia,True,1880.0,3
6m6bdov0Mkw,What Black man must Learn,manosphere/ideologia,False,4819.0,3
tKbdglq4ze4,Is Sly Stallone A White Supremacist? - Rocky 4,manosphere/ideologia,False,1866.0,-1
XgEIauk-2VY,Woman Supremacy 👀 #wandamaximoff #harleyquinn #wednesday #kate #blackwidow #madison #raven #shorts,manosphere/ideologia,False,2985.0,-1
90h65D7zbHQ,Woke Crockett Blames Nearly All Violent Crime on 'WHITE SUPREMACY',manosphere/ideologia,False,4692.0,3
X8AqvfH7Z-g,Cis White Males LOL,manosphere/ideologia,False,5476.0,0
ORKDtcD9-7k,Proximity to white male patriarchy and white supremacist power #duet #trans #rights #women #CIS,manosphere/ideologia,False,13628.0,3
Io3xkKmruLA,How They See Black Masculinity,manosphere/ideologia,False,1760.0,3
yr5BQS79H7g,'We're Not Going Anywhere:' Watch Roland Martin Challenge White Nationalist Richard Spencer,manosphere/ideologia,False,1095793.0,3
LNJweJJAB2g,How Workplaces Use “Minorities” to Gaslight Black Men,manosphere/ideologia,False,1782.0,3
HxCA3ikYJ8s,This is How You Talk to ⬜ Supremacists,manosphere/ideologia,False,1355615.0,3
AkzXvpcuv90,Man The Anti-Defamation League Identified As A ‘White Supremacist’ Arrested In FBI Raid,manosphere/ideologia,False,763079.0,3
hgySmmUGR0k,Face of Hate | A Real American History X Story (Documentary),manosphere/ideologia,False,2912429.0,0
Tqr-ibpBdr4,THE EDUCATIONAL SYSTEM HAS FAILED BLACK MEN,manosphere/ideologia,False,10923.0,3
BeJyJU78Q-4,How do you like my driving?,manosphere/ideologia,False,25.0,0
ELTLqEtte2Q,Unreal vocals from Chris performing with his favorite band👏🏼🤯#daughtry #disturbed #band #rock,manosphere/ideologia,False,88.0,-1
zuu9Y_wbKMs,every. single. day. Dave.,manosphere/ideologia,False,44.0,-1
i8Iv8jzdbag,Throwback of when dame hit the game winning shot #shorts #NBA #sports #basketball #nbamoments,manosphere/ideologia,False,4461.0,9
ekmY45C0VoI,"February 26, 2025",manosphere/ideologia,False,90.0,6
eOXnnUWvWP8,Zoey edit #zoey #kpdh#,manosphere/ideologia,False,1228.0,6
oYsQ8PKiw_4,TAMKO Titan XT Mountain Slate Class 3 I.R.,manosphere/ideologia,False,765.0,6
_WflcVZpgYs,The ALPHA Wolf's FAMILY In Minecraft!,manosphere/ideologia,False,31565935.0,-1
wsnCLbDMVvA,Sigma male vs Alpha male | #sigma #podwithnik,manosphere/ideologia,False,165093.0,-1
eNAR-on4RyA,What Is An Alpha Male?,manosphere/ideologia,False,21294.0,0
J9xXPUKL71A,5 Basic Traits of An Alpha Male | How to Become an Alpha Male | #mindset #masculinity #humanity,manosphere/ideologia,False,2575.0,0
g7K-WWdkvBA,10 CHARACTERISTICS that show you are a REAL ALPHA MALE,manosphere/ideologia,False,78267.0,0
y42VotQfV1o,TRISTAN TATE’S FAKE ALPHA MALE TRAIT,manosphere/ideologia,False,44606.0,0
uVM6mVmRA_A,Ranking Best ALPHA MALE CRINGE Moments,manosphere/ideologia,False,75324.0,0
T9ftmOrzszY,New Alpha Male Sitting Technique unlocked #commentary #comedy #alpahmaleposturecoach,manosphere/ideologia,False,3719.0,0
dfRO-Df6Y0s,A BOY BECAME VERY DANGEROUS 😈🔥~ Attitude status🔥~ Sigma Alpha😎🔥~ motivation whatsapp status🔥🔥,manosphere/ideologia,False,4354499.0,0
KPId55G81gQ,Fake Alpha Males: What a therapist sees come through his office,manosphere/ideologia,False,3586.0,0
r1P04jkXLJo,FAKE ALPHA MALES,manosphere/ideologia,False,44901.0,0
ZU4XcoY8M8I,💪 🔥 What Makes an Alpha Man? | Alpha Male 5 Traits #trending,manosphere/ideologia,False,40749.0,-1
MwfdGj0zTVw,Alpha Males Morning Routine 🐺,manosphere/ideologia,False,42010.0,-1
MnJKxtJV7wM,"$10,000 Alpha Male Boot Camp - Cringe Court Review",manosphere/ideologia,True,99005.0,-1
oXELFPsAe8Y,Does women get attracted towards Alpha Male ? ♂️,manosphere/ideologia,False,10387.0,-1
yr3Vb6Q-U1I,🔥Who is a #sigma?Characteristics of Alpha Male 💯#alpha #alphamale #alphamen #sigma #sigmamale,manosphere/ideologia,False,8927.0,0
guUa400gFEg,5 Traits of an Alpha Male | Signs of an Alpha Male | Malayalam | How to become an alpha male,manosphere/ideologia,False,122303.0,-1
KzHFLz679oM,"No, I`m Alpha Male",manosphere/ideologia,False,80551.0,0
_o879yOEyoQ,"🦁 SUPER ALPHA MALE | Dominate With Confidence, Charisma & Power | Subliminal | 8Hz - Alpha | Focus",manosphere/ideologia,False,53753.0,0
gHAvahGNtts,10 ALPHA MALE Traits That Drive Women WILD ( This ENHANCES Attraction),manosphere/ideologia,False,14567.0,-1
2Kk53e15X_c,🐺 The 5 Stages to Becoming the Alpha Male Wolf 🐺,manosphere/ideologia,False,36984.0,0
WBKnpyoFEBo,"Jordin Sparks, Chris Brown - No Air (Official Video) ft. Chris Brown",criadores_pt,False,523849334.0,0
rog8ou-ZepE,Vanilla Ice - Ice Ice Baby (Official Music Video),criadores_pt,False,686437089.0,0
G_-1Vuax1KI,Come In Out of The Rain - Sheryn Regis (Music Video),criadores_pt,False,736052.0,-1
RuqvGiZi0qg,Head Shoulders Knees And Toes | Noodle & Pals | Super Simple Songs,criadores_pt,False,141257459.0,2
cCVkNbSYJeE,Jørgen Dahl Moe | Purple Rain (Prince) | LIVE | The Voice Norway,criadores_pt,False,1487565.0,-1
09Kh_q_-9Vw,"Muita CHUVA e VENTO No ACAMPAMENTO Tive que fazer o BARRACO às pressas, LONTRAS, CAPIVARAS, AVES",criadores_pt,False,1754110.0,6
9nm-gpMpahQ,This is What Dating a High Value Man Looks Like… 💅🏻👛,manosphere/ideologia,False,14608.0,-1
D0aZGt4QW90,High Value Man,manosphere/ideologia,True,1848.0,0
4eCL0l9iD5A,Romeo Santos - Hilito (Official Audio),criadores_pt,False,361789038.0,0
o2_64-oB7Ik,How High Value Men Act Around Women | Stoicism,manosphere/ideologia,False,2166.0,-1
1Z0C2DPSFRg,14 Proven Signs You’re a High Value Man,manosphere/ideologia,False,6579.0,0
aqSK7QxtrRU,High Value Man vs Good Man Are They the Same | Charleston White,manosphere/ideologia,False,8518.0,0
CPrbHlTFnwg,How To Be A High-Value Man Women Can't Resist (10 Principles),manosphere/ideologia,False,13632.0,0
Nbs9XK4InWI,Alpha males discuss masculinity Ep. 2,manosphere/ideologia,False,82088.0,0
aGvgK29zn6w,The Alpha Wolf PROPOSES In Minecraft!,manosphere/ideologia,False,33111829.0,-1
iLrC_T_4Dnw,Sheryn Regis - Come in out of the rain ( Star in a Million Grand Finals ),criadores_pt,False,1474748.0,-1
A8PI2rMJqPw,What could go wrong?… #fnaf #springtrap #fivenightsatfreddys #fnaf3 #animatronics,criadores_pt,False,20165478.0,-1
Wnp6qDiwiIo,Conservative men don’t have a monopoly on “manliness.”,manosphere/ideologia,False,1646756.0,3
Mk7er40HkkY,Jesse Lee Peterson Shuts Down this Toxic Black Supremacist 👀🍿,manosphere/ideologia,False,4009.0,3
1-YspghNREA,Toxic Alpha Males are LYING to You! #andrewtate #alphamale #selfimprovement,manosphere/ideologia,False,779.0,0
F5XdOhjx7nQ,FAKE ALPHA MALE,manosphere/ideologia,False,167805.0,0
_tOp58w5bSw,The Truth Behind Alpha Male | Raj Shamani,manosphere/ideologia,False,11663.0,-1
VUxFS5FGABM,Arabian Aroma Showdown: Old Money and Alpha Male💯🔥 Budget Perfume,manosphere/ideologia,False,62336.0,-1
Z4alWT4_01E,"Why Calling a Black Man ""BOY"" Is So Offensive 😳 #Shorts #History #Politics",manosphere/ideologia,False,126742.0,3
YR_MpGBxY8c,Being Black is not hostile act :-),manosphere/ideologia,False,1621985.0,3
I0FX_nKBcnA,Thiago Nigro ( Primo Rico ) fala como ficar milionário em 2 anos #shorts,criadores_pt,False,2407.0,6
63LebYeAk70,"Berlin Buzzwords 2014: Breno Faria, Christoph Goller - High quality, low maintenance content tagging",criadores_pt,False,367.0,0
sg3eja9saVI,Transmissão ao vivo de Breno souza faria,criadores_pt,False,9.0,6
fTa8t3Wjgb4,"Betinho, Breno Faria - O Mau Do Malandro",criadores_pt,False,85.0,6
ynLBU8i_lCU,EPISODE 17: HOW TO BECOME A HIGH VALUE MAN #podcast #zambia #menonly #relationship #value,manosphere/ideologia,False,7214.0,0
RGpcu05Nv7A,If You Want A High Value Man (feat. Vinz Vega),manosphere/ideologia,False,84.0,0
cLQT_4HSzDI,Become a High-Value Man Women Want (Real Dating Advice for Men from a Relationship Coach),manosphere/ideologia,False,1290.0,0
caviTJAI6X0,Jim Rohn Audio 2023 ----How to Become a High Value Man,manosphere/ideologia,False,594.0,-1
jvChgFj_DLU,How to Become a High-Value Man (Most Men Get This Wrong),manosphere/ideologia,False,39.0,-1
zGPoZN9QeGs,7 Traits Of A High Value Man | Self Improvement | #shorts,manosphere/ideologia,False,88.0,-1
aDSQNDYkxGM,BECOME AN UNSTOPPABLE FORCE! - Brutal Laws on Becoming a High-Value Man,manosphere/ideologia,False,96.0,0
Qh6s4ez7Dic,Unlock the Secrets of a High-Value Man! 💪✨,manosphere/ideologia,False,436.0,-1
DwNQEg6yLBM,High-Value Man,manosphere/ideologia,False,100.0,0
E_hxEN0HP3s,Rejection Is a Gift – If You Think Like a High Value Man #shorts | Stoicism Way,manosphere/ideologia,False,297.0,-1
XwHznJCqcI0,"13 SIGNS You’re Becoming a DISCIPLINED, HIGH VALUE MAN | Stoicism",manosphere/ideologia,False,22.0,0
QypzmDfql74,Unlock the Secrets of a High-Value Man! 💪✨,manosphere/ideologia,False,499.0,-1
Kf3j2grxjl0,High Value Man,manosphere/ideologia,False,330.0,-1
bPvcQ0tSPAU,5 habits of a high value man | stoicism,manosphere/ideologia,False,215.0,0
qqAErm-NUw0,How To Become High Value Man - Stop Watching P* - ANDREW TATE,manosphere/ideologia,False,663.0,-1
n4xg_GulNEo,5 signs you're dating a high value man,manosphere/ideologia,False,1572.0,5
dQ6p4wLOPCo,High-Value Man,manosphere/ideologia,False,22.0,0
RO0G-pD6aEg,How to Be a High Value Man in a Relationship,manosphere/ideologia,False,9.0,5
EgCn-SHQrLc,High Value Man | Trailer 2,manosphere/ideologia,False,454.0,-1
dxWUW6jqlMs,The TRAP of the HIGH-VALUE WOMAN and the HIGH-VALUE MAN │ The Paradox,manosphere/ideologia,False,72.0,-1
-Xv8BMjIK5w,Chad “Ochocinco” Johnson is CHEAP & NOT A HIGH VALUE MAN #ochocinco #datingadvice #talkthatshhhpod,manosphere/ideologia,False,168222.0,5
cTEO-qa209c,High Value Man Gives 3 tips men could work on to be better MEN. Men are worthless in 2024,manosphere/ideologia,False,4389.0,0
FdrKXso9QqU,Alex G is alpha male #edit,manosphere/ideologia,False,94.0,0
DQtSplkZv1M,Phasta is pregnant finally😌💓 #thaibl #bl #tiktok #douyin #bldrama,manosphere/ideologia,False,78390.0,-1
G8aJTo2Fa-Q,I’m the alpha here fr #alphamale #hard #sonion,manosphere/ideologia,False,1403.0,0
EEQtjzMrxw4,POV your tinder date is a alpha male #deezy,manosphere/ideologia,False,6881.0,0
wNaThoHjBkk,Alpha Male insano ke liye nahi? Sir ka controversial take! 🐺 #shorts #alphamale,manosphere/ideologia,False,1289.0,-1
PgSjuB2g4Ho,"Neil deGrasse Tyson on the Real Meaning of the ""Alpha Male""",manosphere/ideologia,False,5069.0,0
_RgUMHdqjp8,"High Value, Low Vibe, Alpha Male ..Are Internet Buzzwords Hiding Something Bigger?",manosphere/ideologia,False,51.0,-1
0OX2tMyobMg,#alphamale #alpha #alphawolf #yn,manosphere/ideologia,False,440.0,0
bcv2XJ0vWLk,Will you all PLEASE keep your legs closed? #alphamale #alpha #beta,manosphere/ideologia,False,1244.0,0
pIRf4wCwdQs,Showing a MILF “Alpha Male” Culture 😂 (Reaction),manosphere/ideologia,False,642.0,0
XOtmsQ3yf4A,2000s alpha male flex 💀 #meme #dankememes,manosphere/ideologia,False,23662.0,2
FEJFbhG-BZI,do you like my bag #alphamaletraits #alphamale #alpha,manosphere/ideologia,False,1395.0,0
AawVGBAG184,Do Women Know If You're an Alpha or Beta Male? | One Powerful Hack to Become Alpha + 3 Examples,manosphere/ideologia,False,112736.0,-1
mOXX30TU0Vo,Two Can Play That Game,manosphere/ideologia,False,8931.0,7
oVw65pmRupk,Alpha girl v/s Omega boy,manosphere/ideologia,False,109457.0,0
pY8MlbYL-jk,How to be a MAN…(try not to cringe),manosphere/ideologia,True,784615.0,0
pu33-YhfCUY,Alpha vs Sigma Male – Kaun Hai Real Boss? 🤯🔥🐺,manosphere/ideologia,False,15400.0,-1
jXREEVmzugo,Why Sigma Males Scare Alpha Males,manosphere/ideologia,False,54903.0,-1
qCcCHSxtXHo,I Became an Alpha Male,manosphere/ideologia,False,44807.0,0
cCzlGPU8nis,Alpha Male Does Roblox Gay Test...,manosphere/ideologia,False,11535.0,0
o5Tp3hd93tQ,ALPHA MALES ARE ONLY ATTRACTED TO ONE KIND OF WOMAN #relationship #alphamales #alphamale #shorts,manosphere/ideologia,False,16951.0,-1
JjSDblyDhFo,Alpha male vs women rating herself a 10?,manosphere/ideologia,False,12377.0,0
15kWlTrpt5k,Madonna - Rain (Official Video) [HD],criadores_pt,False,31294046.0,0
QA48wTGbU7A,Head Shoulders Knees & Toes | @CoComelon Nursery Rhymes & Kids Songs,criadores_pt,False,1284871664.0,2
LggwbhKs-mk,The Rise of Racist Content Creators,manosphere/ideologia,False,384863.0,3
jIYlImu2v6g,Most Black Celebrities are SELFISH & NOT Pro-Black,manosphere/ideologia,False,563.0,3
0A9NbOKQpNk,Right Hand of White Supremacy | Swirler Getting Her Husband To Say The N Word #divest #hypergamy,manosphere/ideologia,False,18328.0,3
ePdiCtWdXjo,Driving the Fastest Car in GTA V Through Los Santos and GTA V Relaxing Night Drive - Los Santos ASMR,criadores_pt,False,41.0,0
7XdAGnisDDo,Rain,criadores_pt,False,2004812.0,0
k67Ct3pIknQ,Are You Fit For A High Value Man? ©,manosphere/ideologia,False,140892.0,0
VT8BJuqacoE,Habits of A High Value Man | GAME GOD GOLDIE | EP. 175,manosphere/ideologia,False,25280.0,-1
pl_HVe906jw,What Makes a High Value Man?,manosphere/ideologia,False,21737.0,0
LuMApbbw8SM,Bobby Discovers He Is Not An Alpha,manosphere/ideologia,False,15043877.0,0
vg45QQHmA5E,Playing as a DIREWOLF GODDESS in Minecraft!,manosphere/ideologia,False,10723267.0,-1
CYZYT4_HKfk,HOW TO STOP BEING A NICE GUY | UNLEASHING THE ALPHA,manosphere/ideologia,False,5468857.0,-1
jabmx3QoJGA,Capital Inicial - Primeiros Erros (Chove) (Ao Vivo) (Video),criadores_pt,False,326506751.0,-1
l-FxY25lYzY,Alceu Valença - La Belle de Jour / Girassol (Ao Vivo),criadores_pt,False,368661266.0,-1
YXnjy5YlDwk,Marc Anthony - Vivir Mi Vida (Official Video),criadores_pt,False,1315716613.0,0
vHxmq53ITSk,"Sue Ramirez covers ""Your Love"" (Alamid) LIVE on Wish 107.5 Bus",criadores_pt,False,103925415.0,0
ppWq07zB374,"The Voice Kids Philippines Blind Audition ""Hanggang Ngayon"" by Eufritz",criadores_pt,False,11659199.0,-1
KTSKIGeqk0s,"Morissette covers ""Against All Odds"" (Mariah Carey) on Wish 107.5 Bus",criadores_pt,False,91208935.0,0
rGvm4FvHbIw,Romeo Santos - All Aboard ft. Lil Wayne,criadores_pt,False,33535557.0,0
iIbU8Ug827M,He Built a Black Town… Then Voted to Strip Black Voting Rights,manosphere/ideologia,False,3736.0,3
T0WyXPn6WQc,VA Loan Secret: Lower Your Interest Rate for FREE & No Qualification! (IRRRL Explained),manosphere/ideologia,False,103.0,0
QsgrprmE8DQ,Fav Pokemon,manosphere/ideologia,False,244.0,6
wcjkqvVux-A,Curry game winning shot #shorts #basketball #NBA #sports #nbamoments,manosphere/ideologia,False,2514.0,9
IF9MAa2LBx0,Already got the doctor notes I'll just have them send me a copy,manosphere/ideologia,False,2.0,-1
PujFDX4M6yI,"penguinz0 - ""Alphas"" Compilation",manosphere/ideologia,False,641206.0,0
